timestamp,power
1/1/2025 0:15,-1
1/1/2025 0:30,-1
1/1/2025 0:45,-1
1/1/2025 1:00,-1
1/1/2025 1:15,-1
1/1/2025 1:30,-1
1/1/2025 1:45,-1
1/1/2025 2:00,-1
1/1/2025 2:15,-1
1/1/2025 2:30,-1
1/1/2025 2:45,-1
1/1/2025 3:00,-1
1/1/2025 3:15,-1
1/1/2025 3:30,-1
1/1/2025 3:45,-1
1/1/2025 4:00,-1
1/1/2025 4:15,-1
1/1/2025 4:30,-1
1/1/2025 4:45,-1
1/1/2025 5:00,-1
1/1/2025 5:15,-1
1/1/2025 5:30,-1
1/1/2025 5:45,-1
1/1/2025 6:00,-1
1/1/2025 6:15,-1
1/1/2025 6:30,-1
1/1/2025 6:45,-1
1/1/2025 7:00,-1
1/1/2025 7:15,-1
1/1/2025 7:30,-10
1/1/2025 7:45,-15
1/1/2025 8:00,-41
1/1/2025 8:15,-99
1/1/2025 8:30,-174
1/1/2025 8:45,-215
1/1/2025 9:00,-234
1/1/2025 9:15,-214
1/1/2025 9:30,-283
1/1/2025 9:45,-213
1/1/2025 10:00,-251
1/1/2025 10:15,-460
1/1/2025 10:30,-431
1/1/2025 10:45,-489
1/1/2025 11:00,-590
1/1/2025 11:15,-672
1/1/2025 11:30,-849
1/1/2025 11:45,-847
1/1/2025 12:00,-1277
1/1/2025 12:15,-1124
1/1/2025 12:30,-937
1/1/2025 12:45,-1082
1/1/2025 13:00,-544
1/1/2025 13:15,-1169
1/1/2025 13:30,-1416
1/1/2025 13:45,-1374
1/1/2025 14:00,-1382
1/1/2025 14:15,-1129
1/1/2025 14:30,-384
1/1/2025 14:45,-390
1/1/2025 15:00,-378
1/1/2025 15:15,-525
1/1/2025 15:30,-423
1/1/2025 15:45,-320
1/1/2025 16:00,-389
1/1/2025 16:15,-263
1/1/2025 16:30,-176
1/1/2025 16:45,-73
1/1/2025 17:00,-15
1/1/2025 17:15,-2
1/1/2025 17:30,-2
1/1/2025 17:45,-2
1/1/2025 18:00,-2
1/1/2025 18:15,-1
1/1/2025 18:30,-1
1/1/2025 18:45,-1
1/1/2025 19:00,-1
1/1/2025 19:15,-1
1/1/2025 19:30,-1
1/1/2025 19:45,-1
1/1/2025 20:00,-1
1/1/2025 20:15,-1
1/1/2025 20:30,-1
1/1/2025 20:45,-1
1/1/2025 21:00,-1
1/1/2025 21:15,-1
1/1/2025 21:30,-1
1/1/2025 21:45,-1
1/1/2025 22:00,-1
1/1/2025 22:15,-1
1/1/2025 22:30,-1
1/1/2025 22:45,-1
1/1/2025 23:00,-1
1/1/2025 23:15,-1
1/1/2025 23:30,-1
1/1/2025 23:45,-1
1/2/2025 0:00,-1
1/2/2025 0:15,-1
1/2/2025 0:30,-1
1/2/2025 0:45,-1
1/2/2025 1:00,-1
1/2/2025 1:15,-1
1/2/2025 1:30,-1
1/2/2025 1:45,-1
1/2/2025 2:00,-1
1/2/2025 2:15,-1
1/2/2025 2:30,-1
1/2/2025 2:45,-1
1/2/2025 3:00,-1
1/2/2025 3:15,-1
1/2/2025 3:30,-1
1/2/2025 3:45,-1
1/2/2025 4:00,-1
1/2/2025 4:15,-1
1/2/2025 4:30,-1
1/2/2025 4:45,-1
1/2/2025 5:15,-1
1/2/2025 5:30,-1
1/2/2025 5:45,-1
1/2/2025 6:00,-1
1/2/2025 6:15,-1
1/2/2025 6:30,-1
1/2/2025 6:45,-1
1/2/2025 7:00,-1
1/2/2025 7:15,-1
1/2/2025 7:30,-1
1/2/2025 7:45,-60
1/2/2025 8:00,-168
1/2/2025 8:15,-324
1/2/2025 8:30,-403
1/2/2025 8:45,-723
1/2/2025 9:00,-1038
1/2/2025 9:15,-1141
1/2/2025 9:30,-1386
1/2/2025 9:45,-1476
1/2/2025 10:00,-1408
1/2/2025 10:15,-1349
1/2/2025 10:30,-1303
1/2/2025 10:45,-1314
1/2/2025 11:00,-1348
1/2/2025 11:15,-1374
1/2/2025 11:30,-1240
1/2/2025 11:45,-1290
1/2/2025 12:00,-853
1/2/2025 12:15,-1182
1/2/2025 12:30,-1234
1/2/2025 12:45,-1253
1/2/2025 13:00,-968
1/2/2025 13:15,-1290
1/2/2025 13:30,-1190
1/2/2025 13:45,-1295
1/2/2025 14:00,-1161
1/2/2025 14:15,-1005
1/2/2025 14:30,-978
1/2/2025 14:45,-768
1/2/2025 15:00,-1123
1/2/2025 15:15,-968
1/2/2025 15:30,-778
1/2/2025 15:45,-708
1/2/2025 16:00,-586
1/2/2025 16:15,-366
1/2/2025 16:30,-197
1/2/2025 16:45,-72
1/2/2025 17:00,-15
1/2/2025 17:15,-2
1/2/2025 17:30,-2
1/2/2025 17:45,-2
1/2/2025 18:00,-2
1/2/2025 18:15,-2
1/2/2025 18:30,-1
1/2/2025 18:45,-1
1/2/2025 19:00,-1
1/2/2025 19:15,-1
1/2/2025 19:30,-1
1/2/2025 19:45,-1
1/2/2025 20:00,-1
1/2/2025 20:15,-1
1/2/2025 20:30,-1
1/2/2025 20:45,-1
1/2/2025 21:00,-1
1/2/2025 21:15,-1
1/2/2025 21:30,-1
1/2/2025 21:45,-1
1/2/2025 22:00,-1
1/2/2025 22:15,-1
1/2/2025 22:30,-1
1/2/2025 22:45,-1
1/2/2025 23:00,-1
1/2/2025 23:15,-1
1/2/2025 23:30,-1
1/2/2025 23:45,-1
1/3/2025 0:00,-1
1/3/2025 0:15,-1
1/3/2025 0:30,-1
1/3/2025 0:45,-1
1/3/2025 1:00,-1
1/3/2025 1:15,-1
1/3/2025 1:30,-1
1/3/2025 1:45,-1
1/3/2025 2:00,-1
1/3/2025 2:15,-1
1/3/2025 2:30,-1
1/3/2025 2:45,-1
1/3/2025 3:00,-1
1/3/2025 3:15,-2
1/3/2025 3:30,-1
1/3/2025 3:45,-1
1/3/2025 4:00,-1
1/3/2025 4:15,-1
1/3/2025 4:30,-1
1/3/2025 4:45,-1
1/3/2025 5:00,-1
1/3/2025 5:15,-1
1/3/2025 5:30,-1
1/3/2025 5:45,-1
1/3/2025 6:00,-1
1/3/2025 6:15,-1
1/3/2025 6:30,-2
1/3/2025 6:45,-1
1/3/2025 7:00,-2
1/3/2025 7:15,-1
1/3/2025 7:30,-14
1/3/2025 7:45,-96
1/3/2025 8:00,-284
1/3/2025 8:15,-565
1/3/2025 8:30,-819
1/3/2025 8:45,-1035
1/3/2025 9:00,-1315
1/3/2025 9:15,-1370
1/3/2025 9:30,-1372
1/3/2025 9:45,-1383
1/3/2025 10:00,-1356
1/3/2025 10:15,-1353
1/3/2025 10:30,-1291
1/3/2025 10:45,-1272
1/3/2025 11:00,-925
1/3/2025 11:15,-1041
1/3/2025 11:30,-1123
1/3/2025 11:45,-849
1/3/2025 12:00,-1040
1/3/2025 12:15,-1063
1/3/2025 12:30,-761
1/3/2025 12:45,-721
1/3/2025 13:00,-902
1/3/2025 13:15,-907
1/3/2025 13:30,-479
1/3/2025 13:45,-550
1/3/2025 14:00,-450
1/3/2025 14:15,-413
1/3/2025 14:30,-359
1/3/2025 14:45,-314
1/3/2025 15:00,-244
1/3/2025 15:15,-232
1/3/2025 15:30,-241
1/3/2025 15:45,-189
1/3/2025 16:00,-177
1/3/2025 16:15,-175
1/3/2025 16:30,-97
1/3/2025 16:45,-46
1/3/2025 17:00,-14
1/3/2025 17:15,-2
1/3/2025 17:30,-1
1/3/2025 17:45,-2
1/3/2025 18:00,-2
1/3/2025 18:15,-1
1/3/2025 18:30,-1
1/3/2025 18:45,-1
1/3/2025 19:00,-1
1/3/2025 19:15,-1
1/3/2025 19:30,-1
1/3/2025 19:45,-1
1/3/2025 20:00,-2
1/3/2025 20:15,-1
1/3/2025 20:30,-2
1/3/2025 20:45,-2
1/3/2025 21:00,-2
1/3/2025 21:15,-2
1/3/2025 21:30,-2
1/3/2025 21:45,-2
1/3/2025 22:00,-2
1/3/2025 22:15,-2
1/3/2025 22:30,-1
1/3/2025 22:45,-2
1/3/2025 23:00,-2
1/3/2025 23:15,-2
1/3/2025 23:30,-2
1/3/2025 23:45,-2
1/4/2025 0:00,-2
1/4/2025 0:15,-2
1/4/2025 0:30,-2
1/4/2025 0:45,-2
1/4/2025 1:00,-2
1/4/2025 1:15,-2
1/4/2025 1:30,-2
1/4/2025 1:45,-2
1/4/2025 2:00,-2
1/4/2025 2:15,-2
1/4/2025 2:30,-2
1/4/2025 2:45,-2
1/4/2025 3:00,-2
1/4/2025 3:15,-2
1/4/2025 3:30,-2
1/4/2025 3:45,-2
1/4/2025 4:00,-2
1/4/2025 4:15,-2
1/4/2025 4:30,-2
1/4/2025 4:45,-2
1/4/2025 5:00,-2
1/4/2025 5:15,-2
1/4/2025 5:30,-2
1/4/2025 5:45,-2
1/4/2025 6:00,-2
1/4/2025 6:15,-2
1/4/2025 6:30,-2
1/4/2025 6:45,-2
1/4/2025 7:00,-2
1/4/2025 7:15,-2
1/4/2025 7:30,-2
1/4/2025 7:45,-3
1/4/2025 8:00,-46
1/4/2025 8:15,-59
1/4/2025 8:30,-84
1/4/2025 8:45,-119
1/4/2025 9:00,-161
1/4/2025 9:15,-196
1/4/2025 9:30,-381
1/4/2025 9:45,-536
1/4/2025 10:00,-1585
1/4/2025 10:15,-1562
1/4/2025 10:30,-1337
1/4/2025 10:45,-1377
1/4/2025 11:00,-856
1/4/2025 11:15,-766
1/4/2025 11:30,-1224
1/4/2025 11:45,-1206
1/4/2025 12:00,-1383
1/4/2025 12:15,-1266
1/4/2025 12:30,-1210
1/4/2025 12:45,-1195
1/4/2025 13:00,-1239
1/4/2025 13:15,-1314
1/4/2025 13:30,-1415
1/4/2025 13:45,-1074
1/4/2025 14:00,-917
1/4/2025 14:15,-361
1/4/2025 14:30,-601
1/4/2025 14:45,-263
1/4/2025 15:00,-333
1/4/2025 15:15,-830
1/4/2025 15:30,-1127
1/4/2025 15:45,-424
1/4/2025 16:00,-87
1/4/2025 16:15,-53
1/4/2025 16:30,-32
1/4/2025 16:45,-57
1/4/2025 17:00,-13
1/4/2025 17:15,-2
1/4/2025 17:30,-1
1/4/2025 17:45,-1
1/4/2025 18:00,-1
1/4/2025 18:15,-1
1/4/2025 18:30,-1
1/4/2025 18:45,-1
1/4/2025 19:00,-1
1/4/2025 19:15,-1
1/4/2025 19:30,-1
1/4/2025 19:45,-1
1/4/2025 20:00,-1
1/4/2025 20:15,-1
1/4/2025 20:30,-1
1/4/2025 20:45,-1
1/4/2025 21:00,-1
1/4/2025 21:15,-1
1/4/2025 21:30,-1
1/4/2025 21:45,-1
1/4/2025 22:00,-1
1/4/2025 22:15,-1
1/4/2025 22:30,-1
1/4/2025 22:45,-1
1/4/2025 23:00,-1
1/4/2025 23:15,-1
1/4/2025 23:30,-1
1/4/2025 23:45,-1
1/5/2025 0:00,-1
1/5/2025 0:15,-1
1/5/2025 0:30,-1
1/5/2025 0:45,-1
1/5/2025 1:00,-2
1/5/2025 1:15,-1
1/5/2025 1:30,-1
1/5/2025 1:45,-1
1/5/2025 2:00,-1
1/5/2025 2:15,-1
1/5/2025 2:30,-1
1/5/2025 2:45,-1
1/5/2025 3:00,-1
1/5/2025 3:15,-1
1/5/2025 3:30,-1
1/5/2025 3:45,-1
1/5/2025 4:00,-1
1/5/2025 4:15,-1
1/5/2025 4:30,-1
1/5/2025 4:45,-1
1/5/2025 5:00,-1
1/5/2025 5:15,-1
1/5/2025 5:30,-1
1/5/2025 5:45,-1
1/5/2025 6:00,-1
1/5/2025 6:15,-1
1/5/2025 6:30,-1
1/5/2025 6:45,-1
1/5/2025 7:00,-1
1/5/2025 7:15,-1
1/5/2025 7:30,-13
1/5/2025 7:45,-106
1/5/2025 8:00,-287
1/5/2025 8:15,-559
1/5/2025 8:30,-838
1/5/2025 8:45,-1111
1/5/2025 9:00,-1355
1/5/2025 9:15,-1419
1/5/2025 9:30,-1426
1/5/2025 9:45,-1412
1/5/2025 10:00,-1394
1/5/2025 10:15,-1364
1/5/2025 10:30,-1331
1/5/2025 10:45,-1303
1/5/2025 11:00,-1265
1/5/2025 11:15,-1244
1/5/2025 11:30,-1223
1/5/2025 11:45,-1196
1/5/2025 12:00,-1179
1/5/2025 12:15,-1182
1/5/2025 12:30,-1192
1/5/2025 12:45,-1208
1/5/2025 13:00,-1229
1/5/2025 13:15,-1154
1/5/2025 13:30,-1297
1/5/2025 13:45,-1306
1/5/2025 14:00,-1197
1/5/2025 14:15,-1149
1/5/2025 14:30,-1426
1/5/2025 14:45,-1422
1/5/2025 15:00,-1096
1/5/2025 15:15,-1347
1/5/2025 15:30,-1203
1/5/2025 15:45,-1002
1/5/2025 16:00,-653
1/5/2025 16:15,-380
1/5/2025 16:30,-147
1/5/2025 16:45,-72
1/5/2025 17:00,-15
1/5/2025 17:15,-2
1/5/2025 17:30,-2
1/5/2025 17:45,-2
1/5/2025 18:00,-2
1/5/2025 18:15,-1
1/5/2025 18:30,-1
1/5/2025 18:45,-1
1/5/2025 19:00,-1
1/5/2025 19:15,-1
1/5/2025 19:30,-1
1/5/2025 19:45,-1
1/5/2025 20:00,-1
1/5/2025 20:15,-1
1/5/2025 20:30,-1
1/5/2025 20:45,-1
1/5/2025 21:00,-1
1/5/2025 21:15,-1
1/5/2025 21:30,-1
1/5/2025 21:45,-1
1/5/2025 22:00,-1
1/5/2025 22:15,-1
1/5/2025 22:30,-1
1/5/2025 22:45,-1
1/5/2025 23:00,-1
1/5/2025 23:15,-1
1/5/2025 23:30,-1
1/5/2025 23:45,-1
1/6/2025 0:00,-1
1/6/2025 0:15,-1
1/6/2025 0:30,-1
1/6/2025 0:45,-1
1/6/2025 1:00,-1
1/6/2025 1:15,-1
1/6/2025 1:30,-1
1/6/2025 1:45,-1
1/6/2025 2:00,-1
1/6/2025 2:15,-1
1/6/2025 2:30,-1
1/6/2025 2:45,-1
1/6/2025 3:00,-1
1/6/2025 3:15,-1
1/6/2025 3:30,-1
1/6/2025 3:45,-1
1/6/2025 4:00,-1
1/6/2025 4:15,-1
1/6/2025 4:30,-1
1/6/2025 4:45,-1
1/6/2025 5:00,-1
1/6/2025 5:15,-1
1/6/2025 5:30,-1
1/6/2025 5:45,-1
1/6/2025 6:00,-1
1/6/2025 6:15,-1
1/6/2025 6:30,-1
1/6/2025 6:45,-1
1/6/2025 7:00,-1
1/6/2025 7:15,-1
1/6/2025 7:30,-13
1/6/2025 7:45,-47
1/6/2025 8:00,-115
1/6/2025 8:15,-136
1/6/2025 8:30,-251
1/6/2025 8:45,-769
1/6/2025 9:00,-850
1/6/2025 9:15,-402
1/6/2025 9:30,-302
1/6/2025 9:45,-256
1/6/2025 10:00,-234
1/6/2025 10:15,-277
1/6/2025 10:30,-372
1/6/2025 10:45,-293
1/6/2025 11:00,-351
1/6/2025 11:15,-413
1/6/2025 11:30,-438
1/6/2025 11:45,-507
1/6/2025 12:00,-482
1/6/2025 12:15,-672
1/6/2025 12:30,-1445
1/6/2025 12:45,-1021
1/6/2025 13:00,-938
1/6/2025 13:15,-1102
1/6/2025 13:30,-1425
1/6/2025 13:45,-1105
1/6/2025 14:00,-1108
1/6/2025 14:15,-769
1/6/2025 14:30,-810
1/6/2025 14:45,-1621
1/6/2025 15:00,-759
1/6/2025 15:15,-420
1/6/2025 15:30,-218
1/6/2025 15:45,-156
1/6/2025 16:00,-141
1/6/2025 16:15,-124
1/6/2025 16:30,-90
1/6/2025 16:45,-47
1/6/2025 17:00,-18
1/6/2025 17:15,-2
1/6/2025 17:30,-2
1/6/2025 17:45,-2
1/6/2025 18:00,-2
1/6/2025 18:15,-2
1/6/2025 18:30,-2
1/6/2025 18:45,-1
1/6/2025 19:00,-2
1/6/2025 19:15,-2
1/6/2025 19:30,-1
1/6/2025 19:45,-1
1/6/2025 20:00,-2
1/6/2025 20:15,-1
1/6/2025 20:30,-1
1/6/2025 20:45,-1
1/6/2025 21:00,-1
1/6/2025 21:15,-1
1/6/2025 21:30,-1
1/6/2025 21:45,-1
1/6/2025 22:00,-1
1/6/2025 22:15,-1
1/6/2025 22:30,-1
1/6/2025 22:45,-1
1/6/2025 23:00,-1
1/6/2025 23:15,-1
1/6/2025 23:30,-1
1/6/2025 23:45,-1
1/7/2025 0:00,-1
1/7/2025 0:15,-1
1/7/2025 0:30,-1
1/7/2025 0:45,-1
1/7/2025 1:00,-2
1/7/2025 1:15,-2
1/7/2025 1:30,-1
1/7/2025 1:45,-2
1/7/2025 2:00,-1
1/7/2025 2:15,-2
1/7/2025 2:30,-2
1/7/2025 2:45,-2
1/7/2025 3:00,-2
1/7/2025 3:15,-2
1/7/2025 3:30,-2
1/7/2025 3:45,-2
1/7/2025 4:00,-2
1/7/2025 4:15,-2
1/7/2025 4:30,-2
1/7/2025 4:45,-1
1/7/2025 5:00,-1
1/7/2025 5:15,-1
1/7/2025 5:30,-1
1/7/2025 5:45,-1
1/7/2025 6:00,-1
1/7/2025 6:15,-1
1/7/2025 6:30,-1
1/7/2025 6:45,-1
1/7/2025 7:00,-1
1/7/2025 7:15,-2
1/7/2025 7:30,-2
1/7/2025 7:45,-18
1/7/2025 8:00,-71
1/7/2025 8:15,-161
1/7/2025 8:30,-383
1/7/2025 8:45,-547
1/7/2025 9:00,-181
1/7/2025 9:15,-177
1/7/2025 9:30,-461
1/7/2025 9:45,-774
1/7/2025 10:00,-656
1/7/2025 10:15,-594
1/7/2025 10:30,-690
1/7/2025 10:45,-679
1/7/2025 11:00,-833
1/7/2025 11:15,-787
1/7/2025 11:30,-792
1/7/2025 11:45,-641
1/7/2025 12:00,-473
1/7/2025 12:15,-481
1/7/2025 12:30,-521
1/7/2025 12:45,-543
1/7/2025 13:00,-823
1/7/2025 13:15,-718
1/7/2025 13:30,-590
1/7/2025 13:45,-551
1/7/2025 14:00,-417
1/7/2025 14:15,-452
1/7/2025 14:30,-338
1/7/2025 14:45,-288
1/7/2025 15:00,-285
1/7/2025 15:15,-251
1/7/2025 15:30,-190
1/7/2025 15:45,-173
1/7/2025 16:00,-133
1/7/2025 16:15,-97
1/7/2025 16:30,-61
1/7/2025 16:45,-59
1/7/2025 17:00,-19
1/7/2025 17:15,-2
1/7/2025 17:30,-2
1/7/2025 17:45,-2
1/7/2025 18:00,-2
1/7/2025 18:15,-2
1/7/2025 18:30,-2
1/7/2025 18:45,-2
1/7/2025 19:00,-2
1/7/2025 19:15,-2
1/7/2025 19:30,-2
1/7/2025 19:45,-1
1/7/2025 20:00,-2
1/7/2025 20:15,-2
1/7/2025 20:30,-2
1/7/2025 20:45,-2
1/7/2025 21:00,-2
1/7/2025 21:15,-2
1/7/2025 21:30,-2
1/7/2025 21:45,-2
1/7/2025 22:00,-2
1/7/2025 22:15,-2
1/7/2025 22:30,-2
1/7/2025 22:45,-2
1/7/2025 23:00,-2
1/7/2025 23:15,-1
1/7/2025 23:30,-2
1/7/2025 23:45,-2
1/8/2025 0:00,-2
1/8/2025 0:15,-1
1/8/2025 0:30,-1
1/8/2025 0:45,-1
1/8/2025 1:00,-1
1/8/2025 1:15,-1
1/8/2025 1:30,-1
1/8/2025 1:45,-1
1/8/2025 2:00,-1
1/8/2025 2:15,-1
1/8/2025 2:30,-1
1/8/2025 2:45,-1
1/8/2025 3:00,-1
1/8/2025 3:15,-1
1/8/2025 3:30,-1
1/8/2025 3:45,-1
1/8/2025 4:00,-1
1/8/2025 4:15,-1
1/8/2025 4:30,-1
1/8/2025 4:45,-1
1/8/2025 5:00,-1
1/8/2025 5:15,-1
1/8/2025 5:30,-1
1/8/2025 5:45,-1
1/8/2025 6:00,-1
1/8/2025 6:15,-1
1/8/2025 6:30,-1
1/8/2025 6:45,-1
1/8/2025 7:00,-1
1/8/2025 7:15,-1
1/8/2025 7:30,-2
1/8/2025 7:45,-93
1/8/2025 8:00,-264
1/8/2025 8:15,-508
1/8/2025 8:30,-793
1/8/2025 8:45,-1077
1/8/2025 9:00,-1315
1/8/2025 9:15,-1400
1/8/2025 9:30,-1415
1/8/2025 9:45,-1416
1/8/2025 10:00,-1409
1/8/2025 10:15,-1381
1/8/2025 10:30,-1345
1/8/2025 10:45,-1312
1/8/2025 11:00,-1287
1/8/2025 11:15,-1262
1/8/2025 11:30,-1238
1/8/2025 11:45,-1217
1/8/2025 12:00,-1201
1/8/2025 12:15,-1203
1/8/2025 12:30,-1199
1/8/2025 12:45,-1212
1/8/2025 13:00,-1234
1/8/2025 13:15,-1260
1/8/2025 13:30,-1286
1/8/2025 13:45,-1311
1/8/2025 14:00,-1337
1/8/2025 14:15,-1368
1/8/2025 14:30,-1396
1/8/2025 14:45,-1411
1/8/2025 15:00,-1421
1/8/2025 15:15,-1399
1/8/2025 15:30,-1346
1/8/2025 15:45,-1060
1/8/2025 16:00,-763
1/8/2025 16:15,-435
1/8/2025 16:30,-260
1/8/2025 16:45,-102
1/8/2025 17:00,-34
1/8/2025 17:15,-3
1/8/2025 17:30,-2
1/8/2025 17:45,-2
1/8/2025 18:00,-2
1/8/2025 18:15,-1
1/8/2025 18:30,-1
1/8/2025 18:45,-1
1/8/2025 19:00,-1
1/8/2025 19:15,-1
1/8/2025 19:30,-1
1/8/2025 19:45,-1
1/8/2025 20:00,-1
1/8/2025 20:15,-1
1/8/2025 20:30,-1
1/8/2025 20:45,-1
1/8/2025 21:00,-1
1/8/2025 21:15,-1
1/8/2025 21:30,-1
1/8/2025 21:45,-1
1/8/2025 22:00,-1
1/8/2025 22:15,-1
1/8/2025 22:30,-1
1/8/2025 22:45,-1
1/8/2025 23:00,-1
1/8/2025 23:15,-1
1/8/2025 23:30,-1
1/8/2025 23:45,-1
1/9/2025 0:00,-1
1/9/2025 0:15,-1
1/9/2025 0:30,-1
1/9/2025 0:45,-1
1/9/2025 1:00,-1
1/9/2025 1:15,-1
1/9/2025 1:30,-1
1/9/2025 1:45,-1
1/9/2025 2:00,-1
1/9/2025 2:15,-1
1/9/2025 2:30,-1
1/9/2025 2:45,-1
1/9/2025 3:00,-1
1/9/2025 3:15,-1
1/9/2025 3:30,-1
1/9/2025 3:45,-1
1/9/2025 4:00,-1
1/9/2025 4:15,-1
1/9/2025 4:30,-1
1/9/2025 4:45,-1
1/9/2025 5:00,-1
1/9/2025 5:15,-1
1/9/2025 5:30,-1
1/9/2025 5:45,-1
1/9/2025 6:00,-1
1/9/2025 6:15,-1
1/9/2025 6:30,-1
1/9/2025 6:45,-1
1/9/2025 7:00,-1
1/9/2025 7:15,-2
1/9/2025 7:30,-1
1/9/2025 7:45,-58
1/9/2025 8:00,-128
1/9/2025 8:15,-177
1/9/2025 8:30,-244
1/9/2025 8:45,-287
1/9/2025 9:00,-284
1/9/2025 9:15,-281
1/9/2025 9:30,-336
1/9/2025 9:45,-502
1/9/2025 10:00,-547
1/9/2025 10:15,-602
1/9/2025 10:30,-742
1/9/2025 10:45,-938
1/9/2025 11:00,-950
1/9/2025 11:15,-947
1/9/2025 11:30,-567
1/9/2025 11:45,-696
1/9/2025 12:00,-1024
1/9/2025 12:15,-765
1/9/2025 12:30,-765
1/9/2025 12:45,-616
1/9/2025 13:00,-695
1/9/2025 13:15,-688
1/9/2025 13:30,-683
1/9/2025 13:45,-707
1/9/2025 14:00,-489
1/9/2025 14:15,-416
1/9/2025 14:30,-405
1/9/2025 14:45,-646
1/9/2025 15:00,-770
1/9/2025 15:15,-699
1/9/2025 15:30,-446
1/9/2025 15:45,-380
1/9/2025 16:00,-268
1/9/2025 16:15,-117
1/9/2025 16:30,-70
1/9/2025 16:45,-24
1/9/2025 17:00,-36
1/9/2025 17:15,-8
1/9/2025 17:30,-2
1/9/2025 17:45,-2
1/9/2025 18:00,-2
1/9/2025 18:15,-2
1/9/2025 18:30,-1
1/9/2025 18:45,-1
1/9/2025 19:00,-1
1/9/2025 19:15,-1
1/9/2025 19:30,-1
1/9/2025 19:45,-1
1/9/2025 20:00,-1
1/9/2025 20:15,-1
1/9/2025 20:30,-1
1/9/2025 20:45,-1
1/9/2025 21:00,-1
1/9/2025 21:15,-1
1/9/2025 21:30,-1
1/9/2025 21:45,-1
1/9/2025 22:00,-1
1/9/2025 22:15,-1
1/9/2025 22:30,-1
1/9/2025 22:45,-1
1/9/2025 23:00,-1
1/9/2025 23:15,-1
1/9/2025 23:30,-1
1/9/2025 23:45,-1
1/10/2025 0:00,-1
1/10/2025 0:15,-1
1/10/2025 0:30,-1
1/10/2025 0:45,-1
1/10/2025 1:00,-1
1/10/2025 1:15,-1
1/10/2025 1:30,-1
1/10/2025 1:45,-1
1/10/2025 2:00,-1
1/10/2025 2:15,-1
1/10/2025 2:30,-1
1/10/2025 2:45,-1
1/10/2025 3:00,-1
1/10/2025 3:15,-1
1/10/2025 3:30,-1
1/10/2025 3:45,-1
1/10/2025 4:00,-1
1/10/2025 4:15,-1
1/10/2025 4:30,-1
1/10/2025 4:45,-1
1/10/2025 5:00,-1
1/10/2025 5:15,-1
1/10/2025 5:30,-1
1/10/2025 5:45,-1
1/10/2025 6:00,-1
1/10/2025 6:15,-1
1/10/2025 6:30,-1
1/10/2025 6:45,-1
1/10/2025 7:00,-1
1/10/2025 7:15,-1
1/10/2025 7:30,-12
1/10/2025 7:45,-92
1/10/2025 8:00,-281
1/10/2025 8:15,-560
1/10/2025 8:30,-849
1/10/2025 8:45,-1121
1/10/2025 9:00,-1380
1/10/2025 9:15,-1475
1/10/2025 9:30,-1488
1/10/2025 9:45,-1473
1/10/2025 10:00,-1451
1/10/2025 10:15,-1422
1/10/2025 10:30,-1390
1/10/2025 10:45,-1352
1/10/2025 11:00,-1316
1/10/2025 11:15,-1291
1/10/2025 11:30,-1262
1/10/2025 11:45,-1243
1/10/2025 12:00,-1232
1/10/2025 12:15,-1225
1/10/2025 12:30,-1229
1/10/2025 12:45,-1231
1/10/2025 13:00,-1256
1/10/2025 13:15,-1277
1/10/2025 13:30,-1305
1/10/2025 13:45,-1329
1/10/2025 14:00,-1363
1/10/2025 14:15,-1390
1/10/2025 14:30,-1421
1/10/2025 14:45,-1448
1/10/2025 15:00,-1455
1/10/2025 15:15,-1444
1/10/2025 15:30,-1391
1/10/2025 15:45,-1174
1/10/2025 16:00,-764
1/10/2025 16:15,-481
1/10/2025 16:30,-283
1/10/2025 16:45,-128
1/10/2025 17:00,-32
1/10/2025 17:15,-6
1/10/2025 17:30,-2
1/10/2025 17:45,-2
1/10/2025 18:00,-1
1/10/2025 18:15,-2
1/10/2025 18:30,-1
1/10/2025 18:45,-1
1/10/2025 19:00,-1
1/10/2025 19:15,-1
1/10/2025 19:30,-1
1/10/2025 19:45,-1
1/10/2025 20:00,-1
1/10/2025 20:15,-1
1/10/2025 20:30,-1
1/10/2025 20:45,-1
1/10/2025 21:00,-1
1/10/2025 21:15,-1
1/10/2025 21:30,-1
1/10/2025 21:45,-1
1/10/2025 22:00,-1
1/10/2025 22:15,-1
1/10/2025 22:30,-1
1/10/2025 22:45,-1
1/10/2025 23:00,-1
1/10/2025 23:15,-1
1/10/2025 23:30,-1
1/10/2025 23:45,-1
1/11/2025 0:00,-1
1/11/2025 0:15,-1
1/11/2025 0:30,-1
1/11/2025 0:45,-1
1/11/2025 1:00,-1
1/11/2025 1:15,-1
1/11/2025 1:30,-1
1/11/2025 1:45,-1
1/11/2025 2:00,-1
1/11/2025 2:15,-1
1/11/2025 2:30,-1
1/11/2025 2:45,-1
1/11/2025 3:00,-1
1/11/2025 3:15,-1
1/11/2025 3:30,-1
1/11/2025 3:45,-1
1/11/2025 4:00,-1
1/11/2025 4:15,-1
1/11/2025 4:30,-1
1/11/2025 4:45,-1
1/11/2025 5:00,-2
1/11/2025 5:15,-1
1/11/2025 5:30,-1
1/11/2025 5:45,-1
1/11/2025 6:00,-1
1/11/2025 6:15,-2
1/11/2025 6:30,-2
1/11/2025 6:45,-1
1/11/2025 7:00,-1
1/11/2025 7:15,-1
1/11/2025 7:30,-8
1/11/2025 7:45,-47
1/11/2025 8:00,-316
1/11/2025 8:15,-209
1/11/2025 8:30,-399
1/11/2025 8:45,-712
1/11/2025 9:00,-1374
1/11/2025 9:15,-1409
1/11/2025 9:30,-1496
1/11/2025 9:45,-1455
1/11/2025 10:00,-1382
1/11/2025 10:15,-1403
1/11/2025 10:30,-1275
1/11/2025 10:45,-1377
1/11/2025 11:00,-1440
1/11/2025 11:15,-1231
1/11/2025 11:30,-1402
1/11/2025 11:45,-1271
1/11/2025 12:00,-1238
1/11/2025 12:15,-1476
1/11/2025 12:30,-909
1/11/2025 12:45,-1352
1/11/2025 13:00,-1411
1/11/2025 13:15,-1308
1/11/2025 13:30,-1334
1/11/2025 13:45,-1372
1/11/2025 14:00,-1410
1/11/2025 14:15,-1434
1/11/2025 14:30,-1462
1/11/2025 14:45,-1490
1/11/2025 15:00,-1525
1/11/2025 15:15,-1495
1/11/2025 15:30,-1454
1/11/2025 15:45,-1231
1/11/2025 16:00,-823
1/11/2025 16:15,-518
1/11/2025 16:30,-295
1/11/2025 16:45,-140
1/11/2025 17:00,-37
1/11/2025 17:15,-7
1/11/2025 17:30,-1
1/11/2025 17:45,-2
1/11/2025 18:00,-2
1/11/2025 18:15,-1
1/11/2025 18:30,-1
1/11/2025 18:45,-1
1/11/2025 19:00,-1
1/11/2025 19:15,-1
1/11/2025 19:30,-1
1/11/2025 19:45,-1
1/11/2025 20:00,-1
1/11/2025 20:15,-1
1/11/2025 20:30,-1
1/11/2025 20:45,-1
1/11/2025 21:00,-1
1/11/2025 21:15,-1
1/11/2025 21:30,-1
1/11/2025 21:45,-1
1/11/2025 22:00,-1
1/11/2025 22:15,-1
1/11/2025 22:30,-1
1/11/2025 22:45,-1
1/11/2025 23:00,-1
1/11/2025 23:15,-1
1/11/2025 23:30,-1
1/11/2025 23:45,-1
1/12/2025 0:00,-1
1/12/2025 0:15,-1
1/12/2025 0:30,-1
1/12/2025 0:45,-1
1/12/2025 1:00,-1
1/12/2025 1:15,-1
1/12/2025 1:30,-1
1/12/2025 1:45,-1
1/12/2025 2:00,-1
1/12/2025 2:15,-1
1/12/2025 2:30,-1
1/12/2025 2:45,-1
1/12/2025 3:00,-1
1/12/2025 3:15,-1
1/12/2025 3:30,-1
1/12/2025 3:45,-1
1/12/2025 4:00,-1
1/12/2025 4:15,-1
1/12/2025 4:30,-1
1/12/2025 4:45,-1
1/12/2025 5:00,-1
1/12/2025 5:15,-1
1/12/2025 5:30,-1
1/12/2025 5:45,-1
1/12/2025 6:00,-1
1/12/2025 6:15,-1
1/12/2025 6:30,-1
1/12/2025 6:45,-1
1/12/2025 7:00,-1
1/12/2025 7:15,-1
1/12/2025 7:30,-15
1/12/2025 7:45,-89
1/12/2025 8:00,-271
1/12/2025 8:15,-578
1/12/2025 8:30,-881
1/12/2025 8:45,-1130
1/12/2025 9:00,-1390
1/12/2025 9:15,-1472
1/12/2025 9:30,-1496
1/12/2025 9:45,-1491
1/12/2025 10:00,-1462
1/12/2025 10:15,-1428
1/12/2025 10:30,-1393
1/12/2025 10:45,-1363
1/12/2025 11:00,-1366
1/12/2025 11:15,-1121
1/12/2025 11:30,-1448
1/12/2025 11:45,-1116
1/12/2025 12:00,-559
1/12/2025 12:15,-487
1/12/2025 12:30,-669
1/12/2025 12:45,-1523
1/12/2025 13:00,-1121
1/12/2025 13:15,-568
1/12/2025 13:30,-593
1/12/2025 13:45,-549
1/12/2025 14:00,-834
1/12/2025 14:15,-1164
1/12/2025 14:30,-313
1/12/2025 14:45,-547
1/12/2025 15:00,-645
1/12/2025 15:15,-1302
1/12/2025 15:30,-1440
1/12/2025 15:45,-1178
1/12/2025 16:00,-161
1/12/2025 16:15,-66
1/12/2025 16:30,-52
1/12/2025 16:45,-44
1/12/2025 17:00,-32
1/12/2025 17:15,-13
1/12/2025 17:30,-2
1/12/2025 17:45,-2
1/12/2025 18:00,-2
1/12/2025 18:15,-1
1/12/2025 18:30,-1
1/12/2025 18:45,-1
1/12/2025 19:00,-1
1/12/2025 19:15,-1
1/12/2025 19:30,-1
1/12/2025 19:45,-1
1/12/2025 20:00,-1
1/12/2025 20:15,-1
1/12/2025 20:30,-1
1/12/2025 20:45,-1
1/12/2025 21:00,-1
1/12/2025 21:15,-1
1/12/2025 21:30,-1
1/12/2025 21:45,-1
1/12/2025 22:00,-1
1/12/2025 22:15,-1
1/12/2025 22:30,-1
1/12/2025 22:45,-1
1/12/2025 23:00,-1
1/12/2025 23:15,-1
1/12/2025 23:30,-1
1/12/2025 23:45,-1
1/13/2025 0:00,-1
1/13/2025 0:15,-1
1/13/2025 0:30,-1
1/13/2025 0:45,-1
1/13/2025 1:00,-1
1/13/2025 1:15,-1
1/13/2025 1:30,-1
1/13/2025 1:45,-1
1/13/2025 2:00,-1
1/13/2025 2:15,-1
1/13/2025 2:30,-1
1/13/2025 2:45,-1
1/13/2025 3:00,-1
1/13/2025 3:15,-1
1/13/2025 3:30,-1
1/13/2025 3:45,-1
1/13/2025 4:00,-1
1/13/2025 4:15,-1
1/13/2025 4:30,-1
1/13/2025 4:45,-1
1/13/2025 5:00,-1
1/13/2025 5:15,-1
1/13/2025 5:30,-2
1/13/2025 5:45,-2
1/13/2025 6:00,-1
1/13/2025 6:15,-1
1/13/2025 6:30,-1
1/13/2025 6:45,-1
1/13/2025 7:00,-1
1/13/2025 7:15,-2
1/13/2025 7:30,-1
1/13/2025 7:45,-1
1/13/2025 8:00,-38
1/13/2025 8:15,-18
1/13/2025 8:30,-15
1/13/2025 8:45,-25
1/13/2025 9:00,-94
1/13/2025 9:15,-170
1/13/2025 9:30,-110
1/13/2025 9:45,-109
1/13/2025 10:00,-144
1/13/2025 10:15,-154
1/13/2025 10:30,-271
1/13/2025 10:45,-534
1/13/2025 11:00,-453
1/13/2025 11:15,-1234
1/13/2025 11:30,-813
1/13/2025 11:45,-542
1/13/2025 12:00,-870
1/13/2025 12:15,-1673
1/13/2025 12:30,-920
1/13/2025 12:45,-1211
1/13/2025 13:00,-1448
1/13/2025 13:15,-1408
1/13/2025 13:30,-1221
1/13/2025 13:45,-922
1/13/2025 14:00,-1419
1/13/2025 14:15,-1446
1/13/2025 14:30,-1460
1/13/2025 14:45,-1483
1/13/2025 15:00,-1343
1/13/2025 15:15,-1227
1/13/2025 15:30,-1496
1/13/2025 15:45,-1204
1/13/2025 16:00,-1019
1/13/2025 16:15,-819
1/13/2025 16:30,-356
1/13/2025 16:45,-158
1/13/2025 17:00,-48
1/13/2025 17:15,-12
1/13/2025 17:30,-2
1/13/2025 17:45,-2
1/13/2025 18:00,-2
1/13/2025 18:15,-1
1/13/2025 18:30,-1
1/13/2025 18:45,-1
1/13/2025 19:00,-1
1/13/2025 19:15,-1
1/13/2025 19:30,-1
1/13/2025 19:45,-1
1/13/2025 20:00,-1
1/13/2025 20:15,-1
1/13/2025 20:30,-1
1/13/2025 20:45,-1
1/13/2025 21:00,-1
1/13/2025 21:15,-1
1/13/2025 21:30,-1
1/13/2025 21:45,-1
1/13/2025 22:00,-1
1/13/2025 22:15,-1
1/13/2025 22:30,-1
1/13/2025 22:45,-1
1/13/2025 23:00,-1
1/13/2025 23:15,-1
1/13/2025 23:30,-1
1/13/2025 23:45,-1
1/14/2025 0:00,-1
1/14/2025 0:15,-1
1/14/2025 0:30,-1
1/14/2025 0:45,-1
1/14/2025 1:00,-1
1/14/2025 1:15,-1
1/14/2025 1:30,-1
1/14/2025 1:45,-1
1/14/2025 2:00,-1
1/14/2025 2:15,-1
1/14/2025 2:30,-1
1/14/2025 2:45,-1
1/14/2025 3:00,-1
1/14/2025 3:15,-1
1/14/2025 3:30,-1
1/14/2025 3:45,-1
1/14/2025 4:00,-1
1/14/2025 4:15,-1
1/14/2025 4:30,-1
1/14/2025 4:45,-1
1/14/2025 5:00,-1
1/14/2025 5:15,-1
1/14/2025 5:30,-1
1/14/2025 5:45,-1
1/14/2025 6:00,-1
1/14/2025 6:15,-1
1/14/2025 6:30,-1
1/14/2025 6:45,-1
1/14/2025 7:00,-1
1/14/2025 7:15,0
1/14/2025 7:30,-16
1/14/2025 7:45,-102
1/14/2025 8:00,-268
1/14/2025 8:15,-579
1/14/2025 8:30,-875
1/14/2025 8:45,-1136
1/14/2025 9:00,-1424
1/14/2025 9:15,-1498
1/14/2025 9:30,-1514
1/14/2025 9:45,-1511
1/14/2025 10:00,-1494
1/14/2025 10:15,-1472
1/14/2025 10:30,-1509
1/14/2025 10:45,-1436
1/14/2025 11:00,-1379
1/14/2025 11:15,-1349
1/14/2025 11:30,-1325
1/14/2025 11:45,-1304
1/14/2025 12:00,-1306
1/14/2025 12:15,-912
1/14/2025 12:30,-1534
1/14/2025 12:45,-1407
1/14/2025 13:00,-1268
1/14/2025 13:15,-1315
1/14/2025 13:30,-1336
1/14/2025 13:45,-1366
1/14/2025 14:00,-1392
1/14/2025 14:15,-1424
1/14/2025 14:30,-1451
1/14/2025 14:45,-1471
1/14/2025 15:00,-1479
1/14/2025 15:15,-1469
1/14/2025 15:30,-1437
1/14/2025 15:45,-1247
1/14/2025 16:00,-911
1/14/2025 16:15,-580
1/14/2025 16:30,-333
1/14/2025 16:45,-167
1/14/2025 17:00,-51
1/14/2025 17:15,-14
1/14/2025 17:30,-2
1/14/2025 17:45,-2
1/14/2025 18:00,-1
1/14/2025 18:15,-1
1/14/2025 18:30,-1
1/14/2025 18:45,-1
1/14/2025 19:00,-1
1/14/2025 19:15,-1
1/14/2025 19:30,-1
1/14/2025 19:45,-1
1/14/2025 20:00,-1
1/14/2025 20:15,-1
1/14/2025 20:30,-1
1/14/2025 20:45,-1
1/14/2025 21:00,-1
1/14/2025 21:15,-1
1/14/2025 21:30,-1
1/14/2025 21:45,-1
1/14/2025 22:00,-1
1/14/2025 22:15,-1
1/14/2025 22:30,-1
1/14/2025 22:45,-1
1/14/2025 23:00,-1
1/14/2025 23:15,-1
1/14/2025 23:30,-1
1/14/2025 23:45,-1
1/15/2025 0:00,-1
1/15/2025 0:15,-1
1/15/2025 0:30,-1
1/15/2025 0:45,-1
1/15/2025 1:00,-1
1/15/2025 1:15,-1
1/15/2025 1:30,-1
1/15/2025 1:45,-1
1/15/2025 2:00,-1
1/15/2025 2:15,-1
1/15/2025 2:30,-1
1/15/2025 2:45,-1
1/15/2025 3:00,-1
1/15/2025 3:15,-1
1/15/2025 3:30,-1
1/15/2025 3:45,-1
1/15/2025 4:00,-1
1/15/2025 4:15,-1
1/15/2025 4:30,-1
1/15/2025 4:45,-1
1/15/2025 5:15,-1
1/15/2025 5:30,-1
1/15/2025 5:45,-1
1/15/2025 6:00,-1
1/15/2025 6:15,-1
1/15/2025 6:30,-1
1/15/2025 6:45,-1
1/15/2025 7:00,-1
1/15/2025 7:15,-3
1/15/2025 7:30,-17
1/15/2025 7:45,-116
1/15/2025 8:00,-303
1/15/2025 8:15,-592
1/15/2025 8:30,-867
1/15/2025 8:45,-1208
1/15/2025 9:00,-1439
1/15/2025 9:15,-1517
1/15/2025 9:30,-1524
1/15/2025 9:45,-1520
1/15/2025 10:00,-1502
1/15/2025 10:15,-1474
1/15/2025 10:30,-1440
1/15/2025 10:45,-1410
1/15/2025 11:00,-1373
1/15/2025 11:15,-1345
1/15/2025 11:30,-1320
1/15/2025 11:45,-1297
1/15/2025 12:00,-1271
1/15/2025 12:15,-1264
1/15/2025 12:30,-1267
1/15/2025 12:45,-1286
1/15/2025 13:00,-1305
1/15/2025 13:15,-1319
1/15/2025 13:30,-1347
1/15/2025 13:45,-1373
1/15/2025 14:00,-1406
1/15/2025 14:15,-1435
1/15/2025 14:30,-1457
1/15/2025 14:45,-1475
1/15/2025 15:00,-1477
1/15/2025 15:15,-1458
1/15/2025 15:30,-1422
1/15/2025 15:45,-1256
1/15/2025 16:00,-884
1/15/2025 16:15,-583
1/15/2025 16:30,-330
1/15/2025 16:45,-172
1/15/2025 17:00,-59
1/15/2025 17:15,-14
1/15/2025 17:30,-2
1/15/2025 17:45,-2
1/15/2025 18:00,-2
1/15/2025 18:15,-1
1/15/2025 18:30,-2
1/15/2025 18:45,-1
1/15/2025 19:00,-1
1/15/2025 19:15,-1
1/15/2025 19:30,-1
1/15/2025 19:45,-1
1/15/2025 20:00,-1
1/15/2025 20:15,-1
1/15/2025 20:30,-1
1/15/2025 20:45,-1
1/15/2025 21:00,-1
1/15/2025 21:15,-1
1/15/2025 21:30,-1
1/15/2025 21:45,-1
1/15/2025 22:00,-1
1/15/2025 22:15,-1
1/15/2025 22:30,-1
1/15/2025 22:45,-1
1/15/2025 23:00,-1
1/15/2025 23:15,-1
1/15/2025 23:30,-1
1/15/2025 23:45,-1
1/16/2025 0:00,-1
1/16/2025 0:15,-1
1/16/2025 0:30,-1
1/16/2025 0:45,-1
1/16/2025 1:00,-1
1/16/2025 1:15,-1
1/16/2025 1:30,-1
1/16/2025 1:45,-1
1/16/2025 2:00,-1
1/16/2025 2:15,-1
1/16/2025 2:30,-1
1/16/2025 2:45,-1
1/16/2025 3:00,-1
1/16/2025 3:15,-1
1/16/2025 3:30,-1
1/16/2025 3:45,-1
1/16/2025 4:00,-1
1/16/2025 4:15,-1
1/16/2025 4:30,-1
1/16/2025 4:45,-1
1/16/2025 5:00,-1
1/16/2025 5:15,-1
1/16/2025 5:30,-1
1/16/2025 5:45,-1
1/16/2025 6:00,-1
1/16/2025 6:15,-1
1/16/2025 6:30,-1
1/16/2025 6:45,-1
1/16/2025 7:00,-1
1/16/2025 7:15,-1
1/16/2025 7:30,-13
1/16/2025 7:45,-113
1/16/2025 8:00,-340
1/16/2025 8:15,-625
1/16/2025 8:30,-905
1/16/2025 8:45,-1192
1/16/2025 9:00,-1451
1/16/2025 9:15,-1508
1/16/2025 9:30,-1520
1/16/2025 9:45,-1510
1/16/2025 10:00,-1501
1/16/2025 10:15,-1465
1/16/2025 10:30,-1426
1/16/2025 10:45,-1396
1/16/2025 11:00,-1361
1/16/2025 11:15,-1330
1/16/2025 11:30,-1307
1/16/2025 11:45,-1286
1/16/2025 12:00,-1267
1/16/2025 12:15,-1252
1/16/2025 12:30,-1252
1/16/2025 12:45,-1262
1/16/2025 13:00,-1277
1/16/2025 13:15,-1300
1/16/2025 13:30,-1319
1/16/2025 13:45,-1350
1/16/2025 14:00,-1380
1/16/2025 14:15,-1405
1/16/2025 14:30,-1435
1/16/2025 14:45,-1459
1/16/2025 15:00,-1471
1/16/2025 15:15,-1459
1/16/2025 15:30,-1431
1/16/2025 15:45,-1270
1/16/2025 16:00,-918
1/16/2025 16:15,-577
1/16/2025 16:30,-363
1/16/2025 16:45,-185
1/16/2025 17:00,-63
1/16/2025 17:15,-14
1/16/2025 17:30,-2
1/16/2025 17:45,-2
1/16/2025 18:00,-2
1/16/2025 18:15,-2
1/16/2025 18:30,-2
1/16/2025 18:45,-1
1/16/2025 19:00,-1
1/16/2025 19:15,-1
1/16/2025 19:30,-1
1/16/2025 19:45,-1
1/16/2025 20:00,-1
1/16/2025 20:15,-1
1/16/2025 20:30,-1
1/16/2025 20:45,-1
1/16/2025 21:00,-1
1/16/2025 21:15,-1
1/16/2025 21:30,-1
1/16/2025 21:45,-1
1/16/2025 22:00,-1
1/16/2025 22:15,-1
1/16/2025 22:30,-1
1/16/2025 22:45,-1
1/16/2025 23:00,-1
1/16/2025 23:15,-1
1/16/2025 23:30,-1
1/16/2025 23:45,-1
1/17/2025 0:00,-1
1/17/2025 0:15,-1
1/17/2025 0:30,-1
1/17/2025 0:45,-1
1/17/2025 1:00,-1
1/17/2025 1:15,-1
1/17/2025 1:30,-1
1/17/2025 1:45,-1
1/17/2025 2:00,-1
1/17/2025 2:15,-1
1/17/2025 2:30,-1
1/17/2025 2:45,-1
1/17/2025 3:00,-1
1/17/2025 3:15,-1
1/17/2025 3:30,-1
1/17/2025 3:45,-1
1/17/2025 4:00,-1
1/17/2025 4:15,-1
1/17/2025 4:30,-1
1/17/2025 4:45,-1
1/17/2025 5:00,-1
1/17/2025 5:15,-1
1/17/2025 5:30,-1
1/17/2025 5:45,-1
1/17/2025 6:00,-1
1/17/2025 6:15,-1
1/17/2025 6:30,-1
1/17/2025 6:45,-1
1/17/2025 7:00,-1
1/17/2025 7:15,-1
1/17/2025 7:30,-17
1/17/2025 7:45,-105
1/17/2025 8:00,-333
1/17/2025 8:15,-616
1/17/2025 8:30,-915
1/17/2025 8:45,-1198
1/17/2025 9:00,-1437
1/17/2025 9:15,-1501
1/17/2025 9:30,-1516
1/17/2025 9:45,-1527
1/17/2025 10:00,-1513
1/17/2025 10:15,-1481
1/17/2025 10:30,-1439
1/17/2025 10:45,-1397
1/17/2025 11:15,-1345
1/17/2025 11:30,-1329
1/17/2025 11:45,-1314
1/17/2025 12:00,-1292
1/17/2025 12:15,-1280
1/17/2025 12:30,-1277
1/17/2025 12:45,-1283
1/17/2025 13:00,-1295
1/17/2025 13:15,-1317
1/17/2025 13:30,-1341
1/17/2025 13:45,-1376
1/17/2025 14:00,-1411
1/17/2025 14:15,-1439
1/17/2025 14:30,-1473
1/17/2025 14:45,-1494
1/17/2025 15:00,-1525
1/17/2025 15:15,-1505
1/17/2025 15:30,-1466
1/17/2025 15:45,-1316
1/17/2025 16:00,-939
1/17/2025 16:15,-590
1/17/2025 16:30,-361
1/17/2025 16:45,-186
1/17/2025 17:00,-66
1/17/2025 17:15,-14
1/17/2025 17:30,-2
1/17/2025 17:45,-2
1/17/2025 18:00,-2
1/17/2025 18:15,-2
1/17/2025 18:30,-2
1/17/2025 18:45,-1
1/17/2025 19:00,-1
1/17/2025 19:15,-1
1/17/2025 19:30,-1
1/17/2025 19:45,-1
1/17/2025 20:00,-1
1/17/2025 20:15,-1
1/17/2025 20:30,-1
1/17/2025 20:45,-1
1/17/2025 21:00,-1
1/17/2025 21:15,-1
1/17/2025 21:30,-1
1/17/2025 21:45,-1
1/17/2025 22:00,-1
1/17/2025 22:15,-1
1/17/2025 22:30,-1
1/17/2025 22:45,-1
1/17/2025 23:00,-1
1/17/2025 23:15,-1
1/17/2025 23:30,-1
1/17/2025 23:45,-1
1/18/2025 0:00,-1
1/18/2025 0:15,-1
1/18/2025 0:30,-1
1/18/2025 0:45,-1
1/18/2025 1:15,-1
1/18/2025 1:45,-1
1/18/2025 2:00,-1
1/18/2025 2:15,-1
1/18/2025 2:30,-1
1/18/2025 2:45,-1
1/18/2025 3:00,-1
1/18/2025 3:15,-1
1/18/2025 3:30,-1
1/18/2025 3:45,-1
1/18/2025 4:00,-1
1/18/2025 4:15,-1
1/18/2025 4:30,-2
1/18/2025 4:45,-2
1/18/2025 5:00,-1
1/18/2025 5:15,-1
1/18/2025 5:30,-1
1/18/2025 5:45,-1
1/18/2025 6:00,-1
1/18/2025 6:15,-1
1/18/2025 6:30,-1
1/18/2025 6:45,-1
1/18/2025 7:00,-1
1/18/2025 7:15,-4
1/18/2025 7:30,-16
1/18/2025 7:45,-112
1/18/2025 8:00,-359
1/18/2025 8:15,-666
1/18/2025 8:30,-977
1/18/2025 8:45,-1247
1/18/2025 9:00,-1492
1/18/2025 9:15,-1550
1/18/2025 9:30,-1570
1/18/2025 9:45,-1571
1/18/2025 10:00,-1548
1/18/2025 10:15,-1536
1/18/2025 10:30,-1516
1/18/2025 10:45,-1479
1/18/2025 11:00,-1441
1/18/2025 11:15,-1419
1/18/2025 11:30,-1391
1/18/2025 11:45,-1371
1/18/2025 12:00,-1357
1/18/2025 12:15,-1339
1/18/2025 12:30,-1342
1/18/2025 12:45,-1357
1/18/2025 13:00,-1384
1/18/2025 13:15,-1402
1/18/2025 13:30,-1431
1/18/2025 13:45,-1460
1/18/2025 14:15,-1531
1/18/2025 14:30,-1547
1/18/2025 14:45,-1571
1/18/2025 15:00,-1574
1/18/2025 15:15,-1559
1/18/2025 15:30,-1548
1/18/2025 15:45,-1401
1/18/2025 16:00,-1044
1/18/2025 16:15,-652
1/18/2025 16:30,-399
1/18/2025 16:45,-210
1/18/2025 17:00,-75
1/18/2025 17:15,-16
1/18/2025 17:30,-2
1/18/2025 17:45,-1
1/18/2025 18:00,-1
1/18/2025 18:15,-1
1/18/2025 18:30,-1
1/18/2025 18:45,-1
1/18/2025 19:00,-1
1/18/2025 19:15,-1
1/18/2025 19:30,-1
1/18/2025 19:45,-1
1/18/2025 20:00,-1
1/18/2025 20:15,-1
1/18/2025 20:30,-1
1/18/2025 20:45,-1
1/18/2025 21:00,-1
1/18/2025 21:15,-1
1/18/2025 21:30,-1
1/18/2025 21:45,-1
1/18/2025 22:00,-1
1/18/2025 22:15,-1
1/18/2025 22:30,-1
1/18/2025 22:45,-1
1/18/2025 23:00,-1
1/18/2025 23:15,-1
1/18/2025 23:30,-1
1/18/2025 23:45,0
1/19/2025 0:00,0
1/19/2025 0:15,-1
1/19/2025 0:30,0
1/19/2025 0:45,-1
1/19/2025 1:00,-1
1/19/2025 1:15,-1
1/19/2025 1:30,-1
1/19/2025 1:45,-1
1/19/2025 2:00,-1
1/19/2025 2:15,-1
1/19/2025 2:30,-1
1/19/2025 2:45,-1
1/19/2025 3:00,-1
1/19/2025 3:15,-1
1/19/2025 3:30,-1
1/19/2025 3:45,-1
1/19/2025 4:00,-1
1/19/2025 4:15,-1
1/19/2025 4:30,-1
1/19/2025 4:45,-1
1/19/2025 5:00,-1
1/19/2025 5:15,-1
1/19/2025 5:30,-1
1/19/2025 5:45,-1
1/19/2025 6:00,-1
1/19/2025 6:15,-1
1/19/2025 6:30,-1
1/19/2025 6:45,-1
1/19/2025 7:00,-1
1/19/2025 7:15,-1
1/19/2025 7:30,-17
1/19/2025 7:45,-109
1/19/2025 8:00,-361
1/19/2025 8:15,-629
1/19/2025 8:30,-895
1/19/2025 8:45,-1170
1/19/2025 9:00,-1397
1/19/2025 9:15,-1537
1/19/2025 9:30,-1548
1/19/2025 9:45,-1489
1/19/2025 10:00,-1535
1/19/2025 10:15,-909
1/19/2025 10:30,-781
1/19/2025 10:45,-758
1/19/2025 11:00,-595
1/19/2025 11:15,-635
1/19/2025 11:30,-664
1/19/2025 11:45,-1526
1/19/2025 12:00,-1531
1/19/2025 12:15,-1439
1/19/2025 12:30,-1372
1/19/2025 12:45,-1464
1/19/2025 13:00,-1019
1/19/2025 13:15,-976
1/19/2025 13:30,-1224
1/19/2025 13:45,-1184
1/19/2025 14:00,-697
1/19/2025 14:15,-591
1/19/2025 14:30,-573
1/19/2025 14:45,-437
1/19/2025 15:00,-714
1/19/2025 15:15,-516
1/19/2025 15:30,-859
1/19/2025 15:45,-253
1/19/2025 16:00,-190
1/19/2025 16:15,-206
1/19/2025 16:30,-171
1/19/2025 16:45,-117
1/19/2025 17:00,-60
1/19/2025 17:15,-16
1/19/2025 17:30,-1
1/19/2025 17:45,-1
1/19/2025 18:00,-1
1/19/2025 18:15,-1
1/19/2025 18:45,-1
1/19/2025 19:00,-1
1/19/2025 19:15,-1
1/19/2025 19:30,-1
1/19/2025 19:45,-1
1/19/2025 20:00,-1
1/19/2025 20:15,-1
1/19/2025 20:30,-1
1/19/2025 20:45,-1
1/19/2025 21:00,-1
1/19/2025 21:15,-1
1/19/2025 21:30,-1
1/19/2025 21:45,-1
1/19/2025 22:00,-1
1/19/2025 22:15,-1
1/19/2025 22:30,-1
1/19/2025 22:45,-1
1/19/2025 23:00,-1
1/19/2025 23:15,-1
1/19/2025 23:30,-1
1/19/2025 23:45,-1
1/20/2025 0:00,-1
1/20/2025 0:15,-1
1/20/2025 0:30,-1
1/20/2025 0:45,-1
1/20/2025 1:00,-1
1/20/2025 1:15,-1
1/20/2025 1:30,-1
1/20/2025 1:45,-1
1/20/2025 2:00,-1
1/20/2025 2:15,-1
1/20/2025 2:30,-1
1/20/2025 2:45,-1
1/20/2025 3:00,-1
1/20/2025 3:15,-1
1/20/2025 3:30,0
1/20/2025 3:45,-1
1/20/2025 4:00,-1
1/20/2025 4:15,-1
1/20/2025 4:30,-1
1/20/2025 4:45,-1
1/20/2025 5:00,-1
1/20/2025 5:15,-1
1/20/2025 5:30,-1
1/20/2025 5:45,-1
1/20/2025 6:00,-1
1/20/2025 6:15,-1
1/20/2025 6:30,-1
1/20/2025 6:45,-1
1/20/2025 7:00,-1
1/20/2025 7:15,-1
1/20/2025 7:30,-20
1/20/2025 7:45,-144
1/20/2025 8:00,-384
1/20/2025 8:15,-684
1/20/2025 8:30,-976
1/20/2025 8:45,-1264
1/20/2025 9:00,-1504
1/20/2025 9:15,-1543
1/20/2025 9:30,-1554
1/20/2025 9:45,-1552
1/20/2025 10:00,-1538
1/20/2025 10:15,-1519
1/20/2025 10:30,-1490
1/20/2025 10:45,-1462
1/20/2025 11:00,-1431
1/20/2025 11:15,-1409
1/20/2025 11:30,-1389
1/20/2025 11:45,-1362
1/20/2025 12:00,-1349
1/20/2025 12:15,-1346
1/20/2025 12:30,-1344
1/20/2025 12:45,-1326
1/20/2025 13:00,-1385
1/20/2025 13:15,-1410
1/20/2025 13:30,-1454
1/20/2025 13:45,-1533
1/20/2025 14:00,-1488
1/20/2025 14:15,-1517
1/20/2025 14:30,-1518
1/20/2025 14:45,-1533
1/20/2025 15:00,-1556
1/20/2025 15:15,-1545
1/20/2025 15:30,-1519
1/20/2025 15:45,-1418
1/20/2025 16:00,-1098
1/20/2025 16:15,-699
1/20/2025 16:30,-450
1/20/2025 16:45,-236
1/20/2025 17:00,-88
1/20/2025 17:15,-19
1/20/2025 17:30,-2
1/20/2025 17:45,-2
1/20/2025 18:00,-1
1/20/2025 18:15,-1
1/20/2025 18:30,-1
1/20/2025 18:45,-1
1/20/2025 19:00,-1
1/20/2025 19:15,-1
1/20/2025 19:30,-1
1/20/2025 19:45,-1
1/20/2025 20:00,-1
1/20/2025 20:30,-1
1/20/2025 20:45,-1
1/20/2025 21:00,-1
1/20/2025 21:15,-1
1/20/2025 21:30,-1
1/20/2025 21:45,-1
1/20/2025 22:00,-1
1/20/2025 22:15,-1
1/20/2025 22:30,-1
1/20/2025 22:45,-1
1/20/2025 23:00,-1
1/20/2025 23:15,-1
1/20/2025 23:30,-1
1/20/2025 23:45,-1
1/21/2025 0:00,-1
1/21/2025 0:15,-1
1/21/2025 0:30,-1
1/21/2025 0:45,0
1/21/2025 1:00,-1
1/21/2025 1:15,0
1/21/2025 1:30,0
1/21/2025 1:45,0
1/21/2025 2:00,0
1/21/2025 2:15,0
1/21/2025 2:30,0
1/21/2025 2:45,0
1/21/2025 3:00,0
1/21/2025 3:15,0
1/21/2025 3:30,0
1/21/2025 3:45,0
1/21/2025 4:00,-1
1/21/2025 4:15,0
1/21/2025 4:30,-1
1/21/2025 4:45,0
1/21/2025 5:00,0
1/21/2025 5:15,-1
1/21/2025 5:30,-1
1/21/2025 5:45,-1
1/21/2025 6:00,0
1/21/2025 6:15,-1
1/21/2025 6:30,0
1/21/2025 6:45,0
1/21/2025 7:00,0
1/21/2025 7:15,0
1/21/2025 7:30,-17
1/21/2025 7:45,-126
1/21/2025 8:00,-352
1/21/2025 8:15,-656
1/21/2025 8:30,-959
1/21/2025 8:45,-1288
1/21/2025 9:00,-1519
1/21/2025 9:15,-1550
1/21/2025 9:30,-1563
1/21/2025 9:45,-1560
1/21/2025 10:00,-1549
1/21/2025 10:15,-1529
1/21/2025 10:30,-1501
1/21/2025 10:45,-1460
1/21/2025 11:00,-1422
1/21/2025 11:15,-1371
1/21/2025 11:30,-1372
1/21/2025 11:45,-1348
1/21/2025 12:00,-1339
1/21/2025 12:15,-1329
1/21/2025 12:30,-1329
1/21/2025 12:45,-1338
1/21/2025 13:00,-1359
1/21/2025 13:15,-1392
1/21/2025 13:30,-1439
1/21/2025 13:45,-1476
1/21/2025 14:00,-1208
1/21/2025 14:15,-1516
1/21/2025 14:30,-1536
1/21/2025 14:45,-1553
1/21/2025 15:00,-1570
1/21/2025 15:15,-1563
1/21/2025 15:30,-1538
1/21/2025 15:45,-1451
1/21/2025 16:00,-1105
1/21/2025 16:15,-742
1/21/2025 16:30,-469
1/21/2025 16:45,-248
1/21/2025 17:00,-96
1/21/2025 17:15,-21
1/21/2025 17:30,-2
1/21/2025 17:45,-2
1/21/2025 18:00,-1
1/21/2025 18:15,-1
1/21/2025 18:30,-1
1/21/2025 18:45,-1
1/21/2025 19:15,-1
1/21/2025 19:30,-1
1/21/2025 19:45,-1
1/21/2025 20:00,-1
1/21/2025 20:15,-1
1/21/2025 20:30,-1
1/21/2025 20:45,0
1/21/2025 21:00,-1
1/21/2025 21:15,-1
1/21/2025 21:30,-1
1/21/2025 21:45,-1
1/21/2025 22:00,-1
1/21/2025 22:15,-1
1/21/2025 22:30,0
1/21/2025 22:45,-1
1/21/2025 23:00,-1
1/21/2025 23:15,-1
1/21/2025 23:30,-2
1/21/2025 23:45,-1
1/22/2025 0:00,-1
1/22/2025 0:15,-1
1/22/2025 0:30,-1
1/22/2025 0:45,-1
1/22/2025 1:00,-2
1/22/2025 1:15,-1
1/22/2025 1:30,-1
1/22/2025 1:45,-1
1/22/2025 2:00,-1
1/22/2025 2:15,0
1/22/2025 2:30,0
1/22/2025 2:45,0
1/22/2025 3:00,0
1/22/2025 3:15,0
1/22/2025 3:30,0
1/22/2025 3:45,0
1/22/2025 4:00,-1
1/22/2025 4:15,-1
1/22/2025 4:30,-1
1/22/2025 4:45,-1
1/22/2025 5:00,-1
1/22/2025 5:15,-1
1/22/2025 5:30,-1
1/22/2025 5:45,-1
1/22/2025 6:00,-1
1/22/2025 6:15,-1
1/22/2025 6:30,-1
1/22/2025 6:45,-1
1/22/2025 7:00,-1
1/22/2025 7:15,-1
1/22/2025 7:30,-13
1/22/2025 7:45,-130
1/22/2025 8:00,-367
1/22/2025 8:15,-676
1/22/2025 8:30,-1013
1/22/2025 8:45,-1288
1/22/2025 9:00,-1522
1/22/2025 9:15,-1551
1/22/2025 9:45,-1562
1/22/2025 10:00,-1565
1/22/2025 10:15,-1542
1/22/2025 10:30,-1498
1/22/2025 11:00,-1439
1/22/2025 11:15,-1411
1/22/2025 11:30,-1382
1/22/2025 11:45,-1362
1/22/2025 12:00,-1351
1/22/2025 12:45,-1362
1/22/2025 13:15,-1398
1/22/2025 13:30,-1424
1/22/2025 13:45,-1456
1/22/2025 14:00,-1486
1/22/2025 14:15,-1520
1/22/2025 14:30,-1539
1/22/2025 14:45,-1560
1/22/2025 15:00,-1572
1/22/2025 15:15,-1570
1/22/2025 15:30,-1544
1/22/2025 15:45,-1459
1/22/2025 16:00,-1139
1/22/2025 16:15,-755
1/22/2025 16:30,-468
1/22/2025 16:45,-258
1/22/2025 17:00,-106
1/22/2025 17:15,-26
1/22/2025 17:30,-2
1/22/2025 17:45,-2
1/22/2025 18:00,-2
1/22/2025 18:15,-1
1/22/2025 18:30,-1
1/22/2025 18:45,-1
1/22/2025 19:00,-1
1/22/2025 19:15,-1
1/22/2025 19:30,-1
1/22/2025 19:45,-1
1/22/2025 20:00,-1
1/22/2025 20:15,-1
1/22/2025 20:30,-1
1/22/2025 20:45,-1
1/22/2025 21:00,-1
1/22/2025 21:15,-1
1/22/2025 21:30,-1
1/22/2025 21:45,-1
1/22/2025 22:00,-1
1/22/2025 22:15,-1
1/22/2025 22:30,-1
1/22/2025 22:45,-1
1/22/2025 23:00,-1
1/22/2025 23:15,-1
1/22/2025 23:30,-1
1/22/2025 23:45,-1
1/23/2025 0:00,-1
1/23/2025 0:15,-1
1/23/2025 0:30,0
1/23/2025 0:45,0
1/23/2025 1:00,-1
1/23/2025 1:15,-1
1/23/2025 1:30,-1
1/23/2025 1:45,-1
1/23/2025 2:00,-1
1/23/2025 2:15,-1
1/23/2025 2:30,-1
1/23/2025 2:45,-1
1/23/2025 3:00,-1
1/23/2025 3:15,-1
1/23/2025 3:30,-1
1/23/2025 3:45,-1
1/23/2025 4:00,-1
1/23/2025 4:15,-1
1/23/2025 4:30,-1
1/23/2025 4:45,-1
1/23/2025 5:00,-1
1/23/2025 5:15,-1
1/23/2025 5:30,-1
1/23/2025 5:45,-1
1/23/2025 6:00,-1
1/23/2025 6:15,-1
1/23/2025 6:30,-1
1/23/2025 6:45,-1
1/23/2025 7:00,-1
1/23/2025 7:15,-1
1/23/2025 7:30,-19
1/23/2025 7:45,-129
1/23/2025 8:00,-376
1/23/2025 8:15,-679
1/23/2025 8:30,-1024
1/23/2025 8:45,-1301
1/23/2025 9:00,-1524
1/23/2025 9:15,-1553
1/23/2025 9:30,-1571
1/23/2025 9:45,-1575
1/23/2025 10:00,-1564
1/23/2025 10:15,-1530
1/23/2025 10:30,-1505
1/23/2025 10:45,-1475
1/23/2025 11:00,-1445
1/23/2025 11:15,-1424
1/23/2025 11:30,-1401
1/23/2025 11:45,-1391
1/23/2025 12:00,-1380
1/23/2025 12:15,-1371
1/23/2025 12:30,-1375
1/23/2025 12:45,-1379
1/23/2025 13:00,-1392
1/23/2025 13:15,-1415
1/23/2025 13:30,-1445
1/23/2025 13:45,-1469
1/23/2025 14:00,-1493
1/23/2025 14:15,-1526
1/23/2025 14:30,-1548
1/23/2025 14:45,-1566
1/23/2025 15:15,-1575
1/23/2025 15:30,-1546
1/23/2025 15:45,-1482
1/23/2025 16:00,-1190
1/23/2025 16:15,-781
1/23/2025 16:30,-500
1/23/2025 16:45,-275
1/23/2025 17:00,-117
1/23/2025 17:15,-28
1/23/2025 17:30,-5
1/23/2025 17:45,-2
1/23/2025 18:00,-2
1/23/2025 18:15,-2
1/23/2025 18:30,-1
1/23/2025 18:45,-1
1/23/2025 19:00,-1
1/23/2025 19:15,-1
1/23/2025 19:30,-1
1/23/2025 19:45,-1
1/23/2025 20:00,-1
1/23/2025 20:15,-1
1/23/2025 20:30,-1
1/23/2025 20:45,-1
1/23/2025 21:00,-1
1/23/2025 21:15,-1
1/23/2025 21:30,-1
1/23/2025 21:45,-1
1/23/2025 22:00,-1
1/23/2025 22:15,-1
1/23/2025 22:30,-1
1/23/2025 22:45,-1
1/23/2025 23:00,-1
1/23/2025 23:15,-1
1/23/2025 23:30,-1
1/23/2025 23:45,-1
1/24/2025 0:00,-1
1/24/2025 0:15,-1
1/24/2025 0:30,-1
1/24/2025 0:45,-1
1/24/2025 1:00,-1
1/24/2025 1:15,-1
1/24/2025 1:30,-1
1/24/2025 1:45,-1
1/24/2025 2:00,-1
1/24/2025 2:15,-1
1/24/2025 2:30,-1
1/24/2025 2:45,-1
1/24/2025 3:00,-1
1/24/2025 3:15,-1
1/24/2025 3:30,-1
1/24/2025 3:45,-1
1/24/2025 4:00,-1
1/24/2025 4:15,-1
1/24/2025 4:30,-1
1/24/2025 4:45,-1
1/24/2025 5:00,-1
1/24/2025 5:15,-1
1/24/2025 5:30,-1
1/24/2025 5:45,-1
1/24/2025 6:00,-1
1/24/2025 6:15,-1
1/24/2025 6:30,-1
1/24/2025 6:45,-1
1/24/2025 7:00,-1
1/24/2025 7:15,-1
1/24/2025 7:30,-21
1/24/2025 7:45,-132
1/24/2025 8:00,-394
1/24/2025 8:15,-696
1/24/2025 8:30,-1014
1/24/2025 8:45,-1288
1/24/2025 9:00,-1532
1/24/2025 9:15,-1558
1/24/2025 9:30,-1564
1/24/2025 9:45,-1559
1/24/2025 10:00,-1542
1/24/2025 10:15,-1521
1/24/2025 10:30,-1488
1/24/2025 10:45,-1458
1/24/2025 11:00,-1422
1/24/2025 11:15,-1401
1/24/2025 11:30,-1380
1/24/2025 11:45,-1358
1/24/2025 12:00,-1339
1/24/2025 12:15,-1328
1/24/2025 12:30,-1324
1/24/2025 12:45,-1331
1/24/2025 13:00,-1349
1/24/2025 13:15,-1369
1/24/2025 13:30,-1391
1/24/2025 13:45,-1413
1/24/2025 14:00,-1450
1/24/2025 14:15,-1467
1/24/2025 14:30,-1499
1/24/2025 14:45,-1518
1/24/2025 15:00,-1532
1/24/2025 15:15,-1526
1/24/2025 15:30,-1501
1/24/2025 15:45,-1438
1/24/2025 16:00,-1182
1/24/2025 16:15,-800
1/24/2025 16:30,-512
1/24/2025 16:45,-279
1/24/2025 17:00,-122
1/24/2025 17:15,-31
1/24/2025 17:30,-1
1/24/2025 17:45,-2
1/24/2025 18:00,-2
1/24/2025 18:15,-2
1/24/2025 18:30,-1
1/24/2025 18:45,-1
1/24/2025 19:00,-1
1/24/2025 19:15,-1
1/24/2025 19:30,-1
1/24/2025 19:45,-1
1/24/2025 20:00,-1
1/24/2025 20:15,-1
1/24/2025 20:30,-1
1/24/2025 20:45,-1
1/24/2025 21:00,-1
1/24/2025 21:15,-1
1/24/2025 21:30,-1
1/24/2025 21:45,-1
1/24/2025 22:00,-1
1/24/2025 22:15,-1
1/24/2025 22:30,-1
1/24/2025 22:45,-1
1/24/2025 23:00,-1
1/24/2025 23:15,-1
1/24/2025 23:30,-1
1/24/2025 23:45,-1
1/25/2025 0:00,-1
1/25/2025 0:15,-1
1/25/2025 0:30,-1
1/25/2025 0:45,-1
1/25/2025 1:00,-1
1/25/2025 1:15,-1
1/25/2025 1:30,-1
1/25/2025 1:45,-1
1/25/2025 2:00,-1
1/25/2025 2:15,-1
1/25/2025 2:30,-1
1/25/2025 2:45,-1
1/25/2025 3:00,-1
1/25/2025 3:15,-2
1/25/2025 3:30,-2
1/25/2025 3:45,-2
1/25/2025 4:00,-2
1/25/2025 4:15,-1
1/25/2025 4:30,-1
1/25/2025 4:45,-1
1/25/2025 5:00,-1
1/25/2025 5:15,-1
1/25/2025 5:30,-1
1/25/2025 5:45,-1
1/25/2025 6:00,-1
1/25/2025 6:15,-1
1/25/2025 6:30,-1
1/25/2025 6:45,-1
1/25/2025 7:00,-1
1/25/2025 7:15,-1
1/25/2025 7:30,-16
1/25/2025 7:45,-70
1/25/2025 8:00,-149
1/25/2025 8:15,-203
1/25/2025 8:30,-394
1/25/2025 8:45,-855
1/25/2025 9:00,-1059
1/25/2025 9:15,-1139
1/25/2025 9:30,-906
1/25/2025 9:45,-702
1/25/2025 10:00,-990
1/25/2025 10:15,-608
1/25/2025 10:30,-638
1/25/2025 10:45,-675
1/25/2025 11:00,-752
1/25/2025 11:15,-713
1/25/2025 11:30,-683
1/25/2025 11:45,-668
1/25/2025 12:00,-665
1/25/2025 12:15,-775
1/25/2025 12:30,-641
1/25/2025 12:45,-649
1/25/2025 13:00,-570
1/25/2025 13:15,-636
1/25/2025 13:30,-709
1/25/2025 13:45,-695
1/25/2025 14:00,-914
1/25/2025 14:15,-421
1/25/2025 14:30,-292
1/25/2025 14:45,-217
1/25/2025 15:15,-171
1/25/2025 15:30,-177
1/25/2025 15:45,-164
1/25/2025 16:00,-142
1/25/2025 16:15,-104
1/25/2025 16:30,-68
1/25/2025 16:45,-42
1/25/2025 17:00,-24
1/25/2025 17:15,-9
1/25/2025 17:30,-1
1/25/2025 17:45,-2
1/25/2025 18:00,-2
1/25/2025 18:15,-1
1/25/2025 18:30,-1
1/25/2025 18:45,-2
1/25/2025 19:00,-2
1/25/2025 19:15,-1
1/25/2025 19:30,-1
1/25/2025 19:45,-1
1/25/2025 20:00,-1
1/25/2025 20:15,-1
1/25/2025 20:30,-1
1/25/2025 20:45,-1
1/25/2025 21:00,-1
1/25/2025 21:15,-1
1/25/2025 21:30,-1
1/25/2025 21:45,-1
1/25/2025 22:00,-1
1/25/2025 22:15,-1
1/25/2025 22:30,-1
1/25/2025 22:45,-1
1/25/2025 23:00,-2
1/25/2025 23:15,-1
1/25/2025 23:30,-2
1/25/2025 23:45,-2
1/26/2025 0:00,-2
1/26/2025 0:15,-2
1/26/2025 0:30,-2
1/26/2025 0:45,-2
1/26/2025 1:00,-2
1/26/2025 1:15,-2
1/26/2025 1:30,-2
1/26/2025 1:45,-2
1/26/2025 2:00,-1
1/26/2025 2:15,-1
1/26/2025 2:30,-1
1/26/2025 3:00,-1
1/26/2025 3:15,-1
1/26/2025 3:30,-1
1/26/2025 3:45,-1
1/26/2025 4:00,-1
1/26/2025 4:15,-1
1/26/2025 4:30,-1
1/26/2025 4:45,-1
1/26/2025 5:00,-1
1/26/2025 5:15,-1
1/26/2025 5:30,-2
1/26/2025 5:45,-2
1/26/2025 6:00,-2
1/26/2025 6:15,-2
1/26/2025 6:30,-1
1/26/2025 6:45,-1
1/26/2025 7:00,-2
1/26/2025 7:15,-2
1/26/2025 7:30,0
1/26/2025 7:45,-29
1/26/2025 8:00,-92
1/26/2025 8:15,-181
1/26/2025 8:30,-322
1/26/2025 8:45,-202
1/26/2025 9:00,-235
1/26/2025 9:15,-504
1/26/2025 9:30,-654
1/26/2025 9:45,-528
1/26/2025 10:00,-782
1/26/2025 10:15,-664
1/26/2025 10:45,-798
1/26/2025 11:00,-1162
1/26/2025 11:15,-1466
1/26/2025 11:30,-1345
1/26/2025 11:45,-1322
1/26/2025 12:00,-1303
1/26/2025 12:15,-1324
1/26/2025 12:30,-1320
1/26/2025 12:45,-1012
1/26/2025 13:00,-1139
1/26/2025 13:15,-1427
1/26/2025 13:30,-1368
1/26/2025 13:45,-1383
1/26/2025 14:00,-1410
1/26/2025 14:15,-1425
1/26/2025 14:30,-1435
1/26/2025 14:45,-1455
1/26/2025 15:00,-1463
1/26/2025 15:15,-1457
1/26/2025 15:30,-1434
1/26/2025 15:45,-1374
1/26/2025 16:00,-1144
1/26/2025 16:15,-790
1/26/2025 16:30,-478
1/26/2025 16:45,-282
1/26/2025 17:00,-137
1/26/2025 17:15,-45
1/26/2025 17:30,-8
1/26/2025 17:45,-2
1/26/2025 18:00,-2
1/26/2025 18:15,-2
1/26/2025 18:30,-1
1/26/2025 18:45,-1
1/26/2025 19:00,-1
1/26/2025 19:15,-1
1/26/2025 19:30,-1
1/26/2025 19:45,-1
1/26/2025 20:00,-1
1/26/2025 20:15,-1
1/26/2025 20:30,-1
1/26/2025 20:45,-1
1/26/2025 21:00,-1
1/26/2025 21:15,-1
1/26/2025 21:30,-1
1/26/2025 21:45,-1
1/26/2025 22:00,-1
1/26/2025 22:15,-1
1/26/2025 22:30,-1
1/26/2025 22:45,-1
1/26/2025 23:00,-1
1/26/2025 23:15,-1
1/26/2025 23:30,-1
1/26/2025 23:45,-1
1/27/2025 0:00,-1
1/27/2025 0:15,-1
1/27/2025 0:30,-1
1/27/2025 0:45,-1
1/27/2025 1:00,-1
1/27/2025 1:15,-1
1/27/2025 1:30,-1
1/27/2025 1:45,-1
1/27/2025 2:00,-1
1/27/2025 2:15,-1
1/27/2025 2:30,-1
1/27/2025 2:45,-1
1/27/2025 3:00,-1
1/27/2025 3:15,-1
1/27/2025 3:30,-1
1/27/2025 3:45,-1
1/27/2025 4:00,-1
1/27/2025 4:15,-1
1/27/2025 4:30,-1
1/27/2025 4:45,-2
1/27/2025 5:00,-1
1/27/2025 5:15,-1
1/27/2025 5:30,-1
1/27/2025 5:45,-2
1/27/2025 6:00,-2
1/27/2025 6:15,-2
1/27/2025 6:30,-2
1/27/2025 6:45,-2
1/27/2025 7:00,-1
1/27/2025 7:15,-2
1/27/2025 7:30,-22
1/27/2025 7:45,-107
1/27/2025 8:00,-398
1/27/2025 8:15,-702
1/27/2025 8:30,-996
1/27/2025 8:45,-1264
1/27/2025 9:00,-1456
1/27/2025 9:15,-1485
1/27/2025 9:30,-1517
1/27/2025 9:45,-1518
1/27/2025 10:00,-1507
1/27/2025 10:15,-1491
1/27/2025 10:30,-1456
1/27/2025 10:45,-1438
1/27/2025 11:00,-1409
1/27/2025 11:15,-1383
1/27/2025 11:30,-1357
1/27/2025 11:45,-1339
1/27/2025 12:00,-1320
1/27/2025 12:15,-1310
1/27/2025 12:30,-1321
1/27/2025 12:45,-1331
1/27/2025 13:00,-1347
1/27/2025 13:15,-1367
1/27/2025 13:30,-1402
1/27/2025 13:45,-1431
1/27/2025 14:00,-1461
1/27/2025 14:15,-1503
1/27/2025 14:30,-1516
1/27/2025 14:45,-1362
1/27/2025 15:00,-1356
1/27/2025 15:15,-1569
1/27/2025 15:30,-412
1/27/2025 15:45,-768
1/27/2025 16:00,-195
1/27/2025 16:15,-355
1/27/2025 16:30,-638
1/27/2025 16:45,-141
1/27/2025 17:00,-64
1/27/2025 17:15,-31
1/27/2025 17:30,-2
1/27/2025 17:45,-2
1/27/2025 18:00,-2
1/27/2025 18:15,-2
1/27/2025 18:30,-2
1/27/2025 18:45,-2
1/27/2025 19:00,-2
1/27/2025 19:15,-2
1/27/2025 19:30,-1
1/27/2025 19:45,-1
1/27/2025 20:00,-1
1/27/2025 20:15,-1
1/27/2025 20:30,-1
1/27/2025 20:45,-1
1/27/2025 21:00,-1
1/27/2025 21:15,-1
1/27/2025 21:30,-1
1/27/2025 21:45,-1
1/27/2025 22:00,-1
1/27/2025 22:15,-1
1/27/2025 22:30,-1
1/27/2025 22:45,-1
1/27/2025 23:00,-2
1/27/2025 23:15,-1
1/27/2025 23:30,-1
1/27/2025 23:45,-1
1/28/2025 0:00,-1
1/28/2025 0:15,-1
1/28/2025 0:30,-1
1/28/2025 0:45,-1
1/28/2025 1:00,-1
1/28/2025 1:15,-1
1/28/2025 1:30,-1
1/28/2025 1:45,-1
1/28/2025 2:00,-1
1/28/2025 2:15,-1
1/28/2025 2:30,-1
1/28/2025 2:45,-1
1/28/2025 3:00,-1
1/28/2025 3:15,-1
1/28/2025 3:30,-1
1/28/2025 3:45,-1
1/28/2025 4:00,-1
1/28/2025 4:15,-1
1/28/2025 4:30,-1
1/28/2025 4:45,-1
1/28/2025 5:00,-1
1/28/2025 5:15,-1
1/28/2025 5:30,-1
1/28/2025 5:45,-1
1/28/2025 6:00,-1
1/28/2025 6:15,-1
1/28/2025 6:30,-1
1/28/2025 6:45,-1
1/28/2025 7:00,-1
1/28/2025 7:15,-1
1/28/2025 7:30,-37
1/28/2025 7:45,-162
1/28/2025 8:00,-430
1/28/2025 8:15,-722
1/28/2025 8:30,-1032
1/28/2025 8:45,-1288
1/28/2025 9:00,-1486
1/28/2025 9:15,-1524
1/28/2025 9:30,-1527
1/28/2025 9:45,-1526
1/28/2025 10:00,-1514
1/28/2025 10:15,-1500
1/28/2025 10:30,-1469
1/28/2025 10:45,-1451
1/28/2025 11:00,-1419
1/28/2025 11:15,-1393
1/28/2025 11:30,-1375
1/28/2025 11:45,-1361
1/28/2025 12:00,-1340
1/28/2025 12:15,-1347
1/28/2025 12:30,-1352
1/28/2025 12:45,-1360
1/28/2025 13:00,-1378
1/28/2025 13:15,-1392
1/28/2025 13:30,-1418
1/28/2025 13:45,-1442
1/28/2025 14:00,-1509
1/28/2025 14:15,-1533
1/28/2025 14:30,-1593
1/28/2025 14:45,-1615
1/28/2025 15:00,-1673
1/28/2025 15:15,-1622
1/28/2025 15:30,-1565
1/28/2025 15:45,-1490
1/28/2025 16:00,-1266
1/28/2025 16:15,-866
1/28/2025 16:30,-394
1/28/2025 16:45,-79
1/28/2025 17:00,-74
1/28/2025 17:15,-34
1/28/2025 17:30,-2
1/28/2025 17:45,-2
1/28/2025 18:00,-2
1/28/2025 18:15,-2
1/28/2025 18:30,-2
1/28/2025 18:45,-1
1/28/2025 19:00,-1
1/28/2025 19:15,-2
1/28/2025 19:30,-1
1/28/2025 19:45,-1
1/28/2025 20:00,-1
1/28/2025 20:15,-1
1/28/2025 20:30,-1
1/28/2025 20:45,-2
1/28/2025 21:00,-1
1/28/2025 21:15,-1
1/28/2025 21:30,-1
1/28/2025 21:45,-1
1/28/2025 22:00,-1
1/28/2025 22:15,-1
1/28/2025 22:30,-1
1/28/2025 22:45,-1
1/28/2025 23:00,-1
1/28/2025 23:15,-1
1/28/2025 23:30,-1
1/28/2025 23:45,-1
1/29/2025 0:00,-1
1/29/2025 0:15,-1
1/29/2025 0:30,-1
1/29/2025 0:45,-2
1/29/2025 1:00,-1
1/29/2025 1:15,-2
1/29/2025 1:30,-1
1/29/2025 1:45,-1
1/29/2025 2:00,-1
1/29/2025 2:15,-1
1/29/2025 2:30,-2
1/29/2025 2:45,-2
1/29/2025 3:00,-2
1/29/2025 3:15,-1
1/29/2025 3:30,-2
1/29/2025 3:45,-1
1/29/2025 4:00,-1
1/29/2025 4:15,-1
1/29/2025 4:30,-1
1/29/2025 4:45,-1
1/29/2025 5:00,-1
1/29/2025 5:15,-1
1/29/2025 5:30,-1
1/29/2025 5:45,-1
1/29/2025 6:00,-1
1/29/2025 6:15,-1
1/29/2025 6:30,-1
1/29/2025 6:45,-1
1/29/2025 7:00,-1
1/29/2025 7:15,-1
1/29/2025 7:30,-33
1/29/2025 7:45,-146
1/29/2025 8:00,-386
1/29/2025 8:15,-710
1/29/2025 8:30,-972
1/29/2025 8:45,-1198
1/29/2025 9:00,-1230
1/29/2025 9:15,-1523
1/29/2025 9:30,-308
1/29/2025 9:45,-245
1/29/2025 10:00,-384
1/29/2025 10:15,-236
1/29/2025 10:30,-769
1/29/2025 10:45,-772
1/29/2025 11:00,-1160
1/29/2025 11:15,-428
1/29/2025 11:30,-207
1/29/2025 11:45,-159
1/29/2025 12:00,-172
1/29/2025 12:15,-694
1/29/2025 12:30,-891
1/29/2025 12:45,-866
1/29/2025 13:00,-591
1/29/2025 13:15,-913
1/29/2025 13:30,-1516
1/29/2025 13:45,-851
1/29/2025 14:30,-410
1/29/2025 14:45,-58
1/29/2025 15:00,-17
1/29/2025 15:15,-48
1/29/2025 15:30,-75
1/29/2025 15:45,-86
1/29/2025 16:00,-73
1/29/2025 16:15,-58
1/29/2025 16:30,-46
1/29/2025 16:45,-52
1/29/2025 17:00,-40
1/29/2025 17:15,-18
1/29/2025 17:30,-2
1/29/2025 17:45,-2
1/29/2025 18:00,-1
1/29/2025 18:15,-1
1/29/2025 18:30,-1
1/29/2025 18:45,-1
1/29/2025 19:00,-1
1/29/2025 19:15,-1
1/29/2025 19:30,-1
1/29/2025 19:45,-1
1/29/2025 20:00,-1
1/29/2025 20:15,-2
1/29/2025 20:30,-1
1/29/2025 20:45,-2
1/29/2025 21:00,-2
1/29/2025 21:15,-1
1/29/2025 21:30,-2
1/29/2025 21:45,-1
1/29/2025 22:00,-1
1/29/2025 22:15,-1
1/29/2025 22:30,-2
1/29/2025 22:45,-1
1/29/2025 23:00,-2
1/29/2025 23:15,-2
1/29/2025 23:30,-2
1/29/2025 23:45,-2
1/30/2025 0:00,-2
1/30/2025 0:15,-2
1/30/2025 0:30,-2
1/30/2025 0:45,-2
1/30/2025 1:00,-2
1/30/2025 1:15,-2
1/30/2025 1:30,-2
1/30/2025 1:45,-2
1/30/2025 2:00,-2
1/30/2025 2:15,-2
1/30/2025 2:30,-2
1/30/2025 2:45,-2
1/30/2025 3:00,-2
1/30/2025 3:15,-2
1/30/2025 3:30,-2
1/30/2025 3:45,-2
1/30/2025 4:00,-1
1/30/2025 4:15,-1
1/30/2025 4:30,-1
1/30/2025 4:45,-1
1/30/2025 5:00,-1
1/30/2025 5:15,-1
1/30/2025 5:30,-1
1/30/2025 5:45,-1
1/30/2025 6:00,-1
1/30/2025 6:15,-1
1/30/2025 6:30,-1
1/30/2025 6:45,-1
1/30/2025 7:00,-1
1/30/2025 7:15,-1
1/30/2025 7:30,-7
1/30/2025 7:45,-37
1/30/2025 8:00,-46
1/30/2025 8:15,-70
1/30/2025 8:30,-203
1/30/2025 8:45,-572
1/30/2025 9:00,-1100
1/30/2025 9:15,-1530
1/30/2025 9:30,-1567
1/30/2025 9:45,-1583
1/30/2025 10:00,-1670
1/30/2025 10:15,-1574
1/30/2025 10:30,-1554
1/30/2025 10:45,-1517
1/30/2025 11:00,-1473
1/30/2025 11:15,-1466
1/30/2025 11:30,-1421
1/30/2025 11:45,-1400
1/30/2025 12:00,-1381
1/30/2025 12:15,-1366
1/30/2025 12:30,-1367
1/30/2025 12:45,-1371
1/30/2025 13:00,-1380
1/30/2025 13:15,-1396
1/30/2025 13:30,-1420
1/30/2025 13:45,-1446
1/30/2025 14:00,-1468
1/30/2025 14:15,-1485
1/30/2025 14:30,-1499
1/30/2025 14:45,-1528
1/30/2025 15:00,-1550
1/30/2025 15:15,-1559
1/30/2025 15:30,-1545
1/30/2025 15:45,-1509
1/30/2025 16:15,-987
1/30/2025 16:30,-609
1/30/2025 16:45,-372
1/30/2025 17:00,-194
1/30/2025 17:15,-70
1/30/2025 17:30,-15
1/30/2025 17:45,-2
1/30/2025 18:00,-1
1/30/2025 18:15,-1
1/30/2025 18:30,-2
1/30/2025 18:45,-1
1/30/2025 19:00,-1
1/30/2025 19:15,-1
1/30/2025 19:30,-1
1/30/2025 19:45,-1
1/30/2025 20:00,-1
1/30/2025 20:15,-1
1/30/2025 20:30,-1
1/30/2025 20:45,-1
1/30/2025 21:00,-1
1/30/2025 21:15,-1
1/30/2025 21:30,-1
1/30/2025 21:45,-1
1/30/2025 22:00,-1
1/30/2025 22:15,-1
1/30/2025 22:30,-1
1/30/2025 22:45,-1
1/30/2025 23:00,-1
1/30/2025 23:15,-1
1/30/2025 23:30,-1
1/30/2025 23:45,-1
1/31/2025 0:00,-1
1/31/2025 0:15,-1
1/31/2025 0:30,-1
1/31/2025 0:45,-1
1/31/2025 1:00,-1
1/31/2025 1:15,-1
1/31/2025 1:30,-1
1/31/2025 1:45,-1
1/31/2025 2:00,-1
1/31/2025 2:15,-1
1/31/2025 2:30,-1
1/31/2025 2:45,-1
1/31/2025 3:00,-1
1/31/2025 3:15,-1
1/31/2025 3:30,-1
1/31/2025 3:45,-1
1/31/2025 4:00,-1
1/31/2025 4:15,-1
1/31/2025 4:30,-1
1/31/2025 4:45,-1
1/31/2025 5:00,-1
1/31/2025 5:15,-1
1/31/2025 5:30,-1
1/31/2025 5:45,-1
1/31/2025 6:00,-1
1/31/2025 6:15,-1
1/31/2025 6:30,-1
1/31/2025 6:45,-1
1/31/2025 7:00,-1
1/31/2025 7:15,-1
1/31/2025 7:30,-49
1/31/2025 7:45,-157
1/31/2025 8:00,-417
1/31/2025 8:15,-713
1/31/2025 8:30,-1029
1/31/2025 8:45,-1415
1/31/2025 9:00,-1567
1/31/2025 9:15,-1594
1/31/2025 9:30,-1602
1/31/2025 9:45,-1588
1/31/2025 10:00,-1566
1/31/2025 10:15,-1550
1/31/2025 10:30,-1516
1/31/2025 10:45,-1499
1/31/2025 11:00,-1474
1/31/2025 11:15,-1445
1/31/2025 11:30,-1420
1/31/2025 11:45,-1408
1/31/2025 12:00,-1394
1/31/2025 12:15,-1383
1/31/2025 12:30,-1380
1/31/2025 12:45,-1391
1/31/2025 13:00,-1403
1/31/2025 13:15,-1419
1/31/2025 13:30,-1432
1/31/2025 13:45,-1452
1/31/2025 14:00,-1467
1/31/2025 14:15,-1492
1/31/2025 14:30,-1519
1/31/2025 14:45,-1535
1/31/2025 15:00,-1552
1/31/2025 15:15,-1556
1/31/2025 15:30,-1548
1/31/2025 15:45,-1514
1/31/2025 16:00,-1363
1/31/2025 16:15,-1037
1/31/2025 16:30,-660
1/31/2025 16:45,-408
1/31/2025 17:00,-156
1/31/2025 17:15,-78
1/31/2025 17:30,-16
1/31/2025 17:45,-2
1/31/2025 18:00,-2
1/31/2025 18:15,-2
1/31/2025 18:30,-2
1/31/2025 18:45,-1
1/31/2025 19:00,-1
1/31/2025 19:15,-1
1/31/2025 19:30,-1
1/31/2025 19:45,-1
1/31/2025 20:00,-1
1/31/2025 20:15,-1
1/31/2025 20:30,-1
1/31/2025 20:45,-1
1/31/2025 21:00,-1
1/31/2025 21:15,-1
1/31/2025 21:30,-1
1/31/2025 21:45,-1
1/31/2025 22:00,-1
1/31/2025 22:15,-1
1/31/2025 22:30,-1
1/31/2025 22:45,-1
1/31/2025 23:00,-1
1/31/2025 23:15,-1
1/31/2025 23:30,-1
1/31/2025 23:45,-1
2/1/2025 0:00,-1
2/1/2025 0:15,-1
2/1/2025 0:30,-1
2/1/2025 0:45,-1
2/1/2025 1:00,-1
2/1/2025 1:15,-1
2/1/2025 1:30,-1
2/1/2025 1:45,-1
2/1/2025 2:00,-1
2/1/2025 2:15,-1
2/1/2025 2:30,-1
2/1/2025 2:45,-1
2/1/2025 3:15,-1
2/1/2025 3:30,-1
2/1/2025 3:45,-1
2/1/2025 4:00,-2
2/1/2025 4:15,-1
2/1/2025 4:30,-1
2/1/2025 4:45,-1
2/1/2025 5:00,-1
2/1/2025 5:15,-2
2/1/2025 5:30,-2
2/1/2025 5:45,-2
2/1/2025 6:00,-1
2/1/2025 6:15,-2
2/1/2025 6:30,-2
2/1/2025 6:45,-2
2/1/2025 7:00,-2
2/1/2025 7:15,-2
2/1/2025 7:30,-16
2/1/2025 7:45,-56
2/1/2025 8:00,-95
2/1/2025 8:15,-191
2/1/2025 8:30,-397
2/1/2025 8:45,-508
2/1/2025 9:00,-677
2/1/2025 9:15,-981
2/1/2025 9:30,-997
2/1/2025 9:45,-998
2/1/2025 10:00,-1079
2/1/2025 10:15,-1344
2/1/2025 10:30,-1543
2/1/2025 10:45,-1122
2/1/2025 11:00,-1163
2/1/2025 11:15,-1176
2/1/2025 11:30,-1205
2/1/2025 11:45,-1143
2/1/2025 12:00,-1135
2/1/2025 12:15,-1156
2/1/2025 12:30,-1185
2/1/2025 12:45,-1109
2/1/2025 13:00,-1344
2/1/2025 13:15,-1352
2/1/2025 13:30,-1359
2/1/2025 13:45,-1428
2/1/2025 14:00,-1455
2/1/2025 14:15,-1405
2/1/2025 14:30,-1285
2/1/2025 14:45,-1101
2/1/2025 15:00,-1411
2/1/2025 15:15,-1416
2/1/2025 15:30,-1401
2/1/2025 15:45,-1235
2/1/2025 16:15,-577
2/1/2025 16:30,-459
2/1/2025 16:45,-201
2/1/2025 17:00,-123
2/1/2025 17:15,-87
2/1/2025 17:30,-21
2/1/2025 17:45,-2
2/1/2025 18:00,-2
2/1/2025 18:15,-2
2/1/2025 18:30,-2
2/1/2025 18:45,-1
2/1/2025 19:00,-1
2/1/2025 19:15,-2
2/1/2025 19:30,-2
2/1/2025 19:45,-2
2/1/2025 20:00,-2
2/1/2025 20:15,-2
2/1/2025 20:30,-2
2/1/2025 20:45,-1
2/1/2025 21:00,-2
2/1/2025 21:15,-2
2/1/2025 21:30,-1
2/1/2025 21:45,-2
2/1/2025 22:00,-2
2/1/2025 22:15,-2
2/1/2025 22:30,-1
2/1/2025 22:45,-1
2/1/2025 23:00,-1
2/1/2025 23:15,-1
2/1/2025 23:30,-1
2/1/2025 23:45,-1
2/2/2025 0:00,-1
2/2/2025 0:15,-1
2/2/2025 0:45,-1
2/2/2025 1:00,-1
2/2/2025 1:15,-1
2/2/2025 1:30,-1
2/2/2025 1:45,-1
2/2/2025 2:00,-1
2/2/2025 2:15,-1
2/2/2025 2:30,-1
2/2/2025 2:45,-1
2/2/2025 3:00,-1
2/2/2025 3:15,-1
2/2/2025 3:30,-1
2/2/2025 3:45,-1
2/2/2025 4:00,-1
2/2/2025 4:15,-1
2/2/2025 4:30,-1
2/2/2025 4:45,-1
2/2/2025 5:00,-1
2/2/2025 5:15,-1
2/2/2025 5:30,-1
2/2/2025 5:45,-1
2/2/2025 6:00,-1
2/2/2025 6:15,-1
2/2/2025 6:30,-1
2/2/2025 6:45,-1
2/2/2025 7:00,-1
2/2/2025 7:15,-1
2/2/2025 7:30,-21
2/2/2025 7:45,-77
2/2/2025 8:00,-157
2/2/2025 8:15,-258
2/2/2025 8:30,-345
2/2/2025 8:45,-619
2/2/2025 9:00,-746
2/2/2025 9:15,-1385
2/2/2025 9:30,-1464
2/2/2025 9:45,-1570
2/2/2025 10:00,-1506
2/2/2025 10:15,-1445
2/2/2025 10:30,-1364
2/2/2025 10:45,-1440
2/2/2025 11:00,-1441
2/2/2025 11:15,-1408
2/2/2025 11:30,-1385
2/2/2025 11:45,-1369
2/2/2025 12:00,-1353
2/2/2025 12:15,-1346
2/2/2025 12:30,-1337
2/2/2025 12:45,-1352
2/2/2025 13:00,-1361
2/2/2025 13:15,-1391
2/2/2025 13:30,-1411
2/2/2025 13:45,-1432
2/2/2025 14:00,-1452
2/2/2025 14:15,-1471
2/2/2025 14:30,-1493
2/2/2025 14:45,-1506
2/2/2025 15:00,-1522
2/2/2025 15:15,-1525
2/2/2025 15:30,-1517
2/2/2025 15:45,-1478
2/2/2025 16:00,-1356
2/2/2025 16:15,-1002
2/2/2025 16:30,-660
2/2/2025 16:45,-420
2/2/2025 17:00,-223
2/2/2025 17:15,-83
2/2/2025 17:30,-17
2/2/2025 17:45,-2
2/2/2025 18:00,-2
2/2/2025 18:15,-2
2/2/2025 18:30,-2
2/2/2025 18:45,-2
2/2/2025 19:00,-2
2/2/2025 19:15,-2
2/2/2025 19:30,-2
2/2/2025 19:45,-3
2/2/2025 20:00,-1
2/2/2025 20:15,-1
2/2/2025 20:30,-1
2/2/2025 20:45,-1
2/2/2025 21:00,-1
2/2/2025 21:15,-1
2/2/2025 21:30,-1
2/2/2025 21:45,-1
2/2/2025 22:00,-1
2/2/2025 22:15,-1
2/2/2025 22:30,-1
2/2/2025 22:45,-1
2/2/2025 23:00,-1
2/2/2025 23:15,-1
2/2/2025 23:30,-1
2/2/2025 23:45,-1
2/3/2025 0:00,-1
2/3/2025 0:15,-1
2/3/2025 0:30,-1
2/3/2025 0:45,-1
2/3/2025 1:00,-1
2/3/2025 1:15,-1
2/3/2025 1:30,-1
2/3/2025 1:45,-1
2/3/2025 2:00,-1
2/3/2025 2:15,-1
2/3/2025 2:30,-1
2/3/2025 2:45,-1
2/3/2025 3:00,-1
2/3/2025 3:15,-1
2/3/2025 3:30,-1
2/3/2025 3:45,-1
2/3/2025 4:00,-1
2/3/2025 4:15,-1
2/3/2025 4:30,-1
2/3/2025 4:45,-1
2/3/2025 5:00,-1
2/3/2025 5:15,-1
2/3/2025 5:30,-1
2/3/2025 5:45,-1
2/3/2025 6:00,-1
2/3/2025 6:15,-1
2/3/2025 6:30,-1
2/3/2025 6:45,-1
2/3/2025 7:00,-1
2/3/2025 7:15,-1
2/3/2025 7:30,-62
2/3/2025 7:45,-295
2/3/2025 8:00,-546
2/3/2025 8:15,-839
2/3/2025 8:30,-1155
2/3/2025 8:45,-1395
2/3/2025 9:00,-1529
2/3/2025 9:15,-1547
2/3/2025 9:30,-1511
2/3/2025 9:45,-1520
2/3/2025 10:00,-1524
2/3/2025 10:15,-1485
2/3/2025 10:30,-1458
2/3/2025 10:45,-1444
2/3/2025 11:00,-1444
2/3/2025 11:15,-1420
2/3/2025 11:30,-1322
2/3/2025 11:45,-1280
2/3/2025 12:00,-1032
2/3/2025 12:15,-1321
2/3/2025 12:30,-1302
2/3/2025 12:45,-1393
2/3/2025 13:00,-1499
2/3/2025 13:15,-941
2/3/2025 13:30,-1256
2/3/2025 13:45,-1302
2/3/2025 14:00,-1029
2/3/2025 14:15,-1007
2/3/2025 14:30,-1210
2/3/2025 14:45,-994
2/3/2025 15:00,-1077
2/3/2025 15:15,-948
2/3/2025 15:30,-1189
2/3/2025 15:45,-1083
2/3/2025 16:00,-1203
2/3/2025 16:15,-551
2/3/2025 16:30,-691
2/3/2025 16:45,-260
2/3/2025 17:00,-237
2/3/2025 17:15,-89
2/3/2025 17:30,-24
2/3/2025 17:45,-2
2/3/2025 18:00,-2
2/3/2025 18:15,-2
2/3/2025 18:30,-2
2/3/2025 18:45,-2
2/3/2025 19:00,-2
2/3/2025 19:15,-2
2/3/2025 19:30,-2
2/3/2025 19:45,-1
2/3/2025 20:00,-2
2/3/2025 20:15,-1
2/3/2025 20:30,-1
2/3/2025 20:45,-1
2/3/2025 21:00,-1
2/3/2025 21:15,-1
2/3/2025 21:30,-1
2/3/2025 21:45,-1
2/3/2025 22:00,-1
2/3/2025 22:15,-1
2/3/2025 22:45,-1
2/3/2025 23:00,-1
2/3/2025 23:15,-2
2/3/2025 23:30,-2
2/3/2025 23:45,-2
2/4/2025 0:00,-2
2/4/2025 0:15,-1
2/4/2025 0:30,-2
2/4/2025 0:45,-2
2/4/2025 1:00,-2
2/4/2025 1:15,-2
2/4/2025 1:30,-1
2/4/2025 1:45,-2
2/4/2025 2:00,-2
2/4/2025 2:15,-2
2/4/2025 2:30,-1
2/4/2025 2:45,-1
2/4/2025 3:00,-1
2/4/2025 3:15,-1
2/4/2025 3:30,-1
2/4/2025 3:45,-1
2/4/2025 4:15,-1
2/4/2025 4:30,-1
2/4/2025 4:45,-1
2/4/2025 5:00,-1
2/4/2025 5:15,-1
2/4/2025 5:30,-1
2/4/2025 5:45,-1
2/4/2025 6:00,-1
2/4/2025 6:15,-1
2/4/2025 6:30,-1
2/4/2025 6:45,-1
2/4/2025 7:00,-1
2/4/2025 7:15,-1
2/4/2025 7:30,-37
2/4/2025 7:45,-69
2/4/2025 8:00,-215
2/4/2025 8:15,-507
2/4/2025 8:30,-1043
2/4/2025 8:45,-1419
2/4/2025 9:00,-1533
2/4/2025 9:15,-1560
2/4/2025 9:30,-1571
2/4/2025 9:45,-1580
2/4/2025 10:00,-945
2/4/2025 10:15,-1546
2/4/2025 10:30,-722
2/4/2025 10:45,-1463
2/4/2025 11:00,-1260
2/4/2025 11:15,-850
2/4/2025 11:30,-479
2/4/2025 11:45,-482
2/4/2025 12:00,-776
2/4/2025 12:15,-604
2/4/2025 12:30,-662
2/4/2025 12:45,-562
2/4/2025 13:00,-568
2/4/2025 13:15,-438
2/4/2025 13:30,-442
2/4/2025 13:45,-515
2/4/2025 14:00,-943
2/4/2025 14:15,-873
2/4/2025 14:30,-1593
2/4/2025 14:45,-1285
2/4/2025 15:00,-612
2/4/2025 15:15,-1167
2/4/2025 15:30,-1624
2/4/2025 15:45,-1197
2/4/2025 16:00,-654
2/4/2025 16:15,-885
2/4/2025 16:30,-160
2/4/2025 16:45,-631
2/4/2025 17:00,-255
2/4/2025 17:15,-106
2/4/2025 17:30,-20
2/4/2025 17:45,-2
2/4/2025 18:00,-2
2/4/2025 18:15,-2
2/4/2025 18:30,-2
2/4/2025 18:45,-2
2/4/2025 19:00,-2
2/4/2025 19:15,-2
2/4/2025 19:30,-2
2/4/2025 19:45,-2
2/4/2025 20:00,-2
2/4/2025 20:15,-1
2/4/2025 20:30,-1
2/4/2025 20:45,-1
2/4/2025 21:00,-1
2/4/2025 21:15,-1
2/4/2025 21:30,-1
2/4/2025 21:45,-1
2/4/2025 22:00,-1
2/4/2025 22:15,-1
2/4/2025 22:30,-1
2/4/2025 22:45,-1
2/4/2025 23:00,-1
2/4/2025 23:15,-1
2/4/2025 23:30,-1
2/4/2025 23:45,-1
2/5/2025 0:00,-1
2/5/2025 0:15,-1
2/5/2025 0:30,-1
2/5/2025 0:45,-1
2/5/2025 1:00,-1
2/5/2025 1:15,-1
2/5/2025 1:30,-1
2/5/2025 1:45,-1
2/5/2025 2:00,-1
2/5/2025 2:15,-1
2/5/2025 2:30,-1
2/5/2025 2:45,-1
2/5/2025 3:00,-1
2/5/2025 3:15,-1
2/5/2025 3:30,-1
2/5/2025 3:45,-1
2/5/2025 4:00,-1
2/5/2025 4:15,-1
2/5/2025 4:30,-2
2/5/2025 4:45,-1
2/5/2025 5:00,-1
2/5/2025 5:15,-1
2/5/2025 5:30,-1
2/5/2025 5:45,-1
2/5/2025 6:00,-1
2/5/2025 6:15,-1
2/5/2025 6:30,-1
2/5/2025 6:45,-1
2/5/2025 7:00,-1
2/5/2025 7:15,-1
2/5/2025 7:30,-72
2/5/2025 7:45,-248
2/5/2025 8:00,-578
2/5/2025 8:15,-878
2/5/2025 8:30,-1167
2/5/2025 8:45,-1409
2/5/2025 9:00,-1524
2/5/2025 9:15,-1545
2/5/2025 9:30,-1553
2/5/2025 9:45,-1562
2/5/2025 10:00,-1550
2/5/2025 10:15,-1535
2/5/2025 10:30,-1520
2/5/2025 10:45,-1495
2/5/2025 11:00,-1485
2/5/2025 11:15,-1461
2/5/2025 11:30,-1459
2/5/2025 11:45,-1442
2/5/2025 12:00,-1434
2/5/2025 12:15,-1436
2/5/2025 12:30,-1423
2/5/2025 12:45,-1422
2/5/2025 13:00,-1439
2/5/2025 13:15,-1448
2/5/2025 13:30,-1471
2/5/2025 13:45,-1492
2/5/2025 14:00,-1514
2/5/2025 14:15,-1531
2/5/2025 14:30,-1549
2/5/2025 14:45,-1560
2/5/2025 15:00,-1567
2/5/2025 15:15,-1564
2/5/2025 15:30,-1549
2/5/2025 15:45,-1525
2/5/2025 16:00,-1425
2/5/2025 16:15,-1145
2/5/2025 16:30,-716
2/5/2025 16:45,-457
2/5/2025 17:00,-261
2/5/2025 17:15,-114
2/5/2025 17:30,-31
2/5/2025 17:45,-5
2/5/2025 18:00,-2
2/5/2025 18:15,-2
2/5/2025 18:30,-2
2/5/2025 18:45,-2
2/5/2025 19:00,-2
2/5/2025 19:15,-2
2/5/2025 19:30,-2
2/5/2025 19:45,-1
2/5/2025 20:00,-2
2/5/2025 20:15,-2
2/5/2025 20:30,-1
2/5/2025 20:45,-1
2/5/2025 21:00,-1
2/5/2025 21:15,-1
2/5/2025 21:30,-1
2/5/2025 21:45,-1
2/5/2025 22:00,-1
2/5/2025 22:15,-1
2/5/2025 22:30,-1
2/5/2025 22:45,-1
2/5/2025 23:00,-1
2/5/2025 23:15,-1
2/5/2025 23:30,-1
2/5/2025 23:45,-1
2/6/2025 0:00,-1
2/6/2025 0:15,-1
2/6/2025 0:30,-1
2/6/2025 0:45,-1
2/6/2025 1:00,-1
2/6/2025 1:15,-1
2/6/2025 1:30,-1
2/6/2025 1:45,-1
2/6/2025 2:00,-1
2/6/2025 2:15,-1
2/6/2025 2:30,-1
2/6/2025 2:45,-1
2/6/2025 3:00,-1
2/6/2025 3:15,-1
2/6/2025 3:30,-1
2/6/2025 3:45,-1
2/6/2025 4:00,-2
2/6/2025 4:15,-1
2/6/2025 4:30,-1
2/6/2025 4:45,-1
2/6/2025 5:00,-1
2/6/2025 5:15,-1
2/6/2025 5:30,-1
2/6/2025 5:45,-1
2/6/2025 6:00,-1
2/6/2025 6:15,-1
2/6/2025 6:30,-1
2/6/2025 6:45,-1
2/6/2025 7:00,-1
2/6/2025 7:15,-2
2/6/2025 7:30,-100
2/6/2025 7:45,-296
2/6/2025 8:00,-616
2/6/2025 8:15,-901
2/6/2025 8:30,-1195
2/6/2025 8:45,-1453
2/6/2025 9:00,-1553
2/6/2025 9:15,-1576
2/6/2025 9:30,-1582
2/6/2025 9:45,-1577
2/6/2025 10:00,-1567
2/6/2025 10:15,-1550
2/6/2025 10:30,-1538
2/6/2025 10:45,-1519
2/6/2025 11:00,-1497
2/6/2025 11:15,-1469
2/6/2025 11:30,-1455
2/6/2025 11:45,-1439
2/6/2025 12:00,-1425
2/6/2025 12:15,-1419
2/6/2025 12:30,-1417
2/6/2025 12:45,-1429
2/6/2025 13:00,-1451
2/6/2025 13:15,-1460
2/6/2025 13:30,-1467
2/6/2025 13:45,-1488
2/6/2025 14:00,-1515
2/6/2025 14:15,-1539
2/6/2025 14:30,-1550
2/6/2025 14:45,-1573
2/6/2025 15:00,-1589
2/6/2025 15:15,-1491
2/6/2025 15:30,-1410
2/6/2025 15:45,-1599
2/6/2025 16:00,-1389
2/6/2025 16:15,-913
2/6/2025 16:30,-790
2/6/2025 16:45,-496
2/6/2025 17:00,-267
2/6/2025 17:15,-133
2/6/2025 17:30,-36
2/6/2025 17:45,-8
2/6/2025 18:00,-2
2/6/2025 18:15,-2
2/6/2025 18:30,-2
2/6/2025 18:45,-2
2/6/2025 19:00,-2
2/6/2025 19:15,-2
2/6/2025 19:30,-1
2/6/2025 19:45,-2
2/6/2025 20:00,-2
2/6/2025 20:15,-2
2/6/2025 20:30,-1
2/6/2025 20:45,-1
2/6/2025 21:00,-1
2/6/2025 21:15,-1
2/6/2025 21:30,-1
2/6/2025 21:45,-1
2/6/2025 22:00,-1
2/6/2025 22:15,-1
2/6/2025 22:30,-1
2/6/2025 22:45,-1
2/6/2025 23:00,-1
2/6/2025 23:15,-1
2/6/2025 23:30,-1
2/6/2025 23:45,-1
2/7/2025 0:00,-1
2/7/2025 0:15,-1
2/7/2025 0:30,-1
2/7/2025 0:45,-1
2/7/2025 1:00,-1
2/7/2025 1:15,-1
2/7/2025 1:30,-1
2/7/2025 1:45,-1
2/7/2025 2:00,-1
2/7/2025 2:15,-1
2/7/2025 2:30,-1
2/7/2025 2:45,-1
2/7/2025 3:00,-1
2/7/2025 3:15,-1
2/7/2025 3:30,-1
2/7/2025 3:45,-1
2/7/2025 4:00,-1
2/7/2025 4:15,-1
2/7/2025 4:30,-1
2/7/2025 4:45,-1
2/7/2025 5:00,-1
2/7/2025 5:15,-1
2/7/2025 5:30,-1
2/7/2025 5:45,-1
2/7/2025 6:00,-1
2/7/2025 6:15,-1
2/7/2025 6:30,-1
2/7/2025 6:45,-1
2/7/2025 7:00,-2
2/7/2025 7:15,-13
2/7/2025 7:30,-95
2/7/2025 7:45,-321
2/7/2025 8:00,-616
2/7/2025 8:15,-934
2/7/2025 8:30,-1215
2/7/2025 8:45,-1474
2/7/2025 9:00,-1548
2/7/2025 9:15,-1590
2/7/2025 9:30,-1601
2/7/2025 9:45,-1589
2/7/2025 10:00,-1577
2/7/2025 10:15,-1565
2/7/2025 10:30,-1545
2/7/2025 10:45,-1516
2/7/2025 11:00,-1497
2/7/2025 11:15,-1459
2/7/2025 11:30,-1443
2/7/2025 11:45,-1426
2/7/2025 12:00,-1413
2/7/2025 12:15,-1403
2/7/2025 12:30,-1398
2/7/2025 12:45,-1418
2/7/2025 13:00,-1420
2/7/2025 13:15,-1448
2/7/2025 13:30,-1465
2/7/2025 13:45,-1498
2/7/2025 14:00,-1513
2/7/2025 14:15,-1531
2/7/2025 14:30,-1550
2/7/2025 14:45,-1565
2/7/2025 15:00,-1583
2/7/2025 15:15,-1584
2/7/2025 15:30,-1576
2/7/2025 15:45,-1544
2/7/2025 16:00,-1475
2/7/2025 16:15,-1190
2/7/2025 16:30,-768
2/7/2025 16:45,-494
2/7/2025 17:00,-286
2/7/2025 17:15,-131
2/7/2025 17:30,-34
2/7/2025 17:45,-2
2/7/2025 18:00,-3
2/7/2025 18:15,-2
2/7/2025 18:30,-2
2/7/2025 18:45,-2
2/7/2025 19:00,-2
2/7/2025 19:15,-2
2/7/2025 19:30,-2
2/7/2025 19:45,-2
2/7/2025 20:00,-2
2/7/2025 20:15,-2
2/7/2025 20:30,-2
2/7/2025 20:45,-2
2/7/2025 21:00,-2
2/7/2025 21:15,-2
2/7/2025 21:30,-2
2/7/2025 21:45,-1
2/7/2025 22:00,-1
2/7/2025 22:15,-1
2/7/2025 22:30,-1
2/7/2025 22:45,-1
2/7/2025 23:00,-1
2/7/2025 23:15,-1
2/7/2025 23:30,-1
2/7/2025 23:45,-1
2/8/2025 0:00,-1
2/8/2025 0:15,-1
2/8/2025 0:30,-1
2/8/2025 0:45,-1
2/8/2025 1:00,-1
2/8/2025 1:15,-1
2/8/2025 1:30,-1
2/8/2025 1:45,-1
2/8/2025 2:00,-1
2/8/2025 2:15,-1
2/8/2025 2:30,-1
2/8/2025 2:45,-1
2/8/2025 3:00,-1
2/8/2025 3:15,-1
2/8/2025 3:30,-2
2/8/2025 3:45,-2
2/8/2025 4:15,-1
2/8/2025 4:30,-2
2/8/2025 4:45,-1
2/8/2025 5:00,-1
2/8/2025 5:15,-1
2/8/2025 5:30,-1
2/8/2025 5:45,-1
2/8/2025 6:00,-1
2/8/2025 6:15,-2
2/8/2025 6:30,-2
2/8/2025 6:45,-2
2/8/2025 7:00,-2
2/8/2025 7:15,0
2/8/2025 7:30,-126
2/8/2025 7:45,-83
2/8/2025 8:00,-525
2/8/2025 8:15,-936
2/8/2025 8:30,-1237
2/8/2025 8:45,-1455
2/8/2025 9:00,-1537
2/8/2025 9:15,-1554
2/8/2025 9:30,-1574
2/8/2025 9:45,-1597
2/8/2025 10:00,-1602
2/8/2025 10:15,-1507
2/8/2025 10:30,-1599
2/8/2025 10:45,-1637
2/8/2025 11:00,-588
2/8/2025 11:15,-896
2/8/2025 11:30,-1549
2/8/2025 11:45,-1546
2/8/2025 12:00,-1410
2/8/2025 12:15,-1345
2/8/2025 12:30,-416
2/8/2025 12:45,-780
2/8/2025 13:00,-1540
2/8/2025 13:15,-1590
2/8/2025 13:30,-1604
2/8/2025 13:45,-495
2/8/2025 14:00,-1115
2/8/2025 14:15,-510
2/8/2025 14:30,-1612
2/8/2025 14:45,-634
2/8/2025 15:00,-329
2/8/2025 15:15,-1673
2/8/2025 15:30,-1594
2/8/2025 15:45,-1541
2/8/2025 16:00,-1512
2/8/2025 16:15,-1254
2/8/2025 16:30,-830
2/8/2025 16:45,-510
2/8/2025 17:00,-305
2/8/2025 17:15,-142
2/8/2025 17:30,-40
2/8/2025 17:45,-7
2/8/2025 18:00,-3
2/8/2025 18:15,-2
2/8/2025 18:30,-2
2/8/2025 18:45,-2
2/8/2025 19:00,-2
2/8/2025 19:15,-2
2/8/2025 19:30,-2
2/8/2025 19:45,-1
2/8/2025 20:00,-1
2/8/2025 20:15,-1
2/8/2025 20:30,-1
2/8/2025 20:45,-1
2/8/2025 21:00,-1
2/8/2025 21:15,-1
2/8/2025 21:30,-1
2/8/2025 21:45,-1
2/8/2025 22:00,-1
2/8/2025 22:15,-1
2/8/2025 22:30,-1
2/8/2025 22:45,-1
2/8/2025 23:00,-1
2/8/2025 23:15,-1
2/8/2025 23:30,-1
2/8/2025 23:45,-1
2/9/2025 0:00,-1
2/9/2025 0:15,-1
2/9/2025 0:30,-1
2/9/2025 0:45,-1
2/9/2025 1:00,-1
2/9/2025 1:15,-1
2/9/2025 1:30,-1
2/9/2025 1:45,-1
2/9/2025 2:00,-1
2/9/2025 2:15,-1
2/9/2025 2:30,-1
2/9/2025 2:45,-1
2/9/2025 3:00,-1
2/9/2025 3:15,-1
2/9/2025 3:30,-1
2/9/2025 3:45,-1
2/9/2025 4:00,-1
2/9/2025 4:15,-1
2/9/2025 4:30,-1
2/9/2025 4:45,-1
2/9/2025 5:00,-1
2/9/2025 5:15,-1
2/9/2025 5:30,-1
2/9/2025 5:45,-1
2/9/2025 6:00,-1
2/9/2025 6:15,-1
2/9/2025 6:30,-1
2/9/2025 6:45,-1
2/9/2025 7:00,-1
2/9/2025 7:15,-25
2/9/2025 7:30,-97
2/9/2025 7:45,-140
2/9/2025 8:00,-355
2/9/2025 8:15,-953
2/9/2025 8:30,-633
2/9/2025 8:45,-1281
2/9/2025 9:00,-1678
2/9/2025 9:15,-1350
2/9/2025 9:30,-1669
2/9/2025 9:45,-1529
2/9/2025 10:00,-1086
2/9/2025 10:30,-1492
2/9/2025 10:45,-1452
2/9/2025 11:00,-879
2/9/2025 11:15,-1616
2/9/2025 11:30,-1312
2/9/2025 11:45,-1329
2/9/2025 12:00,-1563
2/9/2025 12:15,-1404
2/9/2025 12:30,-1307
2/9/2025 12:45,-1221
2/9/2025 13:00,-971
2/9/2025 13:15,-847
2/9/2025 13:30,-1029
2/9/2025 13:45,-1049
2/9/2025 14:00,-910
2/9/2025 14:15,-874
2/9/2025 14:30,-949
2/9/2025 14:45,-950
2/9/2025 15:00,-1133
2/9/2025 15:15,-829
2/9/2025 15:30,-585
2/9/2025 15:45,-565
2/9/2025 16:00,-381
2/9/2025 16:15,-248
2/9/2025 16:30,-241
2/9/2025 16:45,-229
2/9/2025 17:00,-116
2/9/2025 17:15,-72
2/9/2025 17:30,-21
2/9/2025 17:45,-1
2/9/2025 18:00,-2
2/9/2025 18:15,-2
2/9/2025 18:30,-2
2/9/2025 18:45,-2
2/9/2025 19:00,-2
2/9/2025 19:15,-2
2/9/2025 19:30,-2
2/9/2025 19:45,-2
2/9/2025 20:00,-2
2/9/2025 20:15,-2
2/9/2025 20:30,-2
2/9/2025 20:45,-2
2/9/2025 21:00,-1
2/9/2025 21:15,-1
2/9/2025 21:30,-1
2/9/2025 21:45,-2
2/9/2025 22:00,-2
2/9/2025 22:15,-1
2/9/2025 22:30,-1
2/9/2025 22:45,-1
2/9/2025 23:00,-2
2/9/2025 23:15,-1
2/9/2025 23:30,-1
2/9/2025 23:45,-2
2/10/2025 0:00,-2
2/10/2025 0:15,-2
2/10/2025 0:30,-2
2/10/2025 0:45,-2
2/10/2025 1:00,-2
2/10/2025 1:15,-2
2/10/2025 1:30,-2
2/10/2025 1:45,-2
2/10/2025 2:00,-2
2/10/2025 2:15,-2
2/10/2025 2:30,-2
2/10/2025 2:45,-2
2/10/2025 3:00,-2
2/10/2025 3:15,-2
2/10/2025 3:30,-2
2/10/2025 3:45,-2
2/10/2025 4:00,-2
2/10/2025 4:15,-2
2/10/2025 4:30,-2
2/10/2025 4:45,-2
2/10/2025 5:00,-2
2/10/2025 5:15,-2
2/10/2025 5:30,-2
2/10/2025 5:45,-2
2/10/2025 6:15,-2
2/10/2025 6:30,-2
2/10/2025 6:45,-2
2/10/2025 7:00,-2
2/10/2025 7:15,0
2/10/2025 7:30,-38
2/10/2025 7:45,-125
2/10/2025 8:00,-525
2/10/2025 8:15,-1014
2/10/2025 8:30,-1413
2/10/2025 8:45,-1619
2/10/2025 9:00,-1397
2/10/2025 9:15,-714
2/10/2025 9:30,-767
2/10/2025 9:45,-1542
2/10/2025 10:00,-672
2/10/2025 10:15,-631
2/10/2025 10:30,-941
2/10/2025 10:45,-1263
2/10/2025 11:00,-1653
2/10/2025 11:15,-1076
2/10/2025 11:30,-1153
2/10/2025 11:45,-865
2/10/2025 12:00,-1070
2/10/2025 12:15,-1374
2/10/2025 12:30,-640
2/10/2025 12:45,-504
2/10/2025 13:00,-495
2/10/2025 13:15,-429
2/10/2025 13:30,-448
2/10/2025 13:45,-215
2/10/2025 14:00,-82
2/10/2025 14:15,-101
2/10/2025 14:30,-191
2/10/2025 14:45,-339
2/10/2025 15:00,-211
2/10/2025 15:15,-277
2/10/2025 15:30,-253
2/10/2025 15:45,-182
2/10/2025 16:00,-105
2/10/2025 16:15,-112
2/10/2025 16:30,-92
2/10/2025 16:45,-81
2/10/2025 17:00,-96
2/10/2025 17:15,-48
2/10/2025 17:30,-22
2/10/2025 17:45,-9
2/10/2025 18:00,-2
2/10/2025 18:15,-2
2/10/2025 18:30,-2
2/10/2025 18:45,-1
2/10/2025 19:00,-2
2/10/2025 19:15,-1
2/10/2025 19:30,-1
2/10/2025 19:45,-1
2/10/2025 20:00,-1
2/10/2025 20:15,-1
2/10/2025 20:30,-1
2/10/2025 20:45,-1
2/10/2025 21:15,-1
2/10/2025 21:30,-1
2/10/2025 21:45,-1
2/10/2025 22:00,-1
2/10/2025 22:15,-1
2/10/2025 22:30,-1
2/10/2025 22:45,-1
2/10/2025 23:00,-1
2/10/2025 23:15,-1
2/10/2025 23:30,-1
2/10/2025 23:45,-1
2/11/2025 0:00,-1
2/11/2025 0:15,-1
2/11/2025 0:30,-1
2/11/2025 0:45,-1
2/11/2025 1:00,-1
2/11/2025 1:15,-1
2/11/2025 1:30,-1
2/11/2025 1:45,-1
2/11/2025 2:00,-1
2/11/2025 2:15,-1
2/11/2025 2:30,-1
2/11/2025 2:45,-1
2/11/2025 3:00,-1
2/11/2025 3:15,-1
2/11/2025 3:30,-1
2/11/2025 3:45,-1
2/11/2025 4:00,-1
2/11/2025 4:15,-1
2/11/2025 4:30,-1
2/11/2025 4:45,-1
2/11/2025 5:00,-1
2/11/2025 5:15,-1
2/11/2025 5:30,-1
2/11/2025 5:45,-1
2/11/2025 6:00,-1
2/11/2025 6:15,-1
2/11/2025 6:30,-1
2/11/2025 6:45,-1
2/11/2025 7:00,-1
2/11/2025 7:15,1
2/11/2025 7:30,-52
2/11/2025 7:45,-96
2/11/2025 8:00,-144
2/11/2025 8:15,-148
2/11/2025 8:30,-340
2/11/2025 8:45,-448
2/11/2025 9:00,-230
2/11/2025 9:15,-492
2/11/2025 9:30,-436
2/11/2025 9:45,-304
2/11/2025 10:00,-317
2/11/2025 10:15,-444
2/11/2025 10:30,-426
2/11/2025 10:45,-753
2/11/2025 11:00,-1658
2/11/2025 11:15,-1388
2/11/2025 11:30,-1647
2/11/2025 11:45,-1005
2/11/2025 12:00,-1375
2/11/2025 12:15,-1382
2/11/2025 12:30,-843
2/11/2025 12:45,-938
2/11/2025 13:00,-670
2/11/2025 13:15,-515
2/11/2025 13:30,-518
2/11/2025 14:00,-355
2/11/2025 14:15,-288
2/11/2025 14:30,-327
2/11/2025 14:45,-355
2/11/2025 15:00,-325
2/11/2025 15:15,-214
2/11/2025 15:30,-167
2/11/2025 15:45,-136
2/11/2025 16:00,-84
2/11/2025 16:15,-62
2/11/2025 16:30,-63
2/11/2025 16:45,-66
2/11/2025 17:00,-70
2/11/2025 17:15,-76
2/11/2025 17:30,-40
2/11/2025 17:45,-14
2/11/2025 18:00,-2
2/11/2025 18:15,-2
2/11/2025 18:30,-2
2/11/2025 18:45,-2
2/11/2025 19:00,-2
2/11/2025 19:15,-2
2/11/2025 19:30,-2
2/11/2025 19:45,-2
2/11/2025 20:00,-2
2/11/2025 20:15,-2
2/11/2025 20:30,-2
2/11/2025 20:45,-2
2/11/2025 21:00,-2
2/11/2025 21:15,-2
2/11/2025 21:30,-2
2/11/2025 21:45,-2
2/11/2025 22:00,-2
2/11/2025 22:15,-2
2/11/2025 22:30,-2
2/11/2025 22:45,-2
2/11/2025 23:00,-2
2/11/2025 23:15,-1
2/11/2025 23:30,-1
2/11/2025 23:45,-2
2/12/2025 0:00,-1
2/12/2025 0:15,-1
2/12/2025 0:30,-1
2/12/2025 0:45,-1
2/12/2025 1:00,-1
2/12/2025 1:15,-1
2/12/2025 1:30,-1
2/12/2025 1:45,-1
2/12/2025 2:00,-1
2/12/2025 2:15,-1
2/12/2025 2:30,-1
2/12/2025 2:45,-1
2/12/2025 3:00,-1
2/12/2025 3:15,-1
2/12/2025 3:30,-1
2/12/2025 3:45,-1
2/12/2025 4:00,-1
2/12/2025 4:15,-1
2/12/2025 4:30,-1
2/12/2025 4:45,-1
2/12/2025 5:00,-1
2/12/2025 5:15,-1
2/12/2025 5:30,-1
2/12/2025 5:45,-1
2/12/2025 6:00,-1
2/12/2025 6:15,-1
2/12/2025 6:30,-1
2/12/2025 6:45,-1
2/12/2025 7:00,-1
2/12/2025 7:15,-41
2/12/2025 7:30,-176
2/12/2025 7:45,-471
2/12/2025 8:00,-773
2/12/2025 8:15,-1111
2/12/2025 8:30,-1402
2/12/2025 8:45,-1612
2/12/2025 9:00,-1637
2/12/2025 9:15,-1669
2/12/2025 9:30,-1651
2/12/2025 9:45,-1638
2/12/2025 10:00,-1650
2/12/2025 10:15,-1657
2/12/2025 10:30,-1645
2/12/2025 10:45,-1618
2/12/2025 11:00,-1611
2/12/2025 11:15,-1595
2/12/2025 11:30,-1585
2/12/2025 11:45,-1572
2/12/2025 12:00,-1564
2/12/2025 12:15,-1555
2/12/2025 12:30,-1557
2/12/2025 12:45,-1558
2/12/2025 13:00,-1561
2/12/2025 13:15,-1572
2/12/2025 13:30,-1584
2/12/2025 13:45,-1607
2/12/2025 14:00,-1629
2/12/2025 14:15,-1653
2/12/2025 14:30,-1671
2/12/2025 14:45,-1675
2/12/2025 15:00,-1674
2/12/2025 15:15,-1673
2/12/2025 15:30,-1674
2/12/2025 15:45,-1669
2/12/2025 16:00,-1649
2/12/2025 16:15,-1466
2/12/2025 16:30,-1041
2/12/2025 16:45,-630
2/12/2025 17:00,-395
2/12/2025 17:15,-198
2/12/2025 17:30,-62
2/12/2025 17:45,-14
2/12/2025 18:00,-2
2/12/2025 18:15,-2
2/12/2025 18:30,-2
2/12/2025 18:45,-2
2/12/2025 19:00,-1
2/12/2025 19:15,-1
2/12/2025 19:30,-1
2/12/2025 19:45,-1
2/12/2025 20:00,-1
2/12/2025 20:15,-1
2/12/2025 20:30,-1
2/12/2025 20:45,-1
2/12/2025 21:00,-1
2/12/2025 21:15,-1
2/12/2025 21:30,-1
2/12/2025 21:45,-1
2/12/2025 22:00,-1
2/12/2025 22:15,-1
2/12/2025 22:30,-1
2/12/2025 22:45,-1
2/12/2025 23:00,-1
2/12/2025 23:30,-1
2/12/2025 23:45,-1
2/13/2025 0:00,-1
2/13/2025 0:15,-1
2/13/2025 0:30,-1
2/13/2025 0:45,-1
2/13/2025 1:00,-1
2/13/2025 1:15,-1
2/13/2025 1:30,-1
2/13/2025 1:45,-1
2/13/2025 2:00,-1
2/13/2025 2:15,-1
2/13/2025 2:30,-1
2/13/2025 2:45,-1
2/13/2025 3:00,-1
2/13/2025 3:15,-1
2/13/2025 3:30,-1
2/13/2025 3:45,-1
2/13/2025 4:00,-1
2/13/2025 4:15,-1
2/13/2025 4:30,-1
2/13/2025 4:45,-1
2/13/2025 5:00,-1
2/13/2025 5:15,-1
2/13/2025 5:30,-1
2/13/2025 5:45,-1
2/13/2025 6:00,-1
2/13/2025 6:15,-1
2/13/2025 6:30,-1
2/13/2025 6:45,-1
2/13/2025 7:00,-1
2/13/2025 7:30,-199
2/13/2025 7:45,-496
2/13/2025 8:00,-819
2/13/2025 8:15,-1141
2/13/2025 8:30,-1429
2/13/2025 8:45,-1637
2/13/2025 9:00,-1630
2/13/2025 9:15,-1678
2/13/2025 9:30,-1677
2/13/2025 9:45,-1651
2/13/2025 10:00,-1669
2/13/2025 10:15,-1629
2/13/2025 10:30,-1634
2/13/2025 10:45,-1617
2/13/2025 11:00,-1590
2/13/2025 11:15,-1541
2/13/2025 11:30,-1586
2/13/2025 11:45,-831
2/13/2025 12:00,-1463
2/13/2025 12:15,-1517
2/13/2025 12:30,-1280
2/13/2025 12:45,-1536
2/13/2025 13:00,-885
2/13/2025 13:45,-816
2/13/2025 14:00,-1511
2/13/2025 14:15,-1229
2/13/2025 14:30,-681
2/13/2025 14:45,-354
2/13/2025 15:30,-272
2/13/2025 15:45,-215
2/13/2025 16:00,-151
2/13/2025 16:15,-176
2/13/2025 16:30,-166
2/13/2025 16:45,-128
2/13/2025 17:00,-39
2/13/2025 17:15,-15
2/13/2025 17:30,-10
2/13/2025 17:45,-2
2/13/2025 18:00,-2
2/13/2025 18:15,-2
2/13/2025 18:30,-2
2/13/2025 18:45,-2
2/13/2025 19:00,-2
2/13/2025 19:15,-2
2/13/2025 19:30,-1
2/13/2025 19:45,-1
2/13/2025 20:00,-2
2/13/2025 20:15,-2
2/13/2025 20:30,-2
2/13/2025 20:45,-2
2/13/2025 21:00,-2
2/13/2025 21:15,-2
2/13/2025 21:30,-2
2/13/2025 21:45,-2
2/13/2025 22:00,-2
2/13/2025 22:15,-2
2/13/2025 22:30,-1
2/13/2025 22:45,-1
2/13/2025 23:00,-1
2/13/2025 23:15,-1
2/13/2025 23:30,-1
2/13/2025 23:45,-1
2/14/2025 0:00,-1
2/14/2025 0:15,-1
2/14/2025 0:30,-2
2/14/2025 0:45,-1
2/14/2025 1:00,-1
2/14/2025 1:15,-1
2/14/2025 1:30,-1
2/14/2025 1:45,-1
2/14/2025 2:00,-1
2/14/2025 2:15,-2
2/14/2025 2:30,-2
2/14/2025 2:45,-2
2/14/2025 3:00,-1
2/14/2025 3:15,-1
2/14/2025 3:30,-2
2/14/2025 3:45,-2
2/14/2025 4:00,-2
2/14/2025 4:15,-2
2/14/2025 4:30,-2
2/14/2025 4:45,-2
2/14/2025 5:15,-2
2/14/2025 5:30,-2
2/14/2025 5:45,-2
2/14/2025 6:00,-2
2/14/2025 6:15,-2
2/14/2025 6:30,-2
2/14/2025 6:45,-2
2/14/2025 7:00,-2
2/14/2025 7:15,-2
2/14/2025 7:30,-2
2/14/2025 7:45,-2
2/14/2025 8:00,-5
2/14/2025 8:15,-26
2/14/2025 8:30,-247
2/14/2025 8:45,-285
2/14/2025 9:00,-625
2/14/2025 9:15,-167
2/14/2025 9:30,-159
2/14/2025 10:00,-369
2/14/2025 10:15,-489
2/14/2025 10:30,-293
2/14/2025 10:45,-343
2/14/2025 11:00,-319
2/14/2025 11:15,-1194
2/14/2025 11:30,-606
2/14/2025 11:45,-852
2/14/2025 12:00,-979
2/14/2025 12:15,-1560
2/14/2025 12:30,-1487
2/14/2025 12:45,-807
2/14/2025 13:00,-1101
2/14/2025 13:15,-772
2/14/2025 13:30,-140
2/14/2025 13:45,-54
2/14/2025 14:00,-352
2/14/2025 14:15,-1490
2/14/2025 14:30,-1248
2/14/2025 14:45,-1675
2/14/2025 15:00,-1674
2/14/2025 15:15,-732
2/14/2025 15:30,-1178
2/14/2025 15:45,-771
2/14/2025 16:00,-1675
2/14/2025 16:15,-1485
2/14/2025 16:30,-1121
2/14/2025 16:45,-158
2/14/2025 17:00,-28
2/14/2025 17:15,-11
2/14/2025 17:30,-30
2/14/2025 17:45,-1
2/14/2025 18:00,-1
2/14/2025 18:15,-1
2/14/2025 18:30,-2
2/14/2025 18:45,-2
2/14/2025 19:00,-2
2/14/2025 19:15,-2
2/14/2025 19:30,-1
2/14/2025 19:45,-1
2/14/2025 20:00,-1
2/14/2025 20:15,-1
2/14/2025 20:30,-1
2/14/2025 20:45,-1
2/14/2025 21:00,-1
2/14/2025 21:15,-1
2/14/2025 21:30,-1
2/14/2025 21:45,-1
2/14/2025 22:00,-1
2/14/2025 22:15,-1
2/14/2025 22:30,-2
2/14/2025 22:45,-2
2/14/2025 23:00,-2
2/14/2025 23:15,-1
2/14/2025 23:30,-2
2/14/2025 23:45,-1
2/15/2025 0:00,-2
2/15/2025 0:15,-2
2/15/2025 0:30,-2
2/15/2025 0:45,-2
2/15/2025 1:00,-2
2/15/2025 1:15,-2
2/15/2025 1:30,-2
2/15/2025 1:45,-2
2/15/2025 2:00,-2
2/15/2025 2:15,-2
2/15/2025 2:30,-2
2/15/2025 2:45,-2
2/15/2025 3:00,-2
2/15/2025 3:15,-2
2/15/2025 3:30,-2
2/15/2025 3:45,-2
2/15/2025 4:00,-2
2/15/2025 4:15,-2
2/15/2025 4:30,-2
2/15/2025 4:45,-2
2/15/2025 5:00,-1
2/15/2025 5:15,-1
2/15/2025 5:30,-1
2/15/2025 5:45,-1
2/15/2025 6:00,-1
2/15/2025 6:15,-1
2/15/2025 6:30,-1
2/15/2025 6:45,-1
2/15/2025 7:00,-1
2/15/2025 7:15,-15
2/15/2025 7:30,-77
2/15/2025 7:45,-80
2/15/2025 8:00,-143
2/15/2025 8:15,-228
2/15/2025 8:30,-342
2/15/2025 8:45,-422
2/15/2025 9:00,-952
2/15/2025 9:15,-1395
2/15/2025 9:30,-816
2/15/2025 9:45,-1674
2/15/2025 10:00,-1670
2/15/2025 10:15,-1670
2/15/2025 10:30,-1675
2/15/2025 10:45,-1527
2/15/2025 11:00,-1542
2/15/2025 11:15,-1629
2/15/2025 11:30,-1654
2/15/2025 11:45,-585
2/15/2025 12:00,-1676
2/15/2025 12:15,-1674
2/15/2025 12:30,-1674
2/15/2025 12:45,-1642
2/15/2025 13:00,-1638
2/15/2025 13:15,-1649
2/15/2025 13:30,-1619
2/15/2025 13:45,-1657
2/15/2025 14:00,-1674
2/15/2025 14:15,-1670
2/15/2025 14:30,-1675
2/15/2025 14:45,-1674
2/15/2025 15:00,-1668
2/15/2025 15:15,-1651
2/15/2025 15:30,-1672
2/15/2025 15:45,-1672
2/15/2025 16:00,-1666
2/15/2025 16:15,-1547
2/15/2025 16:30,-1192
2/15/2025 16:45,-759
2/15/2025 17:00,-495
2/15/2025 17:15,-235
2/15/2025 17:30,-135
2/15/2025 17:45,-18
2/15/2025 18:00,-2
2/15/2025 18:15,-2
2/15/2025 18:30,-1
2/15/2025 18:45,-1
2/15/2025 19:00,-1
2/15/2025 19:15,-1
2/15/2025 19:30,-1
2/15/2025 19:45,-1
2/15/2025 20:00,-1
2/15/2025 20:15,-1
2/15/2025 20:30,-1
2/15/2025 20:45,-1
2/15/2025 21:00,-1
2/15/2025 21:15,-1
2/15/2025 21:30,-1
2/15/2025 21:45,-1
2/15/2025 22:00,-1
2/15/2025 22:15,-1
2/15/2025 22:30,-1
2/15/2025 22:45,-1
2/15/2025 23:00,-1
2/15/2025 23:15,-1
2/15/2025 23:30,-1
2/15/2025 23:45,-1
2/16/2025 0:00,-1
2/16/2025 0:15,-1
2/16/2025 0:30,-1
2/16/2025 0:45,-1
2/16/2025 1:00,-1
2/16/2025 1:15,-1
2/16/2025 1:30,-1
2/16/2025 1:45,-1
2/16/2025 2:00,-1
2/16/2025 2:15,-1
2/16/2025 2:30,-1
2/16/2025 2:45,-1
2/16/2025 3:00,-1
2/16/2025 3:15,-1
2/16/2025 3:30,-1
2/16/2025 3:45,-1
2/16/2025 4:00,-1
2/16/2025 4:15,-1
2/16/2025 4:30,-1
2/16/2025 4:45,-1
2/16/2025 5:00,-1
2/16/2025 5:15,-1
2/16/2025 5:30,-1
2/16/2025 5:45,-1
2/16/2025 6:00,-1
2/16/2025 6:15,-1
2/16/2025 6:30,-1
2/16/2025 6:45,-1
2/16/2025 7:00,-2
2/16/2025 7:15,-92
2/16/2025 7:30,-285
2/16/2025 7:45,-621
2/16/2025 8:00,-933
2/16/2025 8:15,-1274
2/16/2025 8:30,-1548
2/16/2025 8:45,-1666
2/16/2025 9:00,-1678
2/16/2025 9:15,-1678
2/16/2025 9:30,-1678
2/16/2025 9:45,-1678
2/16/2025 10:00,-1677
2/16/2025 10:15,-1678
2/16/2025 10:30,-1675
2/16/2025 10:45,-1671
2/16/2025 11:00,-1660
2/16/2025 11:15,-1642
2/16/2025 11:30,-1675
2/16/2025 11:45,-1672
2/16/2025 12:00,-1672
2/16/2025 12:15,-1675
2/16/2025 12:30,-1675
2/16/2025 12:45,-1659
2/16/2025 13:00,-1503
2/16/2025 13:15,-1673
2/16/2025 13:30,-1560
2/16/2025 13:45,-1668
2/16/2025 14:00,-1415
2/16/2025 14:15,-1620
2/16/2025 14:30,-1672
2/16/2025 14:45,-1628
2/16/2025 15:00,-1670
2/16/2025 15:15,-1263
2/16/2025 15:30,-536
2/16/2025 15:45,-1672
2/16/2025 16:00,-634
2/16/2025 16:15,-1664
2/16/2025 16:30,-1387
2/16/2025 16:45,-766
2/16/2025 17:00,-443
2/16/2025 17:15,-265
2/16/2025 17:30,-72
2/16/2025 17:45,-18
2/16/2025 18:00,-2
2/16/2025 18:15,-1
2/16/2025 18:30,-2
2/16/2025 18:45,-2
2/16/2025 19:00,-1
2/16/2025 19:15,-1
2/16/2025 19:30,-1
2/16/2025 19:45,-1
2/16/2025 20:00,-1
2/16/2025 20:15,-1
2/16/2025 20:30,-1
2/16/2025 20:45,-1
2/16/2025 21:00,-1
2/16/2025 21:15,-1
2/16/2025 21:30,-1
2/16/2025 21:45,-1
2/16/2025 22:00,-1
2/16/2025 22:15,-1
2/16/2025 22:30,-1
2/16/2025 22:45,-1
2/16/2025 23:00,-1
2/16/2025 23:15,-1
2/16/2025 23:30,-1
2/16/2025 23:45,-1
2/17/2025 0:00,-1
2/17/2025 0:15,-1
2/17/2025 0:30,-1
2/17/2025 0:45,-1
2/17/2025 1:00,-1
2/17/2025 1:15,-1
2/17/2025 1:30,-1
2/17/2025 1:45,-1
2/17/2025 2:00,-1
2/17/2025 2:15,-1
2/17/2025 2:30,-1
2/17/2025 2:45,-1
2/17/2025 3:00,-1
2/17/2025 3:15,-1
2/17/2025 3:30,-1
2/17/2025 3:45,-1
2/17/2025 4:00,-1
2/17/2025 4:15,-1
2/17/2025 4:30,-1
2/17/2025 4:45,-1
2/17/2025 5:00,-1
2/17/2025 5:15,-1
2/17/2025 5:30,-1
2/17/2025 5:45,-1
2/17/2025 6:00,-1
2/17/2025 6:15,-1
2/17/2025 6:30,-1
2/17/2025 6:45,-1
2/17/2025 7:00,-2
2/17/2025 7:15,-18
2/17/2025 7:30,-52
2/17/2025 7:45,-117
2/17/2025 8:00,-182
2/17/2025 8:15,-233
2/17/2025 8:30,-362
2/17/2025 8:45,-484
2/17/2025 9:00,-522
2/17/2025 9:15,-622
2/17/2025 9:30,-623
2/17/2025 9:45,-1029
2/17/2025 10:00,-718
2/17/2025 10:15,-1196
2/17/2025 10:30,-1344
2/17/2025 10:45,-951
2/17/2025 11:00,-891
2/17/2025 11:15,-930
2/17/2025 11:30,-960
2/17/2025 11:45,-1271
2/17/2025 12:00,-1672
2/17/2025 12:15,-1381
2/17/2025 12:30,-1492
2/17/2025 12:45,-1466
2/17/2025 13:00,-1240
2/17/2025 13:15,-1635
2/17/2025 13:30,-1634
2/17/2025 13:45,-1522
2/17/2025 14:00,-1634
2/17/2025 14:15,-1615
2/17/2025 14:30,-1621
2/17/2025 14:45,-1622
2/17/2025 15:00,-1591
2/17/2025 15:15,-1582
2/17/2025 15:30,-1445
2/17/2025 15:45,-1086
2/17/2025 16:00,-1608
2/17/2025 16:15,-1473
2/17/2025 16:30,-1155
2/17/2025 16:45,-801
2/17/2025 17:00,-469
2/17/2025 17:15,-264
2/17/2025 17:30,-55
2/17/2025 17:45,-16
2/17/2025 18:00,-2
2/17/2025 18:15,-2
2/17/2025 18:30,-2
2/17/2025 18:45,-1
2/17/2025 19:00,-1
2/17/2025 19:15,-1
2/17/2025 19:30,-1
2/17/2025 19:45,-1
2/17/2025 20:00,-1
2/17/2025 20:15,-1
2/17/2025 20:30,-1
2/17/2025 20:45,-1
2/17/2025 21:00,-1
2/17/2025 21:15,-1
2/17/2025 21:30,-1
2/17/2025 21:45,-1
2/17/2025 22:00,-1
2/17/2025 22:15,-1
2/17/2025 22:30,-1
2/17/2025 22:45,-1
2/17/2025 23:00,-1
2/17/2025 23:15,-1
2/17/2025 23:30,-1
2/17/2025 23:45,-1
2/18/2025 0:00,-1
2/18/2025 0:15,-1
2/18/2025 0:30,-1
2/18/2025 0:45,-1
2/18/2025 1:00,-2
2/18/2025 1:15,-2
2/18/2025 1:30,-2
2/18/2025 1:45,-2
2/18/2025 2:00,-2
2/18/2025 2:15,-2
2/18/2025 2:30,-2
2/18/2025 2:45,-2
2/18/2025 3:00,-2
2/18/2025 3:15,-2
2/18/2025 3:30,-2
2/18/2025 3:45,-2
2/18/2025 4:00,-2
2/18/2025 4:15,-2
2/18/2025 4:30,-2
2/18/2025 4:45,-2
2/18/2025 5:00,-2
2/18/2025 5:15,-2
2/18/2025 5:30,-2
2/18/2025 5:45,-2
2/18/2025 6:00,-2
2/18/2025 6:15,-2
2/18/2025 6:30,-2
2/18/2025 6:45,-2
2/18/2025 7:00,-2
2/18/2025 7:15,-24
2/18/2025 7:30,-39
2/18/2025 7:45,-133
2/18/2025 8:00,-281
2/18/2025 8:15,-342
2/18/2025 8:30,-721
2/18/2025 8:45,-444
2/18/2025 9:00,-593
2/18/2025 9:15,-1196
2/18/2025 9:30,-1676
2/18/2025 9:45,-1676
2/18/2025 10:00,-1675
2/18/2025 10:15,-1674
2/18/2025 10:30,-1675
2/18/2025 10:45,-1674
2/18/2025 11:00,-1674
2/18/2025 11:15,-1675
2/18/2025 11:30,-1675
2/18/2025 11:45,-1674
2/18/2025 12:00,-1674
2/18/2025 12:15,-1624
2/18/2025 12:30,-1599
2/18/2025 12:45,-1668
2/18/2025 13:00,-1673
2/18/2025 13:15,-1674
2/18/2025 13:30,-1673
2/18/2025 13:45,-1673
2/18/2025 14:00,-1672
2/18/2025 14:15,-1673
2/18/2025 14:30,-1673
2/18/2025 14:45,-1670
2/18/2025 15:00,-1674
2/18/2025 15:15,-1672
2/18/2025 15:30,-1673
2/18/2025 15:45,-1671
2/18/2025 16:00,-1665
2/18/2025 16:15,-1565
2/18/2025 16:30,-1199
2/18/2025 16:45,-802
2/18/2025 17:00,-494
2/18/2025 17:15,-272
2/18/2025 17:30,-110
2/18/2025 17:45,-27
2/18/2025 18:00,-4
2/18/2025 18:15,-2
2/18/2025 18:30,-2
2/18/2025 18:45,-2
2/18/2025 19:00,-1
2/18/2025 19:15,-1
2/18/2025 19:30,-1
2/18/2025 19:45,-1
2/18/2025 20:00,-1
2/18/2025 20:15,-1
2/18/2025 20:30,-1
2/18/2025 20:45,-1
2/18/2025 21:00,-1
2/18/2025 21:15,-1
2/18/2025 21:30,-1
2/18/2025 21:45,-1
2/18/2025 22:00,-1
2/18/2025 22:15,-1
2/18/2025 22:30,-1
2/18/2025 22:45,-1
2/18/2025 23:00,-1
2/18/2025 23:15,-1
2/18/2025 23:30,-1
2/18/2025 23:45,-1
2/19/2025 0:00,-1
2/19/2025 0:15,-1
2/19/2025 0:30,-1
2/19/2025 0:45,-1
2/19/2025 1:00,-1
2/19/2025 1:15,-1
2/19/2025 1:30,-1
2/19/2025 1:45,-1
2/19/2025 2:00,-1
2/19/2025 2:15,-1
2/19/2025 2:30,-1
2/19/2025 2:45,-1
2/19/2025 3:00,-1
2/19/2025 3:15,-1
2/19/2025 3:30,-1
2/19/2025 3:45,-1
2/19/2025 4:00,-1
2/19/2025 4:15,-1
2/19/2025 4:30,-1
2/19/2025 4:45,-1
2/19/2025 5:00,-1
2/19/2025 5:15,-1
2/19/2025 5:30,-1
2/19/2025 5:45,-1
2/19/2025 6:00,-1
2/19/2025 6:15,-1
2/19/2025 6:30,-1
2/19/2025 6:45,-1
2/19/2025 7:00,-1
2/19/2025 7:15,-124
2/19/2025 7:30,-361
2/19/2025 7:45,-705
2/19/2025 8:00,-1014
2/19/2025 8:15,-1335
2/19/2025 8:30,-1590
2/19/2025 8:45,-1677
2/19/2025 9:00,-1677
2/19/2025 9:15,-1678
2/19/2025 9:30,-1675
2/19/2025 9:45,-1677
2/19/2025 10:00,-1647
2/19/2025 10:15,-1652
2/19/2025 10:30,-1647
2/19/2025 10:45,-1666
2/19/2025 11:00,-1656
2/19/2025 11:15,-1666
2/19/2025 11:30,-1675
2/19/2025 11:45,-1647
2/19/2025 12:00,-1478
2/19/2025 12:15,-1455
2/19/2025 12:30,-1582
2/19/2025 12:45,-1627
2/19/2025 13:00,-1564
2/19/2025 13:15,-1637
2/19/2025 13:30,-1621
2/19/2025 13:45,-1455
2/19/2025 14:00,-1331
2/19/2025 14:15,-1362
2/19/2025 14:30,-1451
2/19/2025 14:45,-1049
2/19/2025 15:00,-984
2/19/2025 15:15,-1260
2/19/2025 15:30,-676
2/19/2025 15:45,-1132
2/19/2025 16:00,-771
2/19/2025 16:15,-1124
2/19/2025 16:30,-496
2/19/2025 16:45,-291
2/19/2025 17:30,-47
2/19/2025 17:45,-19
2/19/2025 18:00,-2
2/19/2025 18:15,-2
2/19/2025 18:30,-2
2/19/2025 18:45,-1
2/19/2025 19:00,-1
2/19/2025 19:15,-1
2/19/2025 19:30,-1
2/19/2025 19:45,-1
2/19/2025 20:00,-1
2/19/2025 20:15,-1
2/19/2025 20:30,-2
2/19/2025 20:45,-1
2/19/2025 21:00,-1
2/19/2025 21:15,-1
2/19/2025 21:30,-2
2/19/2025 21:45,-1
2/19/2025 22:00,-2
2/19/2025 22:15,-2
2/19/2025 22:30,-2
2/19/2025 22:45,-1
2/19/2025 23:00,-1
2/19/2025 23:15,-1
2/19/2025 23:30,-1
2/19/2025 23:45,-1
2/20/2025 0:00,-1
2/20/2025 0:15,-1
2/20/2025 0:30,-1
2/20/2025 0:45,-1
2/20/2025 1:00,-1
2/20/2025 1:15,-1
2/20/2025 1:30,-1
2/20/2025 1:45,-1
2/20/2025 2:00,-1
2/20/2025 2:15,-1
2/20/2025 2:30,-1
2/20/2025 2:45,-1
2/20/2025 3:00,-1
2/20/2025 3:15,-1
2/20/2025 3:30,-1
2/20/2025 3:45,-1
2/20/2025 4:00,-1
2/20/2025 4:15,-1
2/20/2025 4:30,-1
2/20/2025 4:45,-1
2/20/2025 5:00,-1
2/20/2025 5:15,-1
2/20/2025 5:30,-1
2/20/2025 5:45,-1
2/20/2025 6:00,-1
2/20/2025 6:15,-1
2/20/2025 6:30,-1
2/20/2025 6:45,-1
2/20/2025 7:00,-1
2/20/2025 7:15,-62
2/20/2025 7:30,-204
2/20/2025 7:45,-707
2/20/2025 8:00,-1034
2/20/2025 8:15,-940
2/20/2025 8:30,-433
2/20/2025 8:45,-988
2/20/2025 9:00,-1149
2/20/2025 9:15,-894
2/20/2025 9:30,-554
2/20/2025 9:45,-493
2/20/2025 10:00,-526
2/20/2025 10:15,-697
2/20/2025 10:30,-680
2/20/2025 10:45,-1280
2/20/2025 11:00,-1629
2/20/2025 11:15,-1311
2/20/2025 11:30,-1338
2/20/2025 11:45,-902
2/20/2025 12:00,-1020
2/20/2025 12:15,-916
2/20/2025 12:30,-1675
2/20/2025 12:45,-1673
2/20/2025 13:00,-946
2/20/2025 13:15,-1588
2/20/2025 13:30,-840
2/20/2025 13:45,-1518
2/20/2025 14:00,-1594
2/20/2025 14:15,-1638
2/20/2025 14:30,-1673
2/20/2025 14:45,-1640
2/20/2025 15:00,-1672
2/20/2025 15:15,-1657
2/20/2025 15:30,-708
2/20/2025 15:45,-1130
2/20/2025 16:00,-1668
2/20/2025 16:15,-1575
2/20/2025 16:30,-1043
2/20/2025 16:45,-424
2/20/2025 17:00,-255
2/20/2025 17:15,-359
2/20/2025 17:30,-136
2/20/2025 17:45,-31
2/20/2025 18:00,-3
2/20/2025 18:15,-2
2/20/2025 18:30,-2
2/20/2025 18:45,-1
2/20/2025 19:00,-1
2/20/2025 19:15,-1
2/20/2025 19:30,-1
2/20/2025 19:45,-1
2/20/2025 20:00,-1
2/20/2025 20:15,-1
2/20/2025 20:30,-1
2/20/2025 20:45,-1
2/20/2025 21:00,-1
2/20/2025 21:15,-1
2/20/2025 21:30,-1
2/20/2025 21:45,-1
2/20/2025 22:00,-1
2/20/2025 22:15,-1
2/20/2025 22:30,-1
2/20/2025 22:45,-1
2/20/2025 23:00,-1
2/20/2025 23:15,-1
2/20/2025 23:30,-1
2/20/2025 23:45,-1
2/21/2025 0:00,-1
2/21/2025 0:15,-1
2/21/2025 0:30,-1
2/21/2025 0:45,-1
2/21/2025 1:00,-1
2/21/2025 1:15,-1
2/21/2025 1:30,-1
2/21/2025 1:45,-1
2/21/2025 2:00,-1
2/21/2025 2:15,-1
2/21/2025 2:30,-1
2/21/2025 2:45,-1
2/21/2025 3:00,-1
2/21/2025 3:15,-1
2/21/2025 3:30,-1
2/21/2025 3:45,-1
2/21/2025 4:00,-1
2/21/2025 4:15,-1
2/21/2025 4:30,-1
2/21/2025 4:45,-1
2/21/2025 5:00,-1
2/21/2025 5:15,-1
2/21/2025 5:30,-1
2/21/2025 5:45,-1
2/21/2025 6:00,-1
2/21/2025 6:15,-1
2/21/2025 6:30,-1
2/21/2025 6:45,-2
2/21/2025 7:00,-21
2/21/2025 7:15,-163
2/21/2025 7:30,-427
2/21/2025 7:45,-740
2/21/2025 8:00,-1046
2/21/2025 8:15,-1345
2/21/2025 8:30,-1589
2/21/2025 8:45,-1658
2/21/2025 9:00,-1677
2/21/2025 9:15,-1670
2/21/2025 9:30,-1660
2/21/2025 9:45,-1671
2/21/2025 10:00,-1677
2/21/2025 10:15,-1638
2/21/2025 10:30,-1611
2/21/2025 10:45,-1584
2/21/2025 11:00,-1609
2/21/2025 11:15,-1618
2/21/2025 11:30,-1594
2/21/2025 11:45,-1583
2/21/2025 12:00,-1591
2/21/2025 12:15,-1580
2/21/2025 12:30,-1576
2/21/2025 12:45,-1574
2/21/2025 13:00,-1576
2/21/2025 13:15,-1583
2/21/2025 13:30,-1588
2/21/2025 13:45,-1595
2/21/2025 14:00,-1594
2/21/2025 14:15,-1609
2/21/2025 14:30,-1621
2/21/2025 14:45,-1628
2/21/2025 15:00,-1628
2/21/2025 15:15,-1589
2/21/2025 15:30,-1599
2/21/2025 15:45,-1576
2/21/2025 16:00,-1587
2/21/2025 16:15,-1519
2/21/2025 16:30,-1245
2/21/2025 16:45,-783
2/21/2025 17:00,-521
2/21/2025 17:15,-290
2/21/2025 17:30,-133
2/21/2025 17:45,-34
2/21/2025 18:00,-7
2/21/2025 18:15,-2
2/21/2025 18:30,-2
2/21/2025 18:45,-2
2/21/2025 19:00,-2
2/21/2025 19:15,-2
2/21/2025 19:30,-1
2/21/2025 19:45,-1
2/21/2025 20:00,-1
2/21/2025 20:15,-1
2/21/2025 20:30,-1
2/21/2025 20:45,-1
2/21/2025 21:00,-1
2/21/2025 21:15,-1
2/21/2025 21:30,-1
2/21/2025 21:45,-1
2/21/2025 22:00,-1
2/21/2025 22:15,-1
2/21/2025 22:30,-1
2/21/2025 22:45,-1
2/21/2025 23:00,-1
2/21/2025 23:15,-1
2/21/2025 23:30,-1
2/21/2025 23:45,-1
2/22/2025 0:00,-1
2/22/2025 0:15,-1
2/22/2025 0:30,-1
2/22/2025 0:45,-1
2/22/2025 1:00,-1
2/22/2025 1:15,-1
2/22/2025 1:30,-1
2/22/2025 1:45,-1
2/22/2025 2:00,-1
2/22/2025 2:15,-1
2/22/2025 2:30,-1
2/22/2025 2:45,-1
2/22/2025 3:00,-1
2/22/2025 3:15,-1
2/22/2025 3:30,-1
2/22/2025 3:45,-1
2/22/2025 4:00,-1
2/22/2025 4:15,-1
2/22/2025 4:30,-1
2/22/2025 4:45,-1
2/22/2025 5:00,-1
2/22/2025 5:15,-1
2/22/2025 5:30,-1
2/22/2025 5:45,-1
2/22/2025 6:00,-1
2/22/2025 6:15,-1
2/22/2025 6:30,-1
2/22/2025 6:45,-3
2/22/2025 7:00,-23
2/22/2025 7:15,-180
2/22/2025 7:30,-452
2/22/2025 7:45,-764
2/22/2025 8:00,-1083
2/22/2025 8:15,-1403
2/22/2025 8:30,-1640
2/22/2025 8:45,-1677
2/22/2025 9:00,-1597
2/22/2025 9:15,-1598
2/22/2025 9:30,-1598
2/22/2025 9:45,-1597
2/22/2025 10:00,-1596
2/22/2025 10:15,-1597
2/22/2025 10:30,-1596
2/22/2025 10:45,-1585
2/22/2025 11:00,-1578
2/22/2025 11:15,-1565
2/22/2025 11:30,-1559
2/22/2025 11:45,-1544
2/22/2025 12:00,-1537
2/22/2025 12:15,-1537
2/22/2025 12:30,-1529
2/22/2025 12:45,-1536
2/22/2025 13:00,-1529
2/22/2025 13:15,-1533
2/22/2025 13:30,-1539
2/22/2025 13:45,-1551
2/22/2025 14:00,-1565
2/22/2025 14:15,-1574
2/22/2025 14:30,-1579
2/22/2025 14:45,-1560
2/22/2025 15:00,-1592
2/22/2025 15:15,-1594
2/22/2025 15:30,-1593
2/22/2025 15:45,-1590
2/22/2025 16:00,-1579
2/22/2025 16:15,-1509
2/22/2025 16:30,-1244
2/22/2025 16:45,-855
2/22/2025 17:00,-543
2/22/2025 17:15,-322
2/22/2025 17:30,-142
2/22/2025 17:45,-38
2/22/2025 18:00,-2
2/22/2025 18:15,-2
2/22/2025 18:30,-2
2/22/2025 18:45,-2
2/22/2025 19:00,-2
2/22/2025 19:15,-2
2/22/2025 19:30,-2
2/22/2025 19:45,-2
2/22/2025 20:00,-2
2/22/2025 20:15,-1
2/22/2025 20:30,-1
2/22/2025 20:45,-1
2/22/2025 21:00,-1
2/22/2025 21:15,-1
2/22/2025 21:30,-1
2/22/2025 21:45,-1
2/22/2025 22:00,-1
2/22/2025 22:15,-1
2/22/2025 22:30,-1
2/22/2025 22:45,-1
2/22/2025 23:00,-1
2/22/2025 23:15,-1
2/22/2025 23:30,-1
2/22/2025 23:45,-1
2/23/2025 0:00,-1
2/23/2025 0:15,-1
2/23/2025 0:30,-1
2/23/2025 0:45,-1
2/23/2025 1:00,-1
2/23/2025 1:15,-1
2/23/2025 1:30,-1
2/23/2025 1:45,-1
2/23/2025 2:00,-1
2/23/2025 2:15,-1
2/23/2025 2:30,-1
2/23/2025 2:45,-1
2/23/2025 3:00,-1
2/23/2025 3:15,-1
2/23/2025 3:30,-1
2/23/2025 3:45,-1
2/23/2025 4:00,-1
2/23/2025 4:15,-1
2/23/2025 4:30,-1
2/23/2025 4:45,-1
2/23/2025 5:00,-1
2/23/2025 5:15,-1
2/23/2025 5:30,-1
2/23/2025 5:45,-1
2/23/2025 6:00,-1
2/23/2025 6:15,-1
2/23/2025 6:30,-1
2/23/2025 6:45,-4
2/23/2025 7:00,-24
2/23/2025 7:15,-192
2/23/2025 7:30,-463
2/23/2025 7:45,-784
2/23/2025 8:00,-1083
2/23/2025 8:15,-1406
2/23/2025 8:30,-1625
2/23/2025 8:45,-1675
2/23/2025 9:00,-1676
2/23/2025 9:15,-1676
2/23/2025 9:30,-1637
2/23/2025 9:45,-1597
2/23/2025 10:00,-1597
2/23/2025 10:15,-1593
2/23/2025 10:30,-1582
2/23/2025 10:45,-1573
2/23/2025 11:00,-1567
2/23/2025 11:15,-1546
2/23/2025 11:30,-1537
2/23/2025 11:45,-1525
2/23/2025 12:00,-1520
2/23/2025 12:15,-1515
2/23/2025 12:30,-1510
2/23/2025 12:45,-1504
2/23/2025 13:00,-1513
2/23/2025 13:15,-1522
2/23/2025 13:30,-1533
2/23/2025 13:45,-1545
2/23/2025 14:00,-1549
2/23/2025 14:15,-1551
2/23/2025 14:30,-1579
2/23/2025 14:45,-1589
2/23/2025 15:00,-1579
2/23/2025 15:15,-1593
2/23/2025 15:30,-1592
2/23/2025 15:45,-1580
2/23/2025 16:00,-1553
2/23/2025 16:15,-1490
2/23/2025 16:30,-1259
2/23/2025 16:45,-868
2/23/2025 17:00,-535
2/23/2025 17:15,-350
2/23/2025 17:30,-179
2/23/2025 17:45,-58
2/23/2025 18:00,-13
2/23/2025 18:15,-2
2/23/2025 18:30,-2
2/23/2025 18:45,-2
2/23/2025 19:00,-2
2/23/2025 19:15,-2
2/23/2025 19:30,-2
2/23/2025 19:45,-2
2/23/2025 20:00,-2
2/23/2025 20:15,-2
2/23/2025 20:30,-2
2/23/2025 20:45,-2
2/23/2025 21:00,-1
2/23/2025 21:15,-1
2/23/2025 21:30,-1
2/23/2025 21:45,-1
2/23/2025 22:00,-1
2/23/2025 22:15,-1
2/23/2025 22:30,-1
2/23/2025 22:45,-1
2/23/2025 23:00,-1
2/23/2025 23:15,-1
2/23/2025 23:30,-1
2/23/2025 23:45,-1
2/24/2025 0:00,-1
2/24/2025 0:15,-1
2/24/2025 0:30,-1
2/24/2025 0:45,-1
2/24/2025 1:00,-1
2/24/2025 1:15,-1
2/24/2025 1:30,-1
2/24/2025 1:45,-1
2/24/2025 2:00,-1
2/24/2025 2:15,-1
2/24/2025 2:30,-1
2/24/2025 2:45,-1
2/24/2025 3:00,-1
2/24/2025 3:15,-1
2/24/2025 3:30,-1
2/24/2025 3:45,-1
2/24/2025 4:00,-1
2/24/2025 4:15,-1
2/24/2025 4:30,-1
2/24/2025 4:45,-1
2/24/2025 5:00,-1
2/24/2025 5:15,-1
2/24/2025 5:30,-1
2/24/2025 5:45,-1
2/24/2025 6:00,-1
2/24/2025 6:15,-1
2/24/2025 6:30,-1
2/24/2025 6:45,-1
2/24/2025 7:00,-39
2/24/2025 7:15,-205
2/24/2025 7:30,-424
2/24/2025 7:45,-792
2/24/2025 8:00,-1155
2/24/2025 8:15,-1257
2/24/2025 8:30,-1611
2/24/2025 8:45,-1646
2/24/2025 9:00,-1671
2/24/2025 9:15,-1676
2/24/2025 9:30,-1676
2/24/2025 9:45,-1637
2/24/2025 10:00,-1629
2/24/2025 10:15,-1619
2/24/2025 10:30,-1602
2/24/2025 10:45,-1585
2/24/2025 11:00,-1581
2/24/2025 11:15,-1561
2/24/2025 11:30,-1560
2/24/2025 11:45,-1560
2/24/2025 12:00,-1554
2/24/2025 12:15,-1551
2/24/2025 12:30,-1544
2/24/2025 12:45,-1547
2/24/2025 13:00,-1549
2/24/2025 13:15,-1551
2/24/2025 13:30,-1559
2/24/2025 13:45,-1569
2/24/2025 14:00,-1589
2/24/2025 14:15,-1557
2/24/2025 14:30,-1649
2/24/2025 14:45,-1631
2/24/2025 15:00,-1665
2/24/2025 15:15,-1665
2/24/2025 15:30,-1667
2/24/2025 15:45,-1661
2/24/2025 16:00,-1635
2/24/2025 16:15,-1579
2/24/2025 16:30,-1323
2/24/2025 16:45,-871
2/24/2025 17:00,-556
2/24/2025 17:15,-347
2/24/2025 17:30,-158
2/24/2025 17:45,-46
2/24/2025 18:00,-9
2/24/2025 18:15,-2
2/24/2025 18:30,-2
2/24/2025 18:45,-2
2/24/2025 19:00,-2
2/24/2025 19:15,-2
2/24/2025 19:30,-2
2/24/2025 19:45,-2
2/24/2025 20:00,-1
2/24/2025 20:15,-1
2/24/2025 20:30,-1
2/24/2025 20:45,-1
2/24/2025 21:00,-1
2/24/2025 21:15,-1
2/24/2025 21:30,-1
2/24/2025 21:45,-1
2/24/2025 22:00,-1
2/24/2025 22:15,-1
2/24/2025 22:30,-1
2/24/2025 22:45,-1
2/24/2025 23:00,-1
2/24/2025 23:15,-1
2/24/2025 23:30,-1
2/24/2025 23:45,-1
2/25/2025 0:00,-1
2/25/2025 0:15,-1
2/25/2025 0:30,-1
2/25/2025 0:45,-1
2/25/2025 1:00,-1
2/25/2025 1:15,-1
2/25/2025 1:30,-2
2/25/2025 1:45,-2
2/25/2025 2:00,-1
2/25/2025 2:15,-2
2/25/2025 2:30,-2
2/25/2025 2:45,-2
2/25/2025 3:00,-1
2/25/2025 3:15,-2
2/25/2025 3:30,-2
2/25/2025 3:45,-2
2/25/2025 4:00,-2
2/25/2025 4:15,-2
2/25/2025 4:30,-2
2/25/2025 4:45,-2
2/25/2025 5:00,-2
2/25/2025 5:15,-2
2/25/2025 5:30,-2
2/25/2025 5:45,-1
2/25/2025 6:00,-1
2/25/2025 6:15,-1
2/25/2025 6:30,-1
2/25/2025 6:45,-1
2/25/2025 7:00,-62
2/25/2025 7:15,-261
2/25/2025 7:30,-520
2/25/2025 7:45,-711
2/25/2025 8:00,-1363
2/25/2025 8:15,-1430
2/25/2025 8:30,-625
2/25/2025 8:45,-849
2/25/2025 9:00,-353
2/25/2025 9:15,-1665
2/25/2025 9:30,-1127
2/25/2025 9:45,-1161
2/25/2025 10:00,-1427
2/25/2025 10:15,-759
2/25/2025 10:30,-1432
2/25/2025 10:45,-904
2/25/2025 11:00,-645
2/25/2025 11:15,-772
2/25/2025 11:30,-1622
2/25/2025 11:45,-1597
2/25/2025 12:00,-1592
2/25/2025 12:15,-1626
2/25/2025 12:30,-1610
2/25/2025 12:45,-1637
2/25/2025 13:00,-1582
2/25/2025 13:15,-1672
2/25/2025 13:30,-1627
2/25/2025 13:45,-1632
2/25/2025 14:00,-1630
2/25/2025 14:15,-1641
2/25/2025 14:30,-1652
2/25/2025 14:45,-1663
2/25/2025 15:00,-1672
2/25/2025 15:15,-1671
2/25/2025 15:30,-1670
2/25/2025 15:45,-1662
2/25/2025 16:00,-1646
2/25/2025 16:15,-1583
2/25/2025 16:30,-1328
2/25/2025 16:45,-935
2/25/2025 17:00,-559
2/25/2025 17:15,-350
2/25/2025 17:30,-167
2/25/2025 17:45,-50
2/25/2025 18:00,-11
2/25/2025 18:15,-2
2/25/2025 18:30,-2
2/25/2025 18:45,-2
2/25/2025 19:00,-2
2/25/2025 19:15,-2
2/25/2025 19:30,-2
2/25/2025 19:45,-2
2/25/2025 20:00,-2
2/25/2025 20:15,-1
2/25/2025 20:30,-1
2/25/2025 20:45,-1
2/25/2025 21:00,-1
2/25/2025 21:15,-1
2/25/2025 21:30,-1
2/25/2025 21:45,-1
2/25/2025 22:00,-1
2/25/2025 22:15,-1
2/25/2025 22:30,-1
2/25/2025 22:45,-1
2/25/2025 23:00,-1
2/25/2025 23:15,-1
2/25/2025 23:30,-1
2/25/2025 23:45,-1
2/26/2025 0:00,-1
2/26/2025 0:15,-1
2/26/2025 0:30,-1
2/26/2025 0:45,-1
2/26/2025 1:00,-1
2/26/2025 1:15,-2
2/26/2025 1:30,-1
2/26/2025 1:45,-1
2/26/2025 2:00,-1
2/26/2025 2:15,-1
2/26/2025 2:30,-1
2/26/2025 2:45,-1
2/26/2025 3:00,-1
2/26/2025 3:15,-1
2/26/2025 3:30,-1
2/26/2025 3:45,-1
2/26/2025 4:00,-1
2/26/2025 4:15,-1
2/26/2025 4:30,-1
2/26/2025 4:45,-1
2/26/2025 5:00,-1
2/26/2025 5:15,-1
2/26/2025 5:30,-1
2/26/2025 5:45,-1
2/26/2025 6:00,-1
2/26/2025 6:15,-1
2/26/2025 6:30,-1
2/26/2025 6:45,-1
2/26/2025 7:00,-21
2/26/2025 7:15,-219
2/26/2025 7:30,-521
2/26/2025 7:45,-868
2/26/2025 8:00,-1179
2/26/2025 8:15,-1471
2/26/2025 8:30,-1663
2/26/2025 8:45,-1676
2/26/2025 9:00,-1672
2/26/2025 9:15,-1676
2/26/2025 9:30,-1655
2/26/2025 9:45,-1653
2/26/2025 10:00,-1675
2/26/2025 10:15,-1676
2/26/2025 10:30,-1674
2/26/2025 10:45,-1671
2/26/2025 11:00,-1670
2/26/2025 11:15,-1673
2/26/2025 11:30,-1672
2/26/2025 11:45,-1666
2/26/2025 12:00,-1656
2/26/2025 12:15,-1651
2/26/2025 12:30,-1647
2/26/2025 12:45,-1644
2/26/2025 13:00,-1645
2/26/2025 13:15,-1651
2/26/2025 13:30,-1664
2/26/2025 13:45,-1672
2/26/2025 14:00,-1672
2/26/2025 14:15,-1672
2/26/2025 14:30,-1671
2/26/2025 14:45,-1672
2/26/2025 15:00,-1672
2/26/2025 15:15,-1673
2/26/2025 15:30,-1672
2/26/2025 15:45,-1671
2/26/2025 16:00,-1669
2/26/2025 16:15,-1658
2/26/2025 16:30,-1455
2/26/2025 16:45,-974
2/26/2025 17:00,-649
2/26/2025 17:15,-385
2/26/2025 17:30,-188
2/26/2025 17:45,-54
2/26/2025 18:00,-12
2/26/2025 18:15,-2
2/26/2025 18:30,-2
2/26/2025 18:45,-2
2/26/2025 19:00,-2
2/26/2025 19:15,-1
2/26/2025 19:30,-1
2/26/2025 19:45,-1
2/26/2025 20:00,-1
2/26/2025 20:15,-1
2/26/2025 20:30,-1
2/26/2025 20:45,-1
2/26/2025 21:00,-1
2/26/2025 21:15,-1
2/26/2025 21:30,-1
2/26/2025 21:45,-1
2/26/2025 22:00,-1
2/26/2025 22:15,-1
2/26/2025 22:30,-1
2/26/2025 22:45,-1
2/26/2025 23:00,-1
2/26/2025 23:15,-1
2/26/2025 23:30,-1
2/26/2025 23:45,-1
2/27/2025 0:00,-1
2/27/2025 0:15,-1
2/27/2025 0:30,-1
2/27/2025 0:45,-1
2/27/2025 1:00,-1
2/27/2025 1:15,-1
2/27/2025 1:30,-1
2/27/2025 1:45,-1
2/27/2025 2:00,-1
2/27/2025 2:15,-1
2/27/2025 2:30,-1
2/27/2025 2:45,-1
2/27/2025 3:00,-1
2/27/2025 3:15,-1
2/27/2025 3:30,-1
2/27/2025 3:45,-1
2/27/2025 4:00,-1
2/27/2025 4:15,-1
2/27/2025 4:30,-1
2/27/2025 4:45,-1
2/27/2025 5:00,-1
2/27/2025 5:15,-1
2/27/2025 5:30,-1
2/27/2025 5:45,-1
2/27/2025 6:00,-1
2/27/2025 6:15,-1
2/27/2025 6:30,-1
2/27/2025 6:45,-1
2/27/2025 7:00,-58
2/27/2025 7:15,-220
2/27/2025 7:30,-538
2/27/2025 7:45,-883
2/27/2025 8:00,-1222
2/27/2025 8:15,-1513
2/27/2025 8:30,-1637
2/27/2025 8:45,-1606
2/27/2025 9:00,-1600
2/27/2025 9:15,-1619
2/27/2025 9:30,-1636
2/27/2025 9:45,-1635
2/27/2025 10:00,-1636
2/27/2025 10:15,-1637
2/27/2025 10:30,-1629
2/27/2025 10:45,-1610
2/27/2025 11:00,-1608
2/27/2025 11:15,-1591
2/27/2025 11:30,-1587
2/27/2025 11:45,-1573
2/27/2025 12:00,-1564
2/27/2025 12:15,-1574
2/27/2025 12:30,-1572
2/27/2025 12:45,-1580
2/27/2025 13:00,-1590
2/27/2025 13:15,-1605
2/27/2025 13:30,-1599
2/27/2025 13:45,-1621
2/27/2025 14:00,-1623
2/27/2025 14:15,-1631
2/27/2025 14:30,-1629
2/27/2025 14:45,-1632
2/27/2025 15:00,-1633
2/27/2025 15:15,-1630
2/27/2025 15:30,-1633
2/27/2025 15:45,-1630
2/27/2025 16:00,-1625
2/27/2025 16:15,-1583
2/27/2025 16:30,-1385
2/27/2025 16:45,-1006
2/27/2025 17:00,-627
2/27/2025 17:15,-384
2/27/2025 17:30,-193
2/27/2025 17:45,-60
2/27/2025 18:00,-14
2/27/2025 18:15,-2
2/27/2025 18:30,-2
2/27/2025 18:45,-2
2/27/2025 19:00,-2
2/27/2025 19:15,-2
2/27/2025 19:30,-2
2/27/2025 19:45,-2
2/27/2025 20:00,-2
2/27/2025 20:15,-1
2/27/2025 20:30,-1
2/27/2025 20:45,-1
2/27/2025 21:00,-1
2/27/2025 21:15,-1
2/27/2025 21:30,-1
2/27/2025 21:45,-1
2/27/2025 22:00,-1
2/27/2025 22:15,-1
2/27/2025 22:30,-1
2/27/2025 22:45,-1
2/27/2025 23:00,-1
2/27/2025 23:15,-1
2/27/2025 23:30,-1
2/27/2025 23:45,-1
2/28/2025 0:00,-1
2/28/2025 0:15,-1
2/28/2025 0:30,-1
2/28/2025 0:45,-1
2/28/2025 1:00,-1
2/28/2025 1:15,-1
2/28/2025 1:30,-1
2/28/2025 1:45,-1
2/28/2025 2:00,-1
2/28/2025 2:15,-1
2/28/2025 2:30,-1
2/28/2025 2:45,-1
2/28/2025 3:00,-1
2/28/2025 3:15,-1
2/28/2025 3:30,-1
2/28/2025 3:45,-1
2/28/2025 4:00,-1
2/28/2025 4:15,-1
2/28/2025 4:30,-1
2/28/2025 4:45,-1
2/28/2025 5:00,-1
2/28/2025 5:15,-1
2/28/2025 5:30,-1
2/28/2025 5:45,-1
2/28/2025 6:00,-1
2/28/2025 6:15,-1
2/28/2025 6:30,-1
2/28/2025 6:45,-1
2/28/2025 7:00,-83
2/28/2025 7:15,-294
2/28/2025 7:30,-625
2/28/2025 7:45,-969
2/28/2025 8:00,-1283
2/28/2025 8:15,-1538
2/28/2025 8:30,-1676
2/28/2025 8:45,-1678
2/28/2025 9:00,-1637
2/28/2025 9:15,-1636
2/28/2025 9:30,-1627
2/28/2025 9:45,-1636
2/28/2025 10:00,-1635
2/28/2025 10:15,-1633
2/28/2025 10:30,-1624
2/28/2025 10:45,-1624
2/28/2025 11:00,-1600
2/28/2025 11:15,-1599
2/28/2025 11:30,-1587
2/28/2025 11:45,-1576
2/28/2025 12:00,-1568
2/28/2025 12:15,-1565
2/28/2025 12:30,-1555
2/28/2025 12:45,-1558
2/28/2025 13:00,-1576
2/28/2025 13:15,-1579
2/28/2025 13:30,-1571
2/28/2025 13:45,-1574
2/28/2025 14:00,-1607
2/28/2025 14:15,-1627
2/28/2025 14:30,-1631
2/28/2025 14:45,-1632
2/28/2025 15:00,-1631
2/28/2025 15:15,-1632
2/28/2025 15:30,-1629
2/28/2025 15:45,-1630
2/28/2025 16:00,-1624
2/28/2025 16:15,-1578
2/28/2025 16:30,-1389
2/28/2025 16:45,-953
2/28/2025 17:00,-640
2/28/2025 17:15,-379
2/28/2025 17:30,-201
2/28/2025 17:45,-65
2/28/2025 18:00,-14
2/28/2025 18:15,-2
2/28/2025 18:30,-2
2/28/2025 18:45,-2
2/28/2025 19:00,-2
2/28/2025 19:15,-2
2/28/2025 19:30,-2
2/28/2025 19:45,-2
2/28/2025 20:00,-1
2/28/2025 20:15,-1
2/28/2025 20:30,-1
2/28/2025 20:45,-1
2/28/2025 21:00,-1
2/28/2025 21:15,-1
2/28/2025 21:30,-1
2/28/2025 21:45,-1
2/28/2025 22:00,-1
2/28/2025 22:15,-1
2/28/2025 22:30,-1
2/28/2025 22:45,-1
2/28/2025 23:00,-1
2/28/2025 23:15,-1
2/28/2025 23:30,-1
2/28/2025 23:45,-1
3/1/2025 0:00,-1
3/1/2025 0:15,-1
3/1/2025 0:30,-1
3/1/2025 0:45,-1
3/1/2025 1:00,-1
3/1/2025 1:15,-1
3/1/2025 1:30,-1
3/1/2025 1:45,-1
3/1/2025 2:00,-1
3/1/2025 2:15,-1
3/1/2025 2:30,-1
3/1/2025 2:45,-1
3/1/2025 3:00,-1
3/1/2025 3:15,-1
3/1/2025 3:30,-1
3/1/2025 3:45,-1
3/1/2025 4:00,-1
3/1/2025 4:15,-1
3/1/2025 4:30,-1
3/1/2025 4:45,-1
3/1/2025 5:00,-1
3/1/2025 5:15,-2
3/1/2025 5:30,-1
3/1/2025 5:45,-1
3/1/2025 6:00,-1
3/1/2025 6:15,-1
3/1/2025 6:30,-2
3/1/2025 6:45,-10
3/1/2025 7:00,-86
3/1/2025 7:15,-293
3/1/2025 7:30,-618
3/1/2025 7:45,-965
3/1/2025 8:00,-1286
3/1/2025 8:15,-1546
3/1/2025 8:30,-1637
3/1/2025 8:45,-1635
3/1/2025 9:00,-1636
3/1/2025 9:15,-1635
3/1/2025 9:30,-1636
3/1/2025 9:45,-1636
3/1/2025 10:00,-1634
3/1/2025 10:15,-1629
3/1/2025 10:30,-1578
3/1/2025 10:45,-1591
3/1/2025 11:00,-1600
3/1/2025 11:15,-1589
3/1/2025 11:30,-1548
3/1/2025 11:45,-1490
3/1/2025 12:00,-1421
3/1/2025 12:15,-1477
3/1/2025 12:30,-1451
3/1/2025 12:45,-1522
3/1/2025 13:00,-1453
3/1/2025 13:15,-1391
3/1/2025 13:30,-1404
3/1/2025 13:45,-1361
3/1/2025 14:00,-1379
3/1/2025 14:15,-1409
3/1/2025 14:30,-1437
3/1/2025 14:45,-1386
3/1/2025 15:00,-1342
3/1/2025 15:15,-1558
3/1/2025 15:30,-1630
3/1/2025 15:45,-1631
3/1/2025 16:00,-1613
3/1/2025 16:15,-1541
3/1/2025 16:30,-969
3/1/2025 16:45,-1176
3/1/2025 17:00,-683
3/1/2025 17:15,-395
3/1/2025 17:30,-205
3/1/2025 17:45,-67
3/1/2025 18:00,-15
3/1/2025 18:15,-2
3/1/2025 18:30,-2
3/1/2025 18:45,-3
3/1/2025 19:00,-2
3/1/2025 19:15,-2
3/1/2025 19:30,-2
3/1/2025 19:45,-3
3/1/2025 20:00,-2
3/1/2025 20:15,-2
3/1/2025 20:30,-2
3/1/2025 20:45,-2
3/1/2025 21:00,-2
3/1/2025 21:15,-2
3/1/2025 21:30,-2
3/1/2025 21:45,-2
3/1/2025 22:00,-1
3/1/2025 22:15,-1
3/1/2025 22:30,-1
3/1/2025 22:45,-1
3/1/2025 23:00,-1
3/1/2025 23:15,-2
3/1/2025 23:30,-2
3/1/2025 23:45,-2
3/2/2025 0:00,-2
3/2/2025 0:15,-2
3/2/2025 0:30,-2
3/2/2025 0:45,-2
3/2/2025 1:00,-2
3/2/2025 1:15,-2
3/2/2025 1:30,-2
3/2/2025 1:45,-2
3/2/2025 2:00,-2
3/2/2025 2:15,-2
3/2/2025 2:30,-2
3/2/2025 2:45,-2
3/2/2025 3:00,-2
3/2/2025 3:15,-2
3/2/2025 3:30,-2
3/2/2025 3:45,-2
3/2/2025 4:00,-2
3/2/2025 4:15,-2
3/2/2025 4:30,-2
3/2/2025 4:45,-2
3/2/2025 5:00,-2
3/2/2025 5:15,-2
3/2/2025 5:30,-2
3/2/2025 5:45,-2
3/2/2025 6:00,-2
3/2/2025 6:15,-2
3/2/2025 6:30,-2
3/2/2025 6:45,-2
3/2/2025 7:00,-50
3/2/2025 7:15,-211
3/2/2025 7:30,-624
3/2/2025 7:45,-799
3/2/2025 8:00,-1079
3/2/2025 8:15,-1374
3/2/2025 8:30,-1532
3/2/2025 8:45,-1587
3/2/2025 9:00,-1616
3/2/2025 9:15,-1640
3/2/2025 9:30,-1653
3/2/2025 9:45,-1652
3/2/2025 10:00,-1558
3/2/2025 10:15,-1620
3/2/2025 10:30,-1630
3/2/2025 10:45,-1538
3/2/2025 11:00,-1519
3/2/2025 11:15,-1438
3/2/2025 11:30,-1334
3/2/2025 11:45,-1562
3/2/2025 12:00,-1495
3/2/2025 12:15,-1351
3/2/2025 12:30,-1408
3/2/2025 12:45,-1340
3/2/2025 13:00,-1431
3/2/2025 13:15,-1304
3/2/2025 13:30,-1379
3/2/2025 13:45,-1501
3/2/2025 14:00,-1364
3/2/2025 14:15,-1585
3/2/2025 14:30,-1297
3/2/2025 14:45,-1293
3/2/2025 15:00,-1312
3/2/2025 15:15,-1365
3/2/2025 15:30,-1609
3/2/2025 15:45,-1627
3/2/2025 16:00,-1641
3/2/2025 16:15,-1593
3/2/2025 16:30,-1410
3/2/2025 16:45,-991
3/2/2025 17:00,-634
3/2/2025 17:15,-405
3/2/2025 17:30,-214
3/2/2025 17:45,-32
3/2/2025 18:00,-11
3/2/2025 18:15,-2
3/2/2025 18:30,-2
3/2/2025 18:45,-2
3/2/2025 19:00,-2
3/2/2025 19:15,-2
3/2/2025 19:30,-2
3/2/2025 19:45,-2
3/2/2025 20:00,-2
3/2/2025 20:15,-2
3/2/2025 20:30,-1
3/2/2025 20:45,-1
3/2/2025 21:00,-1
3/2/2025 21:15,-1
3/2/2025 21:30,-2
3/2/2025 21:45,-1
3/2/2025 22:00,-2
3/2/2025 22:15,-1
3/2/2025 22:30,-1
3/2/2025 22:45,-1
3/2/2025 23:00,-2
3/2/2025 23:15,-2
3/2/2025 23:30,-2
3/2/2025 23:45,-2
3/3/2025 0:00,-1
3/3/2025 0:15,-2
3/3/2025 0:30,-2
3/3/2025 0:45,-2
3/3/2025 1:00,-2
3/3/2025 1:15,-1
3/3/2025 1:30,-2
3/3/2025 1:45,-1
3/3/2025 2:00,-2
3/3/2025 2:15,-2
3/3/2025 2:30,-2
3/3/2025 2:45,-2
3/3/2025 3:00,-2
3/3/2025 3:15,-2
3/3/2025 3:30,-2
3/3/2025 3:45,-2
3/3/2025 4:00,-2
3/3/2025 4:15,-2
3/3/2025 4:30,-1
3/3/2025 4:45,-2
3/3/2025 5:00,-1
3/3/2025 5:15,-1
3/3/2025 5:30,-1
3/3/2025 5:45,-1
3/3/2025 6:00,-1
3/3/2025 6:15,-2
3/3/2025 6:30,-1
3/3/2025 6:45,-5
3/3/2025 7:00,-94
3/3/2025 7:15,-328
3/3/2025 7:30,-663
3/3/2025 7:45,-1000
3/3/2025 8:00,-1296
3/3/2025 8:15,-1538
3/3/2025 8:30,-1642
3/3/2025 8:45,-1676
3/3/2025 9:00,-518
3/3/2025 9:15,-182
3/3/2025 9:30,-76
3/3/2025 9:45,-240
3/3/2025 10:00,-151
3/3/2025 10:15,-23
3/3/2025 10:30,-122
3/3/2025 10:45,-239
3/3/2025 11:00,-100
3/3/2025 11:15,-448
3/3/2025 11:30,-1018
3/3/2025 11:45,-1274
3/3/2025 12:00,-152
3/3/2025 12:15,-538
3/3/2025 12:30,-671
3/3/2025 12:45,-574
3/3/2025 13:00,-567
3/3/2025 13:15,-546
3/3/2025 13:30,-682
3/3/2025 13:45,-1674
3/3/2025 14:00,-111
3/3/2025 14:15,-727
3/3/2025 14:30,-1054
3/3/2025 14:45,-1674
3/3/2025 15:00,-85
3/3/2025 15:15,-1539
3/3/2025 15:30,-469
3/3/2025 15:45,-234
3/3/2025 16:00,-113
3/3/2025 16:15,-249
3/3/2025 16:30,-242
3/3/2025 16:45,-1003
3/3/2025 17:00,-922
3/3/2025 17:15,-325
3/3/2025 17:30,-63
3/3/2025 17:45,-46
3/3/2025 18:00,-49
3/3/2025 18:15,-2
3/3/2025 18:30,-2
3/3/2025 18:45,-2
3/3/2025 19:00,-1
3/3/2025 19:15,-1
3/3/2025 19:30,-1
3/3/2025 19:45,-1
3/3/2025 20:00,-1
3/3/2025 20:15,-1
3/3/2025 20:30,-1
3/3/2025 20:45,-1
3/3/2025 21:00,-1
3/3/2025 21:15,-1
3/3/2025 21:30,-1
3/3/2025 21:45,-1
3/3/2025 22:00,-2
3/3/2025 22:15,-1
3/3/2025 22:30,-1
3/3/2025 22:45,-1
3/3/2025 23:00,-1
3/3/2025 23:15,-1
3/3/2025 23:30,-2
3/3/2025 23:45,-2
3/4/2025 0:00,-2
3/4/2025 0:15,-1
3/4/2025 0:30,-1
3/4/2025 0:45,-2
3/4/2025 1:00,-2
3/4/2025 1:15,-1
3/4/2025 1:30,-1
3/4/2025 1:45,-2
3/4/2025 2:00,-1
3/4/2025 2:15,-2
3/4/2025 2:30,-2
3/4/2025 2:45,-2
3/4/2025 3:00,-2
3/4/2025 3:15,-2
3/4/2025 3:30,-2
3/4/2025 3:45,-2
3/4/2025 4:00,-2
3/4/2025 4:15,-2
3/4/2025 4:30,-2
3/4/2025 4:45,-2
3/4/2025 5:00,-2
3/4/2025 5:15,-2
3/4/2025 5:30,-2
3/4/2025 5:45,-2
3/4/2025 6:00,-2
3/4/2025 6:15,-1
3/4/2025 6:30,-1
3/4/2025 6:45,0
3/4/2025 7:00,-54
3/4/2025 7:15,-167
3/4/2025 7:30,-317
3/4/2025 7:45,-521
3/4/2025 8:00,-1159
3/4/2025 8:15,-1617
3/4/2025 8:30,-1677
3/4/2025 8:45,-1678
3/4/2025 9:00,-1622
3/4/2025 9:15,-1676
3/4/2025 9:30,-1676
3/4/2025 9:45,-1674
3/4/2025 10:00,-1676
3/4/2025 10:15,-1676
3/4/2025 10:30,-1674
3/4/2025 10:45,-1674
3/4/2025 11:00,-1675
3/4/2025 11:15,-1674
3/4/2025 11:30,-1673
3/4/2025 11:45,-1674
3/4/2025 12:00,-1671
3/4/2025 12:15,-1673
3/4/2025 12:30,-1673
3/4/2025 12:45,-1673
3/4/2025 13:00,-1673
3/4/2025 13:15,-1673
3/4/2025 13:30,-1672
3/4/2025 13:45,-1672
3/4/2025 14:00,-1673
3/4/2025 14:15,-1671
3/4/2025 14:30,-1673
3/4/2025 14:45,-1671
3/4/2025 15:00,-1672
3/4/2025 15:15,-1671
3/4/2025 15:30,-1668
3/4/2025 15:45,-1672
3/4/2025 16:00,-1669
3/4/2025 16:15,-1661
3/4/2025 16:30,-1508
3/4/2025 16:45,-1146
3/4/2025 17:00,-749
3/4/2025 17:15,-454
3/4/2025 17:30,-244
3/4/2025 17:45,-91
3/4/2025 18:00,-22
3/4/2025 18:15,-2
3/4/2025 18:30,-1
3/4/2025 18:45,-2
3/4/2025 19:00,-1
3/4/2025 19:15,-2
3/4/2025 19:30,-2
3/4/2025 19:45,-2
3/4/2025 20:00,-2
3/4/2025 20:15,-1
3/4/2025 20:30,-1
3/4/2025 20:45,-1
3/4/2025 21:00,-1
3/4/2025 21:15,-1
3/4/2025 21:30,-1
3/4/2025 21:45,-1
3/4/2025 22:00,-1
3/4/2025 22:15,-1
3/4/2025 22:30,-1
3/4/2025 22:45,-1
3/4/2025 23:00,-1
3/4/2025 23:15,-1
3/4/2025 23:30,-1
3/4/2025 23:45,-1
3/5/2025 0:00,-1
3/5/2025 0:15,-1
3/5/2025 0:30,-1
3/5/2025 0:45,-1
3/5/2025 1:00,-1
3/5/2025 1:15,-1
3/5/2025 1:30,-1
3/5/2025 1:45,-1
3/5/2025 2:00,-1
3/5/2025 2:15,-1
3/5/2025 2:30,-1
3/5/2025 2:45,-1
3/5/2025 3:00,-1
3/5/2025 3:15,-1
3/5/2025 3:30,-1
3/5/2025 3:45,-1
3/5/2025 4:00,-1
3/5/2025 4:15,-1
3/5/2025 4:30,-1
3/5/2025 4:45,-1
3/5/2025 5:00,-1
3/5/2025 5:15,-1
3/5/2025 5:30,-1
3/5/2025 5:45,-1
3/5/2025 6:00,-1
3/5/2025 6:15,-1
3/5/2025 6:30,-2
3/5/2025 6:45,-17
3/5/2025 7:00,-180
3/5/2025 7:15,-453
3/5/2025 7:30,-787
3/5/2025 7:45,-1104
3/5/2025 8:00,-1459
3/5/2025 8:15,-1604
3/5/2025 8:30,-1677
3/5/2025 8:45,-1675
3/5/2025 9:00,-1651
3/5/2025 9:15,-1649
3/5/2025 9:30,-1677
3/5/2025 9:45,-1621
3/5/2025 10:00,-1675
3/5/2025 10:15,-1661
3/5/2025 10:30,-1672
3/5/2025 10:45,-1673
3/5/2025 11:00,-1644
3/5/2025 11:15,-1624
3/5/2025 11:30,-1606
3/5/2025 11:45,-1594
3/5/2025 12:00,-1646
3/5/2025 12:15,-1542
3/5/2025 12:30,-1649
3/5/2025 12:45,-1667
3/5/2025 13:00,-1671
3/5/2025 13:15,-1672
3/5/2025 13:30,-1643
3/5/2025 13:45,-1671
3/5/2025 14:00,-1489
3/5/2025 14:15,-1461
3/5/2025 14:30,-1565
3/5/2025 14:45,-1197
3/5/2025 15:00,-1627
3/5/2025 15:15,-1580
3/5/2025 15:30,-1153
3/5/2025 15:45,-1600
3/5/2025 16:00,-1553
3/5/2025 16:15,-1087
3/5/2025 16:30,-434
3/5/2025 16:45,-301
3/5/2025 17:00,-571
3/5/2025 17:15,-169
3/5/2025 17:30,-136
3/5/2025 17:45,-45
3/5/2025 18:00,-30
3/5/2025 18:15,-2
3/5/2025 18:30,-2
3/5/2025 18:45,-2
3/5/2025 19:00,-2
3/5/2025 19:15,-2
3/5/2025 19:30,-2
3/5/2025 19:45,-2
3/5/2025 20:00,-2
3/5/2025 20:15,-2
3/5/2025 20:30,-2
3/5/2025 20:45,-2
3/5/2025 21:00,-2
3/5/2025 21:15,-2
3/5/2025 21:30,-2
3/5/2025 21:45,-2
3/5/2025 22:00,-2
3/5/2025 22:15,-2
3/5/2025 22:30,-2
3/5/2025 22:45,-2
3/5/2025 23:00,-2
3/5/2025 23:15,-2
3/5/2025 23:30,-2
3/5/2025 23:45,-2
3/6/2025 0:00,-2
3/6/2025 0:15,-2
3/6/2025 0:30,-2
3/6/2025 0:45,-2
3/6/2025 1:00,-2
3/6/2025 1:15,-2
3/6/2025 1:30,-2
3/6/2025 1:45,-2
3/6/2025 2:00,-2
3/6/2025 2:15,-2
3/6/2025 2:30,-2
3/6/2025 2:45,-2
3/6/2025 3:00,-2
3/6/2025 3:15,-2
3/6/2025 3:30,-2
3/6/2025 3:45,-2
3/6/2025 4:00,-2
3/6/2025 4:15,-2
3/6/2025 4:30,-2
3/6/2025 4:45,-2
3/6/2025 5:00,-2
3/6/2025 5:15,-2
3/6/2025 5:30,-2
3/6/2025 5:45,-2
3/6/2025 6:00,-2
3/6/2025 6:15,-2
3/6/2025 6:30,-2
3/6/2025 6:45,0
3/6/2025 7:00,-3
3/6/2025 7:15,-13
3/6/2025 7:30,-28
3/6/2025 7:45,-41
3/6/2025 8:00,-60
3/6/2025 8:15,-76
3/6/2025 8:30,-91
3/6/2025 8:45,-113
3/6/2025 9:00,-138
3/6/2025 9:15,-147
3/6/2025 9:30,-110
3/6/2025 9:45,-76
3/6/2025 10:00,-78
3/6/2025 10:15,-338
3/6/2025 10:30,-232
3/6/2025 10:45,-235
3/6/2025 11:00,-217
3/6/2025 11:15,-322
3/6/2025 11:30,-252
3/6/2025 11:45,-378
3/6/2025 12:00,-965
3/6/2025 12:15,-416
3/6/2025 12:30,-481
3/6/2025 12:45,-168
3/6/2025 13:00,-267
3/6/2025 13:15,-683
3/6/2025 13:30,-808
3/6/2025 13:45,-705
3/6/2025 14:00,-929
3/6/2025 14:15,-361
3/6/2025 14:30,-491
3/6/2025 14:45,-642
3/6/2025 15:00,-435
3/6/2025 15:15,-313
3/6/2025 15:30,-169
3/6/2025 15:45,-150
3/6/2025 16:00,-134
3/6/2025 16:15,-102
3/6/2025 16:30,-164
3/6/2025 16:45,-96
3/6/2025 17:00,-33
3/6/2025 17:15,-265
3/6/2025 17:30,-45
3/6/2025 17:45,-246
3/6/2025 18:00,-20
3/6/2025 18:15,-2
3/6/2025 18:30,-2
3/6/2025 18:45,-2
3/6/2025 19:00,-2
3/6/2025 19:15,-2
3/6/2025 19:30,-2
3/6/2025 19:45,-2
3/6/2025 20:00,-2
3/6/2025 20:15,-2
3/6/2025 20:30,-2
3/6/2025 20:45,-2
3/6/2025 21:00,-2
3/6/2025 21:15,-2
3/6/2025 21:30,-2
3/6/2025 21:45,-2
3/6/2025 22:00,-2
3/6/2025 22:15,-2
3/6/2025 22:30,-2
3/6/2025 22:45,-1
3/6/2025 23:00,-2
3/6/2025 23:15,-2
3/6/2025 23:30,-2
3/6/2025 23:45,-1
3/7/2025 0:00,-2
3/7/2025 0:15,-1
3/7/2025 0:30,-1
3/7/2025 0:45,-1
3/7/2025 1:00,-1
3/7/2025 1:15,-1
3/7/2025 1:30,-2
3/7/2025 1:45,-1
3/7/2025 2:00,-2
3/7/2025 2:15,-2
3/7/2025 2:30,-2
3/7/2025 2:45,-2
3/7/2025 3:00,-2
3/7/2025 3:15,-2
3/7/2025 3:30,-1
3/7/2025 3:45,-1
3/7/2025 4:00,-1
3/7/2025 4:15,-1
3/7/2025 4:30,-1
3/7/2025 4:45,-1
3/7/2025 5:00,-1
3/7/2025 5:15,-1
3/7/2025 5:30,-1
3/7/2025 5:45,-1
3/7/2025 6:00,-1
3/7/2025 6:15,-1
3/7/2025 6:30,-1
3/7/2025 6:45,-25
3/7/2025 7:00,-40
3/7/2025 7:15,-133
3/7/2025 7:30,-265
3/7/2025 7:45,-780
3/7/2025 8:00,-1405
3/7/2025 8:15,-1637
3/7/2025 8:30,-1614
3/7/2025 8:45,-1663
3/7/2025 9:00,-1677
3/7/2025 9:15,-1677
3/7/2025 9:30,-1676
3/7/2025 9:45,-1674
3/7/2025 10:00,-1675
3/7/2025 10:15,-452
3/7/2025 10:30,-607
3/7/2025 10:45,-1105
3/7/2025 11:00,-630
3/7/2025 11:15,-733
3/7/2025 11:30,-727
3/7/2025 11:45,-788
3/7/2025 12:00,-414
3/7/2025 12:15,-732
3/7/2025 12:30,-626
3/7/2025 12:45,-714
3/7/2025 13:00,-822
3/7/2025 13:15,-1081
3/7/2025 13:30,-536
3/7/2025 13:45,-464
3/7/2025 14:00,-351
3/7/2025 14:15,-510
3/7/2025 14:30,-647
3/7/2025 14:45,-1136
3/7/2025 15:00,-661
3/7/2025 15:15,-1249
3/7/2025 15:30,-457
3/7/2025 15:45,-344
3/7/2025 16:00,-274
3/7/2025 16:15,-231
3/7/2025 16:30,-184
3/7/2025 16:45,-121
3/7/2025 17:00,-127
3/7/2025 17:15,-79
3/7/2025 17:30,-55
3/7/2025 17:45,-19
3/7/2025 18:00,-2
3/7/2025 18:15,-2
3/7/2025 18:30,-2
3/7/2025 18:45,-2
3/7/2025 19:00,-2
3/7/2025 19:15,-2
3/7/2025 19:30,-2
3/7/2025 19:45,-2
3/7/2025 20:00,-2
3/7/2025 20:15,-2
3/7/2025 20:30,-2
3/7/2025 20:45,-1
3/7/2025 21:00,-1
3/7/2025 21:15,-1
3/7/2025 21:30,-1
3/7/2025 21:45,-1
3/7/2025 22:00,-1
3/7/2025 22:15,-1
3/7/2025 22:30,-1
3/7/2025 22:45,-1
3/7/2025 23:15,-1
3/7/2025 23:30,-1
3/7/2025 23:45,-1
3/8/2025 0:00,-1
3/8/2025 0:15,-1
3/8/2025 0:30,-2
3/8/2025 0:45,-1
3/8/2025 1:00,-2
3/8/2025 1:15,-2
3/8/2025 1:30,-2
3/8/2025 1:45,-1
3/8/2025 2:00,-2
3/8/2025 2:15,-1
3/8/2025 2:30,-1
3/8/2025 2:45,-1
3/8/2025 3:00,-1
3/8/2025 3:15,-1
3/8/2025 3:30,-2
3/8/2025 3:45,-2
3/8/2025 4:00,-2
3/8/2025 4:15,-2
3/8/2025 4:30,-2
3/8/2025 4:45,-2
3/8/2025 5:00,-2
3/8/2025 5:15,-2
3/8/2025 5:30,-2
3/8/2025 5:45,-2
3/8/2025 6:00,-1
3/8/2025 6:15,-1
3/8/2025 6:30,-1
3/8/2025 6:45,-1
3/8/2025 7:00,-3
3/8/2025 7:15,-18
3/8/2025 7:30,-71
3/8/2025 7:45,-107
3/8/2025 8:00,-88
3/8/2025 8:15,-129
3/8/2025 8:30,-273
3/8/2025 8:45,-400
3/8/2025 9:00,-549
3/8/2025 9:15,-751
3/8/2025 9:30,-689
3/8/2025 9:45,-666
3/8/2025 10:00,-822
3/8/2025 10:15,-984
3/8/2025 10:30,-1135
3/8/2025 10:45,-1419
3/8/2025 11:00,-1408
3/8/2025 11:15,-1358
3/8/2025 11:30,-1372
3/8/2025 11:45,-1453
3/8/2025 12:00,-1676
3/8/2025 12:15,-1652
3/8/2025 12:30,-1672
3/8/2025 12:45,-1676
3/8/2025 13:00,-1674
3/8/2025 13:15,-1674
3/8/2025 13:30,-1266
3/8/2025 13:45,-634
3/8/2025 14:00,-1022
3/8/2025 14:15,-1255
3/8/2025 14:30,-1615
3/8/2025 14:45,-965
3/8/2025 15:00,-1670
3/8/2025 15:15,-1473
3/8/2025 15:30,-1674
3/8/2025 15:45,-1673
3/8/2025 16:00,-1534
3/8/2025 16:15,-1669
3/8/2025 16:30,-297
3/8/2025 16:45,-302
3/8/2025 17:00,-209
3/8/2025 17:15,-153
3/8/2025 17:30,-67
3/8/2025 17:45,-57
3/8/2025 18:00,-21
3/8/2025 18:15,-2
3/8/2025 18:30,-2
3/8/2025 18:45,-2
3/8/2025 19:00,-1
3/8/2025 19:15,-2
3/8/2025 19:30,-1
3/8/2025 19:45,-1
3/8/2025 20:00,-1
3/8/2025 20:15,-2
3/8/2025 20:30,-1
3/8/2025 20:45,-2
3/8/2025 21:00,-2
3/8/2025 21:15,-1
3/8/2025 21:30,-1
3/8/2025 21:45,-1
3/8/2025 22:00,-1
3/8/2025 22:15,-1
3/8/2025 22:30,-1
3/8/2025 22:45,-1
3/8/2025 23:00,-1
3/8/2025 23:15,-1
3/8/2025 23:30,-1
3/8/2025 23:45,-1
3/9/2025 0:00,-1
3/9/2025 0:15,-1
3/9/2025 0:30,-1
3/9/2025 0:45,-1
3/9/2025 1:00,-1
3/9/2025 1:15,-1
3/9/2025 1:30,-1
3/9/2025 1:45,-1
3/9/2025 3:00,-1
3/9/2025 3:15,-1
3/9/2025 3:30,-1
3/9/2025 3:45,-1
3/9/2025 4:00,-1
3/9/2025 4:15,-1
3/9/2025 4:30,-1
3/9/2025 4:45,-1
3/9/2025 5:00,-1
3/9/2025 5:15,-1
3/9/2025 5:30,-1
3/9/2025 5:45,-1
3/9/2025 6:00,-1
3/9/2025 6:15,-1
3/9/2025 6:30,-1
3/9/2025 6:45,-1
3/9/2025 7:00,-1
3/9/2025 7:15,-1
3/9/2025 7:30,-1
3/9/2025 7:45,-55
3/9/2025 8:00,-234
3/9/2025 8:15,-526
3/9/2025 8:30,-884
3/9/2025 8:45,-1243
3/9/2025 9:00,-1541
3/9/2025 9:15,-1676
3/9/2025 9:30,-1677
3/9/2025 9:45,-1676
3/9/2025 10:00,-1676
3/9/2025 10:15,-1676
3/9/2025 10:30,-1636
3/9/2025 10:45,-1598
3/9/2025 11:00,-1598
3/9/2025 11:15,-1597
3/9/2025 11:30,-1597
3/9/2025 11:45,-1596
3/9/2025 12:00,-1595
3/9/2025 12:15,-1596
3/9/2025 12:30,-1595
3/9/2025 12:45,-1595
3/9/2025 13:00,-1594
3/9/2025 13:15,-1594
3/9/2025 13:30,-1594
3/9/2025 13:45,-1593
3/9/2025 14:00,-1594
3/9/2025 14:15,-1593
3/9/2025 14:30,-1594
3/9/2025 14:45,-1592
3/9/2025 15:00,-1593
3/9/2025 15:15,-1594
3/9/2025 15:30,-1593
3/9/2025 15:45,-1594
3/9/2025 16:00,-1593
3/9/2025 16:15,-1593
3/9/2025 16:30,-1594
3/9/2025 16:45,-1593
3/9/2025 17:00,-1593
3/9/2025 17:15,-1582
3/9/2025 17:30,-1492
3/9/2025 17:45,-1174
3/9/2025 18:00,-771
3/9/2025 18:15,-528
3/9/2025 18:30,-315
3/9/2025 18:45,-136
3/9/2025 19:00,-36
3/9/2025 19:15,-6
3/9/2025 19:30,-2
3/9/2025 19:45,-2
3/9/2025 20:00,-2
3/9/2025 20:15,-2
3/9/2025 20:30,-2
3/9/2025 20:45,-2
3/9/2025 21:00,-1
3/9/2025 21:15,-1
3/9/2025 21:30,-1
3/9/2025 21:45,-1
3/9/2025 22:00,-1
3/9/2025 22:15,-1
3/9/2025 22:30,-1
3/9/2025 22:45,-1
3/9/2025 23:00,-1
3/9/2025 23:15,-1
3/9/2025 23:30,-1
3/9/2025 23:45,-1
3/10/2025 0:00,-1
3/10/2025 0:15,-1
3/10/2025 0:30,-1
3/10/2025 0:45,-1
3/10/2025 1:00,-1
3/10/2025 1:15,-1
3/10/2025 1:30,-1
3/10/2025 1:45,-1
3/10/2025 2:00,-1
3/10/2025 2:15,-1
3/10/2025 2:30,-1
3/10/2025 2:45,-1
3/10/2025 3:00,-1
3/10/2025 3:15,-1
3/10/2025 3:30,-1
3/10/2025 3:45,-1
3/10/2025 4:00,-1
3/10/2025 4:15,-1
3/10/2025 4:30,-1
3/10/2025 4:45,-1
3/10/2025 5:00,-1
3/10/2025 5:15,-1
3/10/2025 5:30,-1
3/10/2025 5:45,-1
3/10/2025 6:00,-1
3/10/2025 6:15,-1
3/10/2025 6:30,-1
3/10/2025 6:45,-1
3/10/2025 7:00,-1
3/10/2025 7:15,-1
3/10/2025 7:30,-2
3/10/2025 7:45,-76
3/10/2025 8:00,-259
3/10/2025 8:15,-566
3/10/2025 8:30,-907
3/10/2025 8:45,-1239
3/10/2025 9:00,-1542
3/10/2025 9:15,-1677
3/10/2025 9:30,-1675
3/10/2025 9:45,-1677
3/10/2025 10:00,-1675
3/10/2025 10:15,-1675
3/10/2025 10:30,-1675
3/10/2025 10:45,-1675
3/10/2025 11:00,-1675
3/10/2025 11:15,-1674
3/10/2025 11:30,-1674
3/10/2025 11:45,-1674
3/10/2025 12:00,-1673
3/10/2025 12:15,-1672
3/10/2025 12:30,-1673
3/10/2025 12:45,-1673
3/10/2025 13:00,-1673
3/10/2025 13:15,-1670
3/10/2025 13:30,-1672
3/10/2025 13:45,-1664
3/10/2025 14:00,-1671
3/10/2025 14:15,-1671
3/10/2025 14:30,-1672
3/10/2025 14:45,-1670
3/10/2025 15:00,-1670
3/10/2025 15:15,-1671
3/10/2025 15:30,-1671
3/10/2025 15:45,-1671
3/10/2025 16:00,-1671
3/10/2025 16:15,-1670
3/10/2025 16:30,-1670
3/10/2025 16:45,-1670
3/10/2025 17:00,-1670
3/10/2025 17:15,-1662
3/10/2025 17:30,-1600
3/10/2025 17:45,-1227
3/10/2025 18:00,-785
3/10/2025 18:15,-526
3/10/2025 18:30,-316
3/10/2025 18:45,-134
3/10/2025 19:00,-37
3/10/2025 19:15,-4
3/10/2025 19:30,-2
3/10/2025 19:45,-2
3/10/2025 20:00,-2
3/10/2025 20:15,-2
3/10/2025 20:30,-2
3/10/2025 20:45,-1
3/10/2025 21:00,-1
3/10/2025 21:15,-1
3/10/2025 21:30,-1
3/10/2025 21:45,-1
3/10/2025 22:00,-1
3/10/2025 22:15,-1
3/10/2025 22:30,-1
3/10/2025 22:45,-1
3/10/2025 23:00,-1
3/10/2025 23:15,-1
3/10/2025 23:30,-1
3/10/2025 23:45,-1
3/11/2025 0:00,-1
3/11/2025 0:15,-1
3/11/2025 0:30,-1
3/11/2025 0:45,-1
3/11/2025 1:00,-1
3/11/2025 1:15,-1
3/11/2025 1:30,-1
3/11/2025 1:45,-1
3/11/2025 2:00,-1
3/11/2025 2:15,-1
3/11/2025 2:30,-1
3/11/2025 2:45,-1
3/11/2025 3:00,-1
3/11/2025 3:15,-1
3/11/2025 3:30,-1
3/11/2025 3:45,-1
3/11/2025 4:00,-1
3/11/2025 4:15,-1
3/11/2025 4:30,-1
3/11/2025 4:45,-1
3/11/2025 5:00,-1
3/11/2025 5:15,-1
3/11/2025 5:30,-1
3/11/2025 5:45,-1
3/11/2025 6:00,-1
3/11/2025 6:15,-1
3/11/2025 6:30,-1
3/11/2025 6:45,-1
3/11/2025 7:00,-1
3/11/2025 7:15,-1
3/11/2025 7:30,-16
3/11/2025 7:45,-90
3/11/2025 8:00,-265
3/11/2025 8:15,-461
3/11/2025 8:30,-557
3/11/2025 8:45,-1277
3/11/2025 9:00,-1064
3/11/2025 9:15,-1647
3/11/2025 9:30,-1320
3/11/2025 9:45,-1058
3/11/2025 10:00,-1018
3/11/2025 10:15,-1631
3/11/2025 10:30,-1675
3/11/2025 10:45,-1430
3/11/2025 11:00,-1666
3/11/2025 11:15,-1667
3/11/2025 11:30,-1585
3/11/2025 11:45,-1461
3/11/2025 12:00,-1188
3/11/2025 12:15,-784
3/11/2025 12:30,-1674
3/11/2025 12:45,-1674
3/11/2025 13:00,-1632
3/11/2025 13:15,-1508
3/11/2025 13:30,-1657
3/11/2025 13:45,-1653
3/11/2025 14:00,-1648
3/11/2025 14:15,-1673
3/11/2025 14:30,-1570
3/11/2025 14:45,-1634
3/11/2025 15:00,-1646
3/11/2025 15:15,-1507
3/11/2025 15:30,-994
3/11/2025 15:45,-793
3/11/2025 16:00,-1672
3/11/2025 16:15,-1672
3/11/2025 16:30,-1669
3/11/2025 16:45,-1663
3/11/2025 17:00,-1671
3/11/2025 17:15,-1661
3/11/2025 17:30,-1551
3/11/2025 17:45,-1220
3/11/2025 18:00,-830
3/11/2025 18:15,-520
3/11/2025 18:30,-321
3/11/2025 18:45,-140
3/11/2025 19:00,-41
3/11/2025 19:15,-2
3/11/2025 19:30,-2
3/11/2025 19:45,-2
3/11/2025 20:00,-2
3/11/2025 20:15,-2
3/11/2025 20:30,-2
3/11/2025 20:45,-1
3/11/2025 21:00,-1
3/11/2025 21:15,-1
3/11/2025 21:30,-1
3/11/2025 21:45,-1
3/11/2025 22:00,-1
3/11/2025 22:15,-1
3/11/2025 22:30,-1
3/11/2025 22:45,-1
3/11/2025 23:00,-1
3/11/2025 23:15,-1
3/11/2025 23:30,-1
3/11/2025 23:45,-1
3/12/2025 0:00,-1
3/12/2025 0:15,-1
3/12/2025 0:30,-1
3/12/2025 0:45,-1
3/12/2025 1:00,-1
3/12/2025 1:15,-1
3/12/2025 1:30,-1
3/12/2025 1:45,-1
3/12/2025 2:00,-1
3/12/2025 2:15,-1
3/12/2025 2:30,-1
3/12/2025 2:45,-1
3/12/2025 3:00,-1
3/12/2025 3:15,-1
3/12/2025 3:30,-1
3/12/2025 3:45,-1
3/12/2025 4:00,-1
3/12/2025 4:15,-1
3/12/2025 4:30,-1
3/12/2025 4:45,-1
3/12/2025 5:00,-1
3/12/2025 5:15,-1
3/12/2025 5:30,-2
3/12/2025 5:45,-2
3/12/2025 6:00,-2
3/12/2025 6:15,-2
3/12/2025 6:30,-2
3/12/2025 6:45,-2
3/12/2025 7:00,-1
3/12/2025 7:15,-2
3/12/2025 7:30,-2
3/12/2025 7:45,-78
3/12/2025 8:00,-186
3/12/2025 8:15,-543
3/12/2025 8:30,-185
3/12/2025 8:45,-133
3/12/2025 9:00,-105
3/12/2025 9:15,-82
3/12/2025 9:30,-85
3/12/2025 9:45,-166
3/12/2025 10:00,-351
3/12/2025 10:15,-503
3/12/2025 10:30,-1633
3/12/2025 10:45,-921
3/12/2025 11:00,-509
3/12/2025 11:15,-487
3/12/2025 11:30,-550
3/12/2025 11:45,-595
3/12/2025 12:00,-750
3/12/2025 12:15,-1027
3/12/2025 12:30,-314
3/12/2025 12:45,-1037
3/12/2025 13:00,-866
3/12/2025 13:15,-903
3/12/2025 13:30,-692
3/12/2025 13:45,-608
3/12/2025 14:00,-880
3/12/2025 14:15,-1063
3/12/2025 14:30,-786
3/12/2025 14:45,-1674
3/12/2025 15:00,-1674
3/12/2025 15:15,-1674
3/12/2025 15:30,-1369
3/12/2025 15:45,-1673
3/12/2025 16:00,-1672
3/12/2025 16:15,-1675
3/12/2025 16:30,-320
3/12/2025 16:45,-269
3/12/2025 17:00,-421
3/12/2025 17:15,-1673
3/12/2025 17:30,-1505
3/12/2025 17:45,-1331
3/12/2025 18:00,-867
3/12/2025 18:15,-243
3/12/2025 18:30,-345
3/12/2025 18:45,-153
3/12/2025 19:00,-38
3/12/2025 19:15,-3
3/12/2025 19:45,-2
3/12/2025 20:00,-2
3/12/2025 20:15,-2
3/12/2025 20:30,-2
3/12/2025 20:45,-2
3/12/2025 21:00,-1
3/12/2025 21:15,-1
3/12/2025 21:30,-1
3/12/2025 21:45,-1
3/12/2025 22:00,-1
3/12/2025 22:15,-2
3/12/2025 22:30,-2
3/12/2025 22:45,-2
3/12/2025 23:00,-2
3/12/2025 23:15,-1
3/12/2025 23:30,-2
3/12/2025 23:45,-2
3/13/2025 0:00,-1
3/13/2025 0:15,-2
3/13/2025 0:30,-2
3/13/2025 0:45,-2
3/13/2025 1:00,-2
3/13/2025 1:15,-2
3/13/2025 1:30,-2
3/13/2025 1:45,-2
3/13/2025 2:00,-2
3/13/2025 2:15,-2
3/13/2025 2:30,-2
3/13/2025 2:45,-2
3/13/2025 3:00,-2
3/13/2025 3:15,-2
3/13/2025 3:30,-2
3/13/2025 3:45,-2
3/13/2025 4:00,-2
3/13/2025 4:15,-1
3/13/2025 4:30,-1
3/13/2025 4:45,-1
3/13/2025 5:00,-2
3/13/2025 5:15,-2
3/13/2025 5:30,-2
3/13/2025 5:45,-1
3/13/2025 6:00,-2
3/13/2025 6:15,-2
3/13/2025 6:30,-2
3/13/2025 6:45,-2
3/13/2025 7:00,-2
3/13/2025 7:15,-2
3/13/2025 7:30,-1
3/13/2025 7:45,-103
3/13/2025 8:00,-284
3/13/2025 8:15,-686
3/13/2025 8:30,-985
3/13/2025 8:45,-1107
3/13/2025 9:00,-502
3/13/2025 9:15,-482
3/13/2025 9:30,-328
3/13/2025 9:45,-263
3/13/2025 10:00,-514
3/13/2025 10:15,-833
3/13/2025 10:30,-765
3/13/2025 10:45,-1164
3/13/2025 11:00,-971
3/13/2025 11:15,-1080
3/13/2025 11:30,-591
3/13/2025 11:45,-550
3/13/2025 12:00,-826
3/13/2025 12:15,-1001
3/13/2025 12:30,-646
3/13/2025 12:45,-1542
3/13/2025 13:00,-1444
3/13/2025 13:15,-730
3/13/2025 13:30,-725
3/13/2025 13:45,-798
3/13/2025 14:00,-779
3/13/2025 14:15,-682
3/13/2025 14:30,-1367
3/13/2025 14:45,-932
3/13/2025 15:00,-740
3/13/2025 15:15,-587
3/13/2025 15:30,-185
3/13/2025 15:45,-107
3/13/2025 16:00,-113
3/13/2025 16:15,-155
3/13/2025 16:30,-175
3/13/2025 16:45,-159
3/13/2025 17:00,-149
3/13/2025 17:15,-122
3/13/2025 17:30,-143
3/13/2025 17:45,-253
3/13/2025 18:00,-354
3/13/2025 18:15,-164
3/13/2025 18:30,-226
3/13/2025 18:45,-85
3/13/2025 19:00,-42
3/13/2025 19:15,-2
3/13/2025 19:30,-2
3/13/2025 19:45,-2
3/13/2025 20:00,-2
3/13/2025 20:15,-2
3/13/2025 20:30,-2
3/13/2025 20:45,-2
3/13/2025 21:00,-2
3/13/2025 21:15,-2
3/13/2025 21:30,-2
3/13/2025 21:45,-2
3/13/2025 22:00,-2
3/13/2025 22:15,-2
3/13/2025 22:30,-2
3/13/2025 22:45,-2
3/13/2025 23:00,-2
3/13/2025 23:15,-2
3/13/2025 23:30,-2
3/13/2025 23:45,-2
3/14/2025 0:00,-1
3/14/2025 0:15,-1
3/14/2025 0:30,-1
3/14/2025 0:45,-1
3/14/2025 1:00,-1
3/14/2025 1:15,-1
3/14/2025 1:30,-1
3/14/2025 1:45,-1
3/14/2025 2:00,-1
3/14/2025 2:15,-1
3/14/2025 2:30,-1
3/14/2025 2:45,-1
3/14/2025 3:00,-1
3/14/2025 3:15,-1
3/14/2025 3:30,-1
3/14/2025 3:45,-1
3/14/2025 4:00,-1
3/14/2025 4:15,-1
3/14/2025 4:30,-1
3/14/2025 4:45,-1
3/14/2025 5:00,-1
3/14/2025 5:15,-1
3/14/2025 5:30,-1
3/14/2025 5:45,-1
3/14/2025 6:00,-1
3/14/2025 6:15,-1
3/14/2025 6:30,-1
3/14/2025 6:45,-1
3/14/2025 7:00,-1
3/14/2025 7:15,-1
3/14/2025 7:30,0
3/14/2025 7:45,-8
3/14/2025 8:00,-45
3/14/2025 8:15,-62
3/14/2025 8:30,-204
3/14/2025 8:45,-358
3/14/2025 9:00,-991
3/14/2025 9:15,-791
3/14/2025 9:30,-1381
3/14/2025 9:45,-1566
3/14/2025 10:00,-1671
3/14/2025 10:15,-1421
3/14/2025 10:30,-1666
3/14/2025 10:45,-1676
3/14/2025 11:00,-1655
3/14/2025 11:15,-1645
3/14/2025 11:30,-1675
3/14/2025 11:45,-1667
3/14/2025 12:00,-1675
3/14/2025 12:15,-1674
3/14/2025 12:30,-1611
3/14/2025 12:45,-1674
3/14/2025 13:00,-1674
3/14/2025 13:15,-1597
3/14/2025 13:30,-1673
3/14/2025 13:45,-1675
3/14/2025 14:00,-184
3/14/2025 14:15,-1666
3/14/2025 14:30,-1674
3/14/2025 14:45,-1325
3/14/2025 15:00,-1673
3/14/2025 15:15,-1573
3/14/2025 15:30,-1215
3/14/2025 15:45,-510
3/14/2025 16:00,-1674
3/14/2025 16:15,-1674
3/14/2025 16:30,-1671
3/14/2025 16:45,-1540
3/14/2025 17:00,-1443
3/14/2025 17:15,-1662
3/14/2025 17:30,-165
3/14/2025 17:45,-183
3/14/2025 18:00,-239
3/14/2025 18:15,-189
3/14/2025 18:30,-192
3/14/2025 18:45,-77
3/14/2025 19:00,-38
3/14/2025 19:15,-11
3/14/2025 19:30,-2
3/14/2025 19:45,-2
3/14/2025 20:00,-1
3/14/2025 20:15,-1
3/14/2025 20:30,-1
3/14/2025 20:45,-1
3/14/2025 21:00,-1
3/14/2025 21:15,-1
3/14/2025 21:30,-1
3/14/2025 21:45,-1
3/14/2025 22:00,-1
3/14/2025 22:15,-1
3/14/2025 22:30,-1
3/14/2025 22:45,-1
3/14/2025 23:00,-1
3/14/2025 23:15,-1
3/14/2025 23:30,-1
3/14/2025 23:45,-1
3/15/2025 0:00,-2
3/15/2025 0:15,-2
3/15/2025 0:30,-1
3/15/2025 0:45,-2
3/15/2025 1:00,-1
3/15/2025 1:15,-2
3/15/2025 1:30,-2
3/15/2025 1:45,-2
3/15/2025 2:00,-1
3/15/2025 2:15,-2
3/15/2025 2:30,-2
3/15/2025 2:45,-2
3/15/2025 3:00,-1
3/15/2025 3:15,-1
3/15/2025 3:30,-1
3/15/2025 3:45,-2
3/15/2025 4:00,-1
3/15/2025 4:15,-1
3/15/2025 4:30,-1
3/15/2025 4:45,-2
3/15/2025 5:00,-1
3/15/2025 5:15,-2
3/15/2025 5:30,-2
3/15/2025 5:45,-2
3/15/2025 6:00,-2
3/15/2025 6:15,-2
3/15/2025 6:30,-2
3/15/2025 6:45,-2
3/15/2025 7:00,-2
3/15/2025 7:15,-2
3/15/2025 7:30,0
3/15/2025 7:45,-44
3/15/2025 8:00,-116
3/15/2025 8:15,-173
3/15/2025 8:30,-110
3/15/2025 8:45,-94
3/15/2025 9:00,-138
3/15/2025 9:15,-152
3/15/2025 9:30,-217
3/15/2025 9:45,-396
3/15/2025 10:00,-581
3/15/2025 10:15,-507
3/15/2025 10:30,-627
3/15/2025 10:45,-582
3/15/2025 11:00,-523
3/15/2025 11:15,-705
3/15/2025 11:30,-1331
3/15/2025 11:45,-1678
3/15/2025 12:00,-1326
3/15/2025 12:15,-1675
3/15/2025 12:30,-1666
3/15/2025 12:45,-1675
3/15/2025 13:00,-1195
3/15/2025 13:15,-1676
3/15/2025 13:30,-676
3/15/2025 13:45,-1041
3/15/2025 14:00,-1675
3/15/2025 14:15,-1674
3/15/2025 14:30,-1674
3/15/2025 14:45,-1675
3/15/2025 15:00,-1674
3/15/2025 15:15,-1672
3/15/2025 15:30,-1673
3/15/2025 15:45,-1016
3/15/2025 16:00,-1675
3/15/2025 16:15,-767
3/15/2025 16:30,-217
3/15/2025 16:45,-393
3/15/2025 17:00,-1027
3/15/2025 17:15,-1149
3/15/2025 17:30,-369
3/15/2025 17:45,-133
3/15/2025 18:00,-1031
3/15/2025 18:15,-674
3/15/2025 18:30,-500
3/15/2025 18:45,-105
3/15/2025 19:00,-74
3/15/2025 19:15,-12
3/15/2025 19:30,-2
3/15/2025 19:45,-2
3/15/2025 20:00,-2
3/15/2025 20:15,-1
3/15/2025 20:30,-1
3/15/2025 20:45,-1
3/15/2025 21:00,-1
3/15/2025 21:15,-1
3/15/2025 21:30,-1
3/15/2025 21:45,-1
3/15/2025 22:00,-1
3/15/2025 22:15,-1
3/15/2025 22:30,-1
3/15/2025 22:45,-2
3/15/2025 23:00,-2
3/15/2025 23:15,-1
3/15/2025 23:30,-1
3/15/2025 23:45,-1
3/16/2025 0:00,-1
3/16/2025 0:15,-1
3/16/2025 0:30,-1
3/16/2025 0:45,-1
3/16/2025 1:00,-1
3/16/2025 1:15,-1
3/16/2025 1:30,-1
3/16/2025 1:45,-1
3/16/2025 2:00,-1
3/16/2025 2:15,-1
3/16/2025 2:30,-1
3/16/2025 2:45,-1
3/16/2025 3:00,-1
3/16/2025 3:15,-1
3/16/2025 3:30,-1
3/16/2025 3:45,-1
3/16/2025 4:00,-1
3/16/2025 4:15,-1
3/16/2025 4:30,-1
3/16/2025 4:45,-1
3/16/2025 5:00,-1
3/16/2025 5:15,-1
3/16/2025 5:30,-1
3/16/2025 5:45,-1
3/16/2025 6:00,-1
3/16/2025 6:15,-1
3/16/2025 6:30,-1
3/16/2025 6:45,-1
3/16/2025 7:00,-1
3/16/2025 7:15,-4
3/16/2025 7:30,-21
3/16/2025 7:45,-131
3/16/2025 8:00,-466
3/16/2025 8:15,-805
3/16/2025 8:30,-1020
3/16/2025 8:45,-1224
3/16/2025 9:00,-1673
3/16/2025 9:15,-1677
3/16/2025 9:30,-1677
3/16/2025 9:45,-1676
3/16/2025 10:00,-1673
3/16/2025 10:15,-1674
3/16/2025 10:30,-1636
3/16/2025 10:45,-1637
3/16/2025 11:15,-1636
3/16/2025 11:30,-1636
3/16/2025 11:45,-1635
3/16/2025 12:00,-1635
3/16/2025 12:15,-1634
3/16/2025 12:30,-1634
3/16/2025 12:45,-1621
3/16/2025 13:15,-1633
3/16/2025 13:30,-1593
3/16/2025 13:45,-1582
3/16/2025 14:00,-1633
3/16/2025 14:15,-1542
3/16/2025 14:30,-1544
3/16/2025 14:45,-1540
3/16/2025 15:00,-1551
3/16/2025 15:15,-1584
3/16/2025 15:30,-1603
3/16/2025 15:45,-1602
3/16/2025 16:00,-1568
3/16/2025 16:15,-1665
3/16/2025 16:30,-1668
3/16/2025 16:45,-1600
3/16/2025 17:00,-1662
3/16/2025 17:15,-1663
3/16/2025 17:30,-1648
3/16/2025 17:45,-1493
3/16/2025 18:00,-830
3/16/2025 18:15,-328
3/16/2025 18:30,-182
3/16/2025 18:45,-77
3/16/2025 19:00,-53
3/16/2025 19:15,-8
3/16/2025 19:30,-2
3/16/2025 19:45,-2
3/16/2025 20:00,-2
3/16/2025 20:15,-2
3/16/2025 20:30,-2
3/16/2025 20:45,-2
3/16/2025 21:00,-2
3/16/2025 21:15,-2
3/16/2025 21:30,-1
3/16/2025 21:45,-2
3/16/2025 22:00,-1
3/16/2025 22:15,-1
3/16/2025 22:30,-1
3/16/2025 22:45,-1
3/16/2025 23:00,-1
3/16/2025 23:15,-1
3/16/2025 23:30,-1
3/16/2025 23:45,-2
3/17/2025 0:00,-1
3/17/2025 0:15,-1
3/17/2025 0:30,-2
3/17/2025 0:45,-1
3/17/2025 1:00,-1
3/17/2025 1:15,-1
3/17/2025 1:30,-1
3/17/2025 1:45,-1
3/17/2025 2:00,-1
3/17/2025 2:15,-1
3/17/2025 2:30,-1
3/17/2025 2:45,-1
3/17/2025 3:00,-2
3/17/2025 3:15,-2
3/17/2025 3:30,-2
3/17/2025 3:45,-2
3/17/2025 4:00,-2
3/17/2025 4:15,-2
3/17/2025 4:30,-2
3/17/2025 4:45,-2
3/17/2025 5:00,-2
3/17/2025 5:15,-1
3/17/2025 5:30,-2
3/17/2025 5:45,-2
3/17/2025 6:00,-2
3/17/2025 6:15,-2
3/17/2025 6:30,-2
3/17/2025 6:45,-2
3/17/2025 7:00,-2
3/17/2025 7:15,-2
3/17/2025 7:30,-2
3/17/2025 7:45,-44
3/17/2025 8:00,-103
3/17/2025 8:15,-182
3/17/2025 8:30,-276
3/17/2025 8:45,-355
3/17/2025 9:00,-310
3/17/2025 9:15,-407
3/17/2025 9:30,-561
3/17/2025 9:45,-531
3/17/2025 10:00,-690
3/17/2025 10:15,-574
3/17/2025 10:30,-432
3/17/2025 10:45,-678
3/17/2025 11:00,-737
3/17/2025 11:15,-666
3/17/2025 11:30,-652
3/17/2025 11:45,-837
3/17/2025 12:00,-699
3/17/2025 12:15,-685
3/17/2025 12:30,-1565
3/17/2025 12:45,-1151
3/17/2025 13:00,-974
3/17/2025 13:15,-828
3/17/2025 13:30,-837
3/17/2025 13:45,-1356
3/17/2025 14:00,-1102
3/17/2025 14:15,-1669
3/17/2025 14:30,-1153
3/17/2025 14:45,-944
3/17/2025 15:00,-1369
3/17/2025 15:15,-750
3/17/2025 15:30,-775
3/17/2025 15:45,-620
3/17/2025 16:00,-736
3/17/2025 16:15,-610
3/17/2025 16:30,-516
3/17/2025 16:45,-324
3/17/2025 17:00,-304
3/17/2025 17:15,-325
3/17/2025 17:30,-261
3/17/2025 17:45,-227
3/17/2025 18:00,-163
3/17/2025 18:15,-90
3/17/2025 18:30,-95
3/17/2025 18:45,-73
3/17/2025 19:00,-27
3/17/2025 19:15,-14
3/17/2025 19:30,-2
3/17/2025 19:45,-2
3/17/2025 20:00,-2
3/17/2025 20:15,-2
3/17/2025 20:30,-2
3/17/2025 20:45,-2
3/17/2025 21:00,-2
3/17/2025 21:15,-2
3/17/2025 21:30,-2
3/17/2025 21:45,-2
3/17/2025 22:00,-2
3/17/2025 22:15,-2
3/17/2025 22:30,-2
3/17/2025 22:45,-2
3/17/2025 23:00,-2
3/17/2025 23:15,-2
3/17/2025 23:30,-2
3/17/2025 23:45,-2
3/18/2025 0:00,-2
3/18/2025 0:15,-2
3/18/2025 0:30,-2
3/18/2025 0:45,-2
3/18/2025 1:00,-2
3/18/2025 1:15,-2
3/18/2025 1:30,-2
3/18/2025 1:45,-2
3/18/2025 2:00,-2
3/18/2025 2:15,-2
3/18/2025 2:30,-2
3/18/2025 2:45,-1
3/18/2025 3:00,-1
3/18/2025 3:15,-1
3/18/2025 3:30,-1
3/18/2025 3:45,-1
3/18/2025 4:00,-1
3/18/2025 4:15,-1
3/18/2025 4:30,-1
3/18/2025 4:45,-1
3/18/2025 5:00,-1
3/18/2025 5:15,-1
3/18/2025 5:30,-1
3/18/2025 5:45,-1
3/18/2025 6:00,-1
3/18/2025 6:15,-1
3/18/2025 6:30,-1
3/18/2025 6:45,-1
3/18/2025 7:00,-1
3/18/2025 7:15,-1
3/18/2025 7:30,-1
3/18/2025 7:45,-16
3/18/2025 8:00,-42
3/18/2025 8:15,-82
3/18/2025 8:30,-181
3/18/2025 8:45,-1503
3/18/2025 9:00,-219
3/18/2025 9:15,-231
3/18/2025 9:30,-1359
3/18/2025 9:45,-204
3/18/2025 10:00,-112
3/18/2025 10:15,-105
3/18/2025 10:30,-567
3/18/2025 10:45,-169
3/18/2025 11:00,-998
3/18/2025 11:15,-161
3/18/2025 11:30,-513
3/18/2025 11:45,-179
3/18/2025 12:00,-778
3/18/2025 12:15,-1661
3/18/2025 12:30,-705
3/18/2025 12:45,-1643
3/18/2025 13:00,-600
3/18/2025 13:15,-640
3/18/2025 13:30,-863
3/18/2025 13:45,-619
3/18/2025 14:00,-730
3/18/2025 14:15,-375
3/18/2025 14:30,-441
3/18/2025 14:45,-452
3/18/2025 15:00,-98
3/18/2025 15:15,-283
3/18/2025 15:30,-595
3/18/2025 15:45,-360
3/18/2025 16:00,-129
3/18/2025 16:15,-100
3/18/2025 16:30,-276
3/18/2025 16:45,-522
3/18/2025 17:00,-607
3/18/2025 17:15,-1014
3/18/2025 17:30,-807
3/18/2025 17:45,-1318
3/18/2025 18:00,-1172
3/18/2025 18:15,-671
3/18/2025 18:30,-333
3/18/2025 18:45,-226
3/18/2025 19:00,-68
3/18/2025 19:15,-15
3/18/2025 19:30,-2
3/18/2025 19:45,-2
3/18/2025 20:00,-2
3/18/2025 20:15,-2
3/18/2025 20:30,-2
3/18/2025 20:45,-2
3/18/2025 21:00,-2
3/18/2025 21:15,-2
3/18/2025 21:30,-2
3/18/2025 21:45,-2
3/18/2025 22:00,-2
3/18/2025 22:15,-2
3/18/2025 22:30,-1
3/18/2025 22:45,-2
3/18/2025 23:00,-1
3/18/2025 23:15,-1
3/18/2025 23:30,-1
3/18/2025 23:45,-1
3/19/2025 0:00,-1
3/19/2025 0:15,-1
3/19/2025 0:30,-1
3/19/2025 0:45,-1
3/19/2025 1:00,-1
3/19/2025 1:15,-1
3/19/2025 1:30,-1
3/19/2025 1:45,-1
3/19/2025 2:00,-1
3/19/2025 2:15,-1
3/19/2025 2:30,-1
3/19/2025 2:45,-1
3/19/2025 3:00,-1
3/19/2025 3:15,-1
3/19/2025 3:30,-1
3/19/2025 3:45,-1
3/19/2025 4:00,-1
3/19/2025 4:15,-1
3/19/2025 4:30,-1
3/19/2025 4:45,-1
3/19/2025 5:00,-1
3/19/2025 5:15,-1
3/19/2025 5:30,-1
3/19/2025 5:45,-1
3/19/2025 6:00,-1
3/19/2025 6:15,-1
3/19/2025 6:30,-1
3/19/2025 6:45,-1
3/19/2025 7:00,-1
3/19/2025 7:15,-1
3/19/2025 7:30,-40
3/19/2025 7:45,-245
3/19/2025 8:00,-567
3/19/2025 8:15,-941
3/19/2025 8:30,-1245
3/19/2025 8:45,-1547
3/19/2025 9:00,-1665
3/19/2025 9:15,-1677
3/19/2025 9:30,-1671
3/19/2025 9:45,-1630
3/19/2025 10:00,-1592
3/19/2025 10:15,-1602
3/19/2025 10:30,-1599
3/19/2025 10:45,-1576
3/19/2025 11:00,-1599
3/19/2025 11:15,-1612
3/19/2025 11:30,-1598
3/19/2025 11:45,-1591
3/19/2025 12:00,-1569
3/19/2025 12:15,-963
3/19/2025 12:30,-1448
3/19/2025 12:45,-1612
3/19/2025 13:00,-649
3/19/2025 13:15,-1590
3/19/2025 13:30,-1542
3/19/2025 13:45,-1287
3/19/2025 14:00,-1624
3/19/2025 14:15,-1628
3/19/2025 14:30,-1319
3/19/2025 14:45,-1671
3/19/2025 15:00,-466
3/19/2025 15:15,-503
3/19/2025 15:30,-531
3/19/2025 15:45,-1668
3/19/2025 16:00,-1545
3/19/2025 16:15,-1524
3/19/2025 16:30,-1635
3/19/2025 16:45,-1631
3/19/2025 17:00,-1631
3/19/2025 17:15,-1589
3/19/2025 17:30,-1612
3/19/2025 17:45,-1512
3/19/2025 18:00,-1136
3/19/2025 18:15,-680
3/19/2025 18:30,-447
3/19/2025 18:45,-238
3/19/2025 19:00,-84
3/19/2025 19:15,-18
3/19/2025 19:30,-2
3/19/2025 19:45,-2
3/19/2025 20:00,-2
3/19/2025 20:15,-1
3/19/2025 20:30,-1
3/19/2025 20:45,-1
3/19/2025 21:00,-1
3/19/2025 21:15,-1
3/19/2025 21:30,-1
3/19/2025 21:45,-1
3/19/2025 22:00,-1
3/19/2025 22:15,-1
3/19/2025 22:30,-1
3/19/2025 22:45,-1
3/19/2025 23:00,-1
3/19/2025 23:15,-1
3/19/2025 23:30,-1
3/19/2025 23:45,-1
3/20/2025 0:00,-1
3/20/2025 0:15,-1
3/20/2025 0:30,-1
3/20/2025 0:45,-1
3/20/2025 1:00,-1
3/20/2025 1:15,-1
3/20/2025 1:30,-1
3/20/2025 1:45,-1
3/20/2025 2:00,-1
3/20/2025 2:15,-1
3/20/2025 2:30,-1
3/20/2025 2:45,-1
3/20/2025 3:00,-1
3/20/2025 3:15,-1
3/20/2025 3:30,-1
3/20/2025 3:45,-1
3/20/2025 4:00,-1
3/20/2025 4:15,-1
3/20/2025 4:30,-1
3/20/2025 4:45,-1
3/20/2025 5:00,-1
3/20/2025 5:15,-1
3/20/2025 5:30,-1
3/20/2025 5:45,-1
3/20/2025 6:00,-1
3/20/2025 6:15,-1
3/20/2025 6:30,-1
3/20/2025 6:45,-1
3/20/2025 7:00,-1
3/20/2025 7:15,-8
3/20/2025 7:30,-25
3/20/2025 7:45,-76
3/20/2025 8:00,-167
3/20/2025 8:15,-282
3/20/2025 8:30,-327
3/20/2025 8:45,-791
3/20/2025 9:00,-1593
3/20/2025 9:15,-1587
3/20/2025 9:30,-1438
3/20/2025 9:45,-1075
3/20/2025 10:00,-837
3/20/2025 10:15,-666
3/20/2025 10:30,-1650
3/20/2025 10:45,-1675
3/20/2025 11:00,-1674
3/20/2025 11:15,-1632
3/20/2025 11:30,-1620
3/20/2025 11:45,-1479
3/20/2025 12:00,-1408
3/20/2025 12:15,-1233
3/20/2025 12:30,-1294
3/20/2025 12:45,-1200
3/20/2025 13:00,-1046
3/20/2025 13:15,-1354
3/20/2025 13:30,-1241
3/20/2025 13:45,-1009
3/20/2025 14:00,-1058
3/20/2025 14:15,-1349
3/20/2025 14:30,-975
3/20/2025 14:45,-1489
3/20/2025 15:00,-1077
3/20/2025 15:15,-1299
3/20/2025 15:30,-1075
3/20/2025 15:45,-775
3/20/2025 16:00,-644
3/20/2025 16:15,-728
3/20/2025 16:30,-1023
3/20/2025 16:45,-1007
3/20/2025 17:00,-934
3/20/2025 17:15,-1023
3/20/2025 17:30,-505
3/20/2025 17:45,-331
3/20/2025 18:00,-345
3/20/2025 18:15,-239
3/20/2025 18:30,-126
3/20/2025 18:45,-74
3/20/2025 19:00,-30
3/20/2025 19:15,-12
3/20/2025 19:30,-2
3/20/2025 19:45,-2
3/20/2025 20:00,-1
3/20/2025 20:15,-2
3/20/2025 20:30,-2
3/20/2025 20:45,-1
3/20/2025 21:00,-2
3/20/2025 21:15,-2
3/20/2025 21:30,-2
3/20/2025 21:45,-2
3/20/2025 22:00,-2
3/20/2025 22:15,-2
3/20/2025 22:30,-1
3/20/2025 22:45,-2
3/20/2025 23:00,-2
3/20/2025 23:15,-1
3/20/2025 23:30,-1
3/20/2025 23:45,-1
3/21/2025 0:00,-1
3/21/2025 0:15,-1
3/21/2025 0:30,-1
3/21/2025 0:45,-1
3/21/2025 1:00,-1
3/21/2025 1:15,-1
3/21/2025 1:30,-1
3/21/2025 1:45,-1
3/21/2025 2:00,-1
3/21/2025 2:15,-1
3/21/2025 2:30,-1
3/21/2025 2:45,-1
3/21/2025 3:00,-1
3/21/2025 3:15,-1
3/21/2025 3:30,-1
3/21/2025 3:45,-1
3/21/2025 4:00,-1
3/21/2025 4:15,-1
3/21/2025 4:30,-1
3/21/2025 4:45,-1
3/21/2025 5:00,-1
3/21/2025 5:15,-1
3/21/2025 5:30,-1
3/21/2025 5:45,-1
3/21/2025 6:00,-1
3/21/2025 6:15,-1
3/21/2025 6:30,-1
3/21/2025 6:45,-1
3/21/2025 7:00,-1
3/21/2025 7:15,-2
3/21/2025 7:30,-102
3/21/2025 7:45,-287
3/21/2025 8:00,-447
3/21/2025 8:15,-640
3/21/2025 8:30,-1114
3/21/2025 8:45,-1461
3/21/2025 9:00,-1665
3/21/2025 9:15,-1649
3/21/2025 9:30,-1647
3/21/2025 9:45,-1611
3/21/2025 10:00,-1659
3/21/2025 10:15,-1676
3/21/2025 10:30,-1674
3/21/2025 10:45,-1674
3/21/2025 11:00,-1673
3/21/2025 11:15,-1675
3/21/2025 11:30,-1675
3/21/2025 11:45,-1617
3/21/2025 12:00,-1324
3/21/2025 12:15,-1577
3/21/2025 12:30,-1651
3/21/2025 12:45,-1587
3/21/2025 13:00,-1427
3/21/2025 13:15,-1128
3/21/2025 13:30,-1462
3/21/2025 13:45,-1256
3/21/2025 14:00,-1388
3/21/2025 14:15,-1358
3/21/2025 14:30,-1220
3/21/2025 14:45,-1252
3/21/2025 15:00,-1145
3/21/2025 15:15,-1109
3/21/2025 15:30,-990
3/21/2025 15:45,-1103
3/21/2025 16:00,-1106
3/21/2025 16:15,-1085
3/21/2025 16:30,-914
3/21/2025 16:45,-886
3/21/2025 17:00,-1123
3/21/2025 17:15,-710
3/21/2025 17:30,-704
3/21/2025 17:45,-387
3/21/2025 18:00,-417
3/21/2025 18:15,-301
3/21/2025 18:30,-219
3/21/2025 18:45,-118
3/21/2025 19:00,-64
3/21/2025 19:15,-23
3/21/2025 19:30,-2
3/21/2025 19:45,-2
3/21/2025 20:00,-2
3/21/2025 20:15,-2
3/21/2025 20:30,-2
3/21/2025 20:45,-2
3/21/2025 21:00,-2
3/21/2025 21:15,-2
3/21/2025 21:30,-2
3/21/2025 21:45,-2
3/21/2025 22:00,-1
3/21/2025 22:15,-1
3/21/2025 22:30,-1
3/21/2025 22:45,-1
3/21/2025 23:00,-1
3/21/2025 23:15,-1
3/21/2025 23:30,-1
3/21/2025 23:45,-1
3/22/2025 0:00,-1
3/22/2025 0:15,-1
3/22/2025 0:30,-1
3/22/2025 0:45,-1
3/22/2025 1:00,-1
3/22/2025 1:15,-1
3/22/2025 1:30,-1
3/22/2025 1:45,-1
3/22/2025 2:00,-1
3/22/2025 2:15,-2
3/22/2025 2:30,-2
3/22/2025 2:45,-2
3/22/2025 3:00,-2
3/22/2025 3:15,-2
3/22/2025 3:30,-2
3/22/2025 3:45,-2
3/22/2025 4:00,-2
3/22/2025 4:15,-2
3/22/2025 4:30,-2
3/22/2025 4:45,-2
3/22/2025 5:00,-2
3/22/2025 5:15,-2
3/22/2025 5:30,-2
3/22/2025 5:45,-2
3/22/2025 6:00,-2
3/22/2025 6:15,-2
3/22/2025 6:30,-2
3/22/2025 6:45,-2
3/22/2025 7:00,-2
3/22/2025 7:15,-2
3/22/2025 7:30,-24
3/22/2025 7:45,-61
3/22/2025 8:00,-150
3/22/2025 8:15,-985
3/22/2025 8:30,-506
3/22/2025 8:45,-1556
3/22/2025 9:00,-1656
3/22/2025 9:15,-1675
3/22/2025 9:30,-1676
3/22/2025 9:45,-1675
3/22/2025 10:00,-1664
3/22/2025 10:15,-1674
3/22/2025 10:30,-1675
3/22/2025 10:45,-1673
3/22/2025 11:00,-1594
3/22/2025 11:15,-1603
3/22/2025 11:30,-1567
3/22/2025 11:45,-1643
3/22/2025 12:00,-1655
3/22/2025 12:15,-1587
3/22/2025 12:30,-1218
3/22/2025 12:45,-1396
3/22/2025 13:00,-1426
3/22/2025 13:15,-1392
3/22/2025 13:30,-1437
3/22/2025 13:45,-1445
3/22/2025 14:00,-1433
3/22/2025 14:15,-1342
3/22/2025 14:30,-819
3/22/2025 14:45,-1289
3/22/2025 15:00,-913
3/22/2025 15:15,-955
3/22/2025 15:30,-735
3/22/2025 15:45,-867
3/22/2025 16:00,-1143
3/22/2025 16:15,-1084
3/22/2025 16:30,-1101
3/22/2025 16:45,-551
3/22/2025 17:00,-350
3/22/2025 17:15,-358
3/22/2025 17:30,-391
3/22/2025 17:45,-363
3/22/2025 18:00,-325
3/22/2025 18:15,-233
3/22/2025 18:30,-145
3/22/2025 18:45,-81
3/22/2025 19:00,-44
3/22/2025 19:15,-14
3/22/2025 19:30,-2
3/22/2025 19:45,-2
3/22/2025 20:00,-2
3/22/2025 20:15,-2
3/22/2025 20:30,-2
3/22/2025 20:45,-2
3/22/2025 21:00,-2
3/22/2025 21:15,-2
3/22/2025 21:30,-1
3/22/2025 21:45,-2
3/22/2025 22:00,-2
3/22/2025 22:15,-2
3/22/2025 22:30,-2
3/22/2025 22:45,-2
3/22/2025 23:00,-2
3/22/2025 23:15,-1
3/22/2025 23:30,-1
3/22/2025 23:45,-1
3/23/2025 0:00,-1
3/23/2025 0:15,-1
3/23/2025 0:30,-1
3/23/2025 0:45,-1
3/23/2025 1:00,-1
3/23/2025 1:15,-1
3/23/2025 1:30,-2
3/23/2025 1:45,-1
3/23/2025 2:00,-1
3/23/2025 2:15,-1
3/23/2025 2:30,-1
3/23/2025 2:45,-1
3/23/2025 3:00,-1
3/23/2025 3:15,-2
3/23/2025 3:30,-1
3/23/2025 3:45,-1
3/23/2025 4:00,-1
3/23/2025 4:15,-1
3/23/2025 4:30,-1
3/23/2025 4:45,-1
3/23/2025 5:00,-1
3/23/2025 5:15,-1
3/23/2025 5:30,-1
3/23/2025 5:45,-1
3/23/2025 6:00,-1
3/23/2025 6:15,-1
3/23/2025 6:30,-1
3/23/2025 6:45,-1
3/23/2025 7:00,-1
3/23/2025 7:15,-4
3/23/2025 7:30,-74
3/23/2025 7:45,-192
3/23/2025 8:00,-529
3/23/2025 8:15,-727
3/23/2025 8:30,-942
3/23/2025 8:45,-1602
3/23/2025 9:00,-945
3/23/2025 9:15,-1372
3/23/2025 9:30,-1600
3/23/2025 9:45,-1316
3/23/2025 10:00,-1475
3/23/2025 10:15,-1346
3/23/2025 10:30,-1570
3/23/2025 10:45,-1674
3/23/2025 11:00,-1674
3/23/2025 11:15,-1616
3/23/2025 11:30,-1647
3/23/2025 11:45,-1592
3/23/2025 12:00,-1586
3/23/2025 12:15,-1473
3/23/2025 12:30,-1523
3/23/2025 12:45,-1516
3/23/2025 13:00,-1363
3/23/2025 13:15,-1414
3/23/2025 13:30,-1394
3/23/2025 13:45,-1379
3/23/2025 14:00,-1327
3/23/2025 14:15,-1260
3/23/2025 14:30,-1191
3/23/2025 14:45,-1123
3/23/2025 15:00,-1060
3/23/2025 15:15,-1010
3/23/2025 15:30,-1002
3/23/2025 15:45,-1000
3/23/2025 16:00,-1003
3/23/2025 16:15,-1009
3/23/2025 16:30,-1006
3/23/2025 16:45,-1008
3/23/2025 17:00,-1015
3/23/2025 17:15,-1023
3/23/2025 17:30,-975
3/23/2025 17:45,-830
3/23/2025 18:00,-660
3/23/2025 18:15,-507
3/23/2025 18:30,-354
3/23/2025 18:45,-203
3/23/2025 19:00,-101
3/23/2025 19:15,-32
3/23/2025 19:30,-3
3/23/2025 19:45,-2
3/23/2025 20:00,-2
3/23/2025 20:15,-2
3/23/2025 20:30,-2
3/23/2025 20:45,-2
3/23/2025 21:00,-2
3/23/2025 21:15,-2
3/23/2025 21:30,-2
3/23/2025 21:45,-2
3/23/2025 22:00,-2
3/23/2025 22:15,-2
3/23/2025 22:30,-2
3/23/2025 22:45,-2
3/23/2025 23:00,-1
3/23/2025 23:15,-1
3/23/2025 23:30,-1
3/23/2025 23:45,-1
3/24/2025 0:00,-1
3/24/2025 0:15,-1
3/24/2025 0:30,-1
3/24/2025 0:45,-1
3/24/2025 1:00,-1
3/24/2025 1:15,-1
3/24/2025 1:30,-1
3/24/2025 1:45,-1
3/24/2025 2:00,-2
3/24/2025 2:15,-2
3/24/2025 2:30,-1
3/24/2025 2:45,-1
3/24/2025 3:00,-1
3/24/2025 3:15,-1
3/24/2025 3:30,-1
3/24/2025 3:45,-1
3/24/2025 4:00,-1
3/24/2025 4:15,-1
3/24/2025 4:30,-1
3/24/2025 4:45,-1
3/24/2025 5:00,-1
3/24/2025 5:15,-1
3/24/2025 5:30,-1
3/24/2025 5:45,-1
3/24/2025 6:00,-1
3/24/2025 6:15,-1
3/24/2025 6:30,-1
3/24/2025 6:45,-1
3/24/2025 7:00,-1
3/24/2025 7:15,-1
3/24/2025 7:30,-45
3/24/2025 7:45,-210
3/24/2025 8:00,-607
3/24/2025 8:15,-934
3/24/2025 8:30,-1141
3/24/2025 8:45,-1573
3/24/2025 9:00,-1676
3/24/2025 9:15,-1677
3/24/2025 9:30,-1676
3/24/2025 9:45,-1675
3/24/2025 10:00,-1675
3/24/2025 10:15,-1675
3/24/2025 10:30,-1672
3/24/2025 10:45,-1675
3/24/2025 11:00,-1674
3/24/2025 11:15,-1673
3/24/2025 11:30,-1671
3/24/2025 11:45,-1556
3/24/2025 12:00,-1577
3/24/2025 12:15,-1549
3/24/2025 12:30,-1506
3/24/2025 12:45,-1167
3/24/2025 13:00,-1019
3/24/2025 14:00,-1585
3/24/2025 14:15,-1637
3/24/2025 14:30,-1564
3/24/2025 14:45,-1630
3/24/2025 15:00,-1639
3/24/2025 15:15,-1670
3/24/2025 15:30,-1655
3/24/2025 15:45,-1670
3/24/2025 16:00,-1671
3/24/2025 16:30,-1671
3/24/2025 16:45,-1669
3/24/2025 17:00,-1670
3/24/2025 17:15,-1667
3/24/2025 17:30,-1658
3/24/2025 17:45,-1397
3/24/2025 18:00,-1047
3/24/2025 18:15,-801
3/24/2025 18:30,-596
3/24/2025 18:45,-195
3/24/2025 19:00,-93
3/24/2025 19:15,-21
3/24/2025 19:30,-6
3/24/2025 19:45,-3
3/24/2025 20:00,-3
3/24/2025 20:15,-2
3/24/2025 20:30,-3
3/24/2025 20:45,-3
3/24/2025 21:00,-2
3/24/2025 21:15,-2
3/24/2025 21:30,-2
3/24/2025 21:45,-2
3/24/2025 22:00,-2
3/24/2025 22:15,-3
3/24/2025 22:30,-2
3/24/2025 22:45,-2
3/24/2025 23:00,-2
3/24/2025 23:15,-1
3/24/2025 23:30,-1
3/24/2025 23:45,-1
3/25/2025 0:00,-1
3/25/2025 0:15,-2
3/25/2025 0:30,-1
3/25/2025 0:45,-1
3/25/2025 1:00,-1
3/25/2025 1:15,-2
3/25/2025 1:30,-1
3/25/2025 1:45,-1
3/25/2025 2:00,-1
3/25/2025 2:15,-1
3/25/2025 2:30,-1
3/25/2025 2:45,-1
3/25/2025 3:00,-1
3/25/2025 3:15,-1
3/25/2025 3:30,-1
3/25/2025 3:45,-1
3/25/2025 4:00,-1
3/25/2025 4:15,-1
3/25/2025 4:30,-1
3/25/2025 4:45,-1
3/25/2025 5:00,-1
3/25/2025 5:15,-1
3/25/2025 5:30,-1
3/25/2025 5:45,-1
3/25/2025 6:00,-1
3/25/2025 6:15,-1
3/25/2025 6:30,-1
3/25/2025 6:45,-1
3/25/2025 7:00,-1
3/25/2025 7:15,-9
3/25/2025 7:45,-340
3/25/2025 8:00,-527
3/25/2025 8:15,-705
3/25/2025 8:30,-854
3/25/2025 8:45,-976
3/25/2025 9:00,-1027
3/25/2025 9:15,-1021
3/25/2025 9:30,-1009
3/25/2025 9:45,-1000
3/25/2025 10:00,-996
3/25/2025 10:15,-997
3/25/2025 10:30,-999
3/25/2025 10:45,-995
3/25/2025 11:00,-994
3/25/2025 11:15,-999
3/25/2025 11:30,-1032
3/25/2025 11:45,-1089
3/25/2025 12:00,-1155
3/25/2025 12:15,-1226
3/25/2025 12:30,-1291
3/25/2025 12:45,-1354
3/25/2025 13:00,-1414
3/25/2025 13:15,-1469
3/25/2025 13:30,-1519
3/25/2025 13:45,-1570
3/25/2025 14:00,-1611
3/25/2025 14:15,-1632
3/25/2025 14:30,-1582
3/25/2025 14:45,-1659
3/25/2025 15:00,-1499
3/25/2025 15:15,-1565
3/25/2025 15:30,-1585
3/25/2025 15:45,-1572
3/25/2025 16:00,-1567
3/25/2025 16:15,-1650
3/25/2025 16:30,-1669
3/25/2025 16:45,-1639
3/25/2025 17:00,-1608
3/25/2025 17:15,-1620
3/25/2025 17:30,-1656
3/25/2025 17:45,-1531
3/25/2025 18:00,-1123
3/25/2025 18:15,-753
3/25/2025 18:30,-476
3/25/2025 18:45,-289
3/25/2025 19:00,-126
3/25/2025 19:15,-32
3/25/2025 19:30,-8
3/25/2025 19:45,-4
3/25/2025 20:00,-2
3/25/2025 20:15,-2
3/25/2025 20:30,-3
3/25/2025 20:45,-3
3/25/2025 21:00,-2
3/25/2025 21:15,-2
3/25/2025 21:30,-3
3/25/2025 21:45,-2
3/25/2025 22:00,-2
3/25/2025 22:15,-2
3/25/2025 22:30,-2
3/25/2025 22:45,-2
3/25/2025 23:00,-2
3/25/2025 23:15,-3
3/25/2025 23:30,-3
3/25/2025 23:45,-2
3/26/2025 0:00,-3
3/26/2025 0:15,-2
3/26/2025 0:30,-2
3/26/2025 0:45,-1
3/26/2025 1:00,-2
3/26/2025 1:15,-2
3/26/2025 1:30,-2
3/26/2025 1:45,-2
3/26/2025 2:00,-2
3/26/2025 2:15,-2
3/26/2025 2:30,-2
3/26/2025 2:45,-2
3/26/2025 3:00,-2
3/26/2025 3:15,-2
3/26/2025 3:30,-2
3/26/2025 3:45,-2
3/26/2025 4:00,-2
3/26/2025 4:15,-1
3/26/2025 4:30,-1
3/26/2025 4:45,-1
3/26/2025 5:00,-2
3/26/2025 5:15,-2
3/26/2025 5:30,-1
3/26/2025 5:45,-1
3/26/2025 6:00,-1
3/26/2025 6:15,-2
3/26/2025 6:30,-1
3/26/2025 6:45,-1
3/26/2025 7:00,-1
3/26/2025 7:15,-20
3/26/2025 7:30,-103
3/26/2025 7:45,-369
3/26/2025 8:00,-730
3/26/2025 8:15,-947
3/26/2025 8:30,-1024
3/26/2025 8:45,-1623
3/26/2025 9:00,-1656
3/26/2025 9:15,-1649
3/26/2025 9:30,-1673
3/26/2025 9:45,-1674
3/26/2025 10:00,-1673
3/26/2025 10:15,-1672
3/26/2025 10:30,-1674
3/26/2025 10:45,-1672
3/26/2025 11:00,-1672
3/26/2025 11:15,-1672
3/26/2025 11:30,-1672
3/26/2025 11:45,-1599
3/26/2025 12:00,-1344
3/26/2025 12:15,-1570
3/26/2025 12:30,-1541
3/26/2025 12:45,-1395
3/26/2025 13:00,-1505
3/26/2025 13:15,-1444
3/26/2025 13:30,-1444
3/26/2025 13:45,-1392
3/26/2025 14:00,-1332
3/26/2025 14:15,-1278
3/26/2025 14:30,-1216
3/26/2025 14:45,-1160
3/26/2025 15:00,-874
3/26/2025 15:15,-1086
3/26/2025 15:30,-801
3/26/2025 15:45,-718
3/26/2025 16:00,-662
3/26/2025 16:15,-581
3/26/2025 16:30,-565
3/26/2025 16:45,-530
3/26/2025 17:00,-592
3/26/2025 17:15,-948
3/26/2025 17:30,-1099
3/26/2025 17:45,-301
3/26/2025 18:00,-955
3/26/2025 18:15,-263
3/26/2025 18:30,-456
3/26/2025 18:45,-194
3/26/2025 19:00,-115
3/26/2025 19:15,-35
3/26/2025 19:30,-2
3/26/2025 19:45,-3
3/26/2025 20:00,-2
3/26/2025 20:15,-3
3/26/2025 20:30,-2
3/26/2025 20:45,-2
3/26/2025 21:00,-2
3/26/2025 21:15,-2
3/26/2025 21:30,-2
3/26/2025 21:45,-2
3/26/2025 22:00,-2
3/26/2025 22:15,-1
3/26/2025 22:30,-1
3/26/2025 22:45,-1
3/26/2025 23:00,-2
3/26/2025 23:15,-2
3/26/2025 23:30,-2
3/26/2025 23:45,-2
3/27/2025 0:00,-2
3/27/2025 0:15,-2
3/27/2025 0:30,-2
3/27/2025 0:45,-2
3/27/2025 1:00,-2
3/27/2025 1:15,-2
3/27/2025 1:30,-2
3/27/2025 1:45,-2
3/27/2025 2:00,-2
3/27/2025 2:15,-2
3/27/2025 2:30,-2
3/27/2025 2:45,-2
3/27/2025 3:00,-2
3/27/2025 3:15,-2
3/27/2025 3:30,-2
3/27/2025 3:45,-2
3/27/2025 4:00,-2
3/27/2025 4:15,-2
3/27/2025 4:30,-2
3/27/2025 4:45,-2
3/27/2025 5:00,-2
3/27/2025 5:15,-2
3/27/2025 5:30,-2
3/27/2025 5:45,-2
3/27/2025 6:00,-2
3/27/2025 6:15,-2
3/27/2025 6:30,-2
3/27/2025 6:45,-2
3/27/2025 7:00,-2
3/27/2025 7:15,-19
3/27/2025 7:30,-96
3/27/2025 7:45,-383
3/27/2025 8:00,-676
3/27/2025 8:15,-913
3/27/2025 8:45,-1578
3/27/2025 9:00,-1672
3/27/2025 9:15,-1675
3/27/2025 9:30,-1674
3/27/2025 9:45,-1672
3/27/2025 10:00,-1670
3/27/2025 10:15,-1581
3/27/2025 10:30,-998
3/27/2025 10:45,-1668
3/27/2025 11:00,-1663
3/27/2025 11:15,-1668
3/27/2025 11:30,-1542
3/27/2025 11:45,-1556
3/27/2025 12:00,-1532
3/27/2025 12:15,-1568
3/27/2025 12:30,-1478
3/27/2025 12:45,-1281
3/27/2025 13:00,-529
3/27/2025 13:15,-1568
3/27/2025 13:30,-1546
3/27/2025 13:45,-1483
3/27/2025 14:00,-1332
3/27/2025 14:15,-1376
3/27/2025 14:30,-1321
3/27/2025 14:45,-1256
3/27/2025 15:00,-1194
3/27/2025 15:15,-1155
3/27/2025 15:30,-894
3/27/2025 15:45,-1083
3/27/2025 16:00,-1067
3/27/2025 16:15,-1061
3/27/2025 16:30,-204
3/27/2025 16:45,-1023
3/27/2025 17:00,-1024
3/27/2025 17:15,-987
3/27/2025 17:30,-897
3/27/2025 17:45,-558
3/27/2025 18:00,-721
3/27/2025 18:15,-586
3/27/2025 18:30,-197
3/27/2025 18:45,-104
3/27/2025 19:00,-46
3/27/2025 19:15,-36
3/27/2025 19:30,-2
3/27/2025 19:45,-3
3/27/2025 20:00,-3
3/27/2025 20:15,-2
3/27/2025 20:30,-3
3/27/2025 20:45,-2
3/27/2025 21:00,-2
3/27/2025 21:15,-2
3/27/2025 21:30,-2
3/27/2025 21:45,-2
3/27/2025 22:00,-2
3/27/2025 22:15,-2
3/27/2025 22:30,-2
3/27/2025 22:45,-2
3/27/2025 23:00,-2
3/27/2025 23:15,-2
3/27/2025 23:30,-2
3/27/2025 23:45,-2
3/28/2025 0:00,-2
3/28/2025 0:15,-2
3/28/2025 0:30,-2
3/28/2025 0:45,-2
3/28/2025 1:00,-2
3/28/2025 1:15,-2
3/28/2025 1:30,-1
3/28/2025 1:45,-2
3/28/2025 2:00,-1
3/28/2025 2:15,-1
3/28/2025 2:30,-1
3/28/2025 2:45,-2
3/28/2025 3:00,-1
3/28/2025 3:15,-2
3/28/2025 3:30,-2
3/28/2025 3:45,-2
3/28/2025 4:00,-2
3/28/2025 4:15,-2
3/28/2025 4:30,-2
3/28/2025 4:45,-2
3/28/2025 5:00,-2
3/28/2025 5:15,-2
3/28/2025 5:30,-2
3/28/2025 5:45,-1
3/28/2025 6:00,-1
3/28/2025 6:15,-1
3/28/2025 6:30,-1
3/28/2025 6:45,-1
3/28/2025 7:00,-1
3/28/2025 7:15,-18
3/28/2025 7:30,-159
3/28/2025 7:45,-150
3/28/2025 8:00,-289
3/28/2025 8:15,-586
3/28/2025 8:30,-1103
3/28/2025 8:45,-1581
3/28/2025 9:00,-1660
3/28/2025 9:15,-917
3/28/2025 9:30,-1675
3/28/2025 9:45,-866
3/28/2025 10:00,-1085
3/28/2025 10:15,-1670
3/28/2025 10:30,-1672
3/28/2025 10:45,-1430
3/28/2025 11:00,-799
3/28/2025 11:15,-990
3/28/2025 11:30,-1591
3/28/2025 11:45,-1426
3/28/2025 12:00,-1231
3/28/2025 12:15,-1475
3/28/2025 12:30,-1492
3/28/2025 12:45,-1167
3/28/2025 13:00,-980
3/28/2025 13:15,-1147
3/28/2025 13:30,-1057
3/28/2025 13:45,-853
3/28/2025 14:00,-744
3/28/2025 14:15,-773
3/28/2025 14:30,-629
3/28/2025 14:45,-917
3/28/2025 15:15,-605
3/28/2025 15:30,-608
3/28/2025 15:45,-690
3/28/2025 16:00,-538
3/28/2025 16:15,-314
3/28/2025 16:30,-271
3/28/2025 16:45,-242
3/28/2025 17:00,-216
3/28/2025 17:15,-118
3/28/2025 17:30,-112
3/28/2025 17:45,-99
3/28/2025 18:00,-149
3/28/2025 18:15,-87
3/28/2025 18:30,-53
3/28/2025 18:45,-106
3/28/2025 19:00,-35
3/28/2025 19:15,-19
3/28/2025 19:30,-2
3/28/2025 19:45,-2
3/28/2025 20:00,-2
3/28/2025 20:15,-2
3/28/2025 20:30,-2
3/28/2025 20:45,-2
3/28/2025 21:00,-2
3/28/2025 21:15,-2
3/28/2025 21:30,-2
3/28/2025 21:45,-2
3/28/2025 22:00,-2
3/28/2025 22:15,-2
3/28/2025 22:30,-2
3/28/2025 22:45,-2
3/28/2025 23:00,-1
3/28/2025 23:15,-2
3/28/2025 23:30,-2
3/28/2025 23:45,-2
3/29/2025 0:00,-2
3/29/2025 0:15,-2
3/29/2025 0:30,-2
3/29/2025 0:45,-1
3/29/2025 1:00,-2
3/29/2025 1:15,-1
3/29/2025 1:30,-1
3/29/2025 1:45,-2
3/29/2025 2:00,-2
3/29/2025 2:15,-2
3/29/2025 2:30,-1
3/29/2025 2:45,-2
3/29/2025 3:00,-2
3/29/2025 3:15,-2
3/29/2025 3:30,-2
3/29/2025 3:45,-1
3/29/2025 4:00,-1
3/29/2025 4:15,-2
3/29/2025 4:30,-1
3/29/2025 4:45,-1
3/29/2025 5:00,-1
3/29/2025 5:15,-1
3/29/2025 5:30,-2
3/29/2025 5:45,-1
3/29/2025 6:00,-1
3/29/2025 6:15,-2
3/29/2025 6:30,-1
3/29/2025 6:45,-1
3/29/2025 7:00,-14
3/29/2025 7:15,-40
3/29/2025 7:30,-83
3/29/2025 7:45,-169
3/29/2025 8:00,-598
3/29/2025 8:15,-591
3/29/2025 8:30,-362
3/29/2025 8:45,-426
3/29/2025 9:00,-1284
3/29/2025 9:15,-666
3/29/2025 9:30,-576
3/29/2025 9:45,-506
3/29/2025 10:00,-561
3/29/2025 10:15,-916
3/29/2025 10:30,-1022
3/29/2025 10:45,-1321
3/29/2025 11:00,-1266
3/29/2025 11:15,-1469
3/29/2025 11:30,-1554
3/29/2025 11:45,-1665
3/29/2025 12:00,-1651
3/29/2025 12:15,-1450
3/29/2025 12:30,-1552
3/29/2025 12:45,-1396
3/29/2025 13:00,-1344
3/29/2025 13:15,-937
3/29/2025 13:30,-881
3/29/2025 13:45,-886
3/29/2025 14:00,-1013
3/29/2025 14:15,-889
3/29/2025 14:30,-877
3/29/2025 14:45,-1156
3/29/2025 15:00,-816
3/29/2025 15:15,-761
3/29/2025 15:30,-738
3/29/2025 15:45,-587
3/29/2025 16:00,-469
3/29/2025 16:15,-446
3/29/2025 16:30,-1273
3/29/2025 16:45,-1277
3/29/2025 17:00,-1195
3/29/2025 17:15,-960
3/29/2025 17:30,-1044
3/29/2025 17:45,-496
3/29/2025 18:00,-270
3/29/2025 18:15,-363
3/29/2025 18:30,-189
3/29/2025 18:45,-121
3/29/2025 19:00,-80
3/29/2025 19:15,-31
3/29/2025 19:30,-2
3/29/2025 19:45,-3
3/29/2025 20:00,-2
3/29/2025 20:15,-2
3/29/2025 20:30,-2
3/29/2025 20:45,-2
3/29/2025 21:00,-2
3/29/2025 21:15,-2
3/29/2025 21:30,-2
3/29/2025 21:45,-1
3/29/2025 22:00,-1
3/29/2025 22:15,-1
3/29/2025 22:30,-1
3/29/2025 22:45,-1
3/29/2025 23:00,-1
3/29/2025 23:15,-2
3/29/2025 23:30,-1
3/29/2025 23:45,-2
3/30/2025 0:00,-2
3/30/2025 0:15,-2
3/30/2025 0:30,-2
3/30/2025 0:45,-2
3/30/2025 1:00,-2
3/30/2025 1:15,-2
3/30/2025 1:30,-2
3/30/2025 1:45,-2
3/30/2025 2:00,-2
3/30/2025 2:15,-2
3/30/2025 2:30,-2
3/30/2025 2:45,-2
3/30/2025 3:00,-1
3/30/2025 3:15,-2
3/30/2025 3:30,-1
3/30/2025 3:45,-1
3/30/2025 4:00,-1
3/30/2025 4:15,-1
3/30/2025 4:30,-1
3/30/2025 4:45,-1
3/30/2025 5:00,-1
3/30/2025 5:15,-2
3/30/2025 5:30,-1
3/30/2025 5:45,-2
3/30/2025 6:00,-1
3/30/2025 6:15,-1
3/30/2025 6:30,-1
3/30/2025 6:45,-1
3/30/2025 7:00,-6
3/30/2025 7:15,-40
3/30/2025 7:30,-74
3/30/2025 7:45,-95
3/30/2025 8:00,-168
3/30/2025 8:15,-403
3/30/2025 8:30,-307
3/30/2025 8:45,-310
3/30/2025 9:00,-178
3/30/2025 9:15,-411
3/30/2025 9:30,-1652
3/30/2025 9:45,-1550
3/30/2025 10:00,-1065
3/30/2025 10:15,-1652
3/30/2025 10:30,-1648
3/30/2025 10:45,-866
3/30/2025 11:00,-943
3/30/2025 11:15,-1046
3/30/2025 11:30,-802
3/30/2025 11:45,-843
3/30/2025 12:00,-746
3/30/2025 12:15,-696
3/30/2025 12:30,-465
3/30/2025 12:45,-568
3/30/2025 13:00,-673
3/30/2025 13:15,-1216
3/30/2025 13:30,-1280
3/30/2025 13:45,-1417
3/30/2025 14:00,-1422
3/30/2025 14:15,-759
3/30/2025 14:30,-629
3/30/2025 14:45,-460
3/30/2025 15:00,-368
3/30/2025 15:15,-412
3/30/2025 15:30,-411
3/30/2025 15:45,-411
3/30/2025 16:00,-421
3/30/2025 16:15,-406
3/30/2025 16:30,-537
3/30/2025 16:45,-864
3/30/2025 17:00,-796
3/30/2025 17:15,-515
3/30/2025 17:30,-806
3/30/2025 17:45,-807
3/30/2025 18:00,-552
3/30/2025 18:15,-422
3/30/2025 18:30,-171
3/30/2025 18:45,-168
3/30/2025 19:00,-92
3/30/2025 19:15,-55
3/30/2025 19:30,-8
3/30/2025 19:45,-2
3/30/2025 20:00,-2
3/30/2025 20:15,-2
3/30/2025 20:30,-2
3/30/2025 20:45,-2
3/30/2025 21:00,-2
3/30/2025 21:15,-1
3/30/2025 21:30,-2
3/30/2025 21:45,-1
3/30/2025 22:00,-2
3/30/2025 22:15,-1
3/30/2025 22:30,-1
3/30/2025 22:45,-1
3/30/2025 23:00,-1
3/30/2025 23:15,-1
3/30/2025 23:30,-1
3/30/2025 23:45,-1
3/31/2025 0:00,-1
3/31/2025 0:15,-1
3/31/2025 0:30,-1
3/31/2025 0:45,-1
3/31/2025 1:00,-1
3/31/2025 1:15,-1
3/31/2025 1:30,-1
3/31/2025 1:45,-1
3/31/2025 2:00,-1
3/31/2025 2:15,-1
3/31/2025 2:30,-1
3/31/2025 2:45,-1
3/31/2025 3:00,-1
3/31/2025 3:15,-1
3/31/2025 3:30,-1
3/31/2025 3:45,-1
3/31/2025 4:00,-1
3/31/2025 4:15,-1
3/31/2025 4:30,-1
3/31/2025 4:45,-1
3/31/2025 5:00,-1
3/31/2025 5:15,-1
3/31/2025 5:30,-1
3/31/2025 5:45,-1
3/31/2025 6:00,-1
3/31/2025 6:15,-1
3/31/2025 6:30,-1
3/31/2025 6:45,-1
3/31/2025 7:00,-2
3/31/2025 7:15,-64
3/31/2025 7:30,-125
3/31/2025 7:45,-299
3/31/2025 8:00,-431
3/31/2025 8:15,-971
3/31/2025 8:30,-1387
3/31/2025 8:45,-1593
3/31/2025 9:00,-1639
3/31/2025 9:15,-1622
3/31/2025 9:30,-1623
3/31/2025 9:45,-1615
3/31/2025 10:00,-1409
3/31/2025 10:15,-1420
3/31/2025 10:30,-1580
3/31/2025 10:45,-1423
3/31/2025 11:00,-1553
3/31/2025 11:15,-1597
3/31/2025 11:30,-885
3/31/2025 11:45,-1471
3/31/2025 12:00,-1440
3/31/2025 12:15,-1243
3/31/2025 12:30,-1573
3/31/2025 12:45,-1460
3/31/2025 13:00,-1290
3/31/2025 13:15,-874
3/31/2025 13:30,-1343
3/31/2025 13:45,-1139
3/31/2025 14:00,-1410
3/31/2025 14:15,-1440
3/31/2025 14:30,-1248
3/31/2025 14:45,-1192
3/31/2025 15:00,-1076
3/31/2025 15:15,-1200
3/31/2025 15:30,-1202
3/31/2025 15:45,-1213
3/31/2025 16:00,-968
3/31/2025 16:15,-804
3/31/2025 16:30,-609
3/31/2025 16:45,-772
3/31/2025 17:00,-558
3/31/2025 17:15,-402
3/31/2025 17:30,-375
3/31/2025 17:45,-264
3/31/2025 18:00,-208
3/31/2025 18:15,-182
3/31/2025 18:30,-133
3/31/2025 18:45,-80
3/31/2025 19:00,-38
3/31/2025 19:15,-17
3/31/2025 19:30,-2
3/31/2025 19:45,-2
3/31/2025 20:00,-2
3/31/2025 20:15,-2
3/31/2025 20:30,-2
3/31/2025 20:45,-2
3/31/2025 21:00,-2
3/31/2025 21:15,-2
3/31/2025 21:30,-2
3/31/2025 21:45,-2
3/31/2025 22:00,-2
3/31/2025 22:15,-2
3/31/2025 22:30,-2
3/31/2025 22:45,-2
3/31/2025 23:00,-2
3/31/2025 23:15,-2
3/31/2025 23:30,-2
3/31/2025 23:45,-2
4/1/2025 0:00,-2
4/1/2025 0:15,-2
4/1/2025 0:30,-2
4/1/2025 0:45,-2
4/1/2025 1:00,-2
4/1/2025 1:15,-2
4/1/2025 1:30,-2
4/1/2025 1:45,-2
4/1/2025 2:00,-2
4/1/2025 2:15,-2
4/1/2025 2:30,-2
4/1/2025 2:45,-2
4/1/2025 3:00,-2
4/1/2025 3:15,-2
4/1/2025 3:30,-2
4/1/2025 3:45,-2
4/1/2025 4:00,-2
4/1/2025 4:15,-2
4/1/2025 4:30,-2
4/1/2025 4:45,-2
4/1/2025 5:00,-2
4/1/2025 5:15,-2
4/1/2025 5:30,-2
4/1/2025 5:45,-2
4/1/2025 6:00,-2
4/1/2025 6:15,-2
4/1/2025 6:30,-2
4/1/2025 6:45,-2
4/1/2025 7:00,-2
4/1/2025 7:15,-51
4/1/2025 7:30,-216
4/1/2025 7:45,-498
4/1/2025 8:00,-557
4/1/2025 8:15,-809
4/1/2025 8:30,-919
4/1/2025 8:45,-919
4/1/2025 9:00,-202
4/1/2025 9:15,-1200
4/1/2025 9:30,-688
4/1/2025 9:45,-323
4/1/2025 10:00,-696
4/1/2025 10:15,-1403
4/1/2025 10:30,-826
4/1/2025 10:45,-768
4/1/2025 11:00,-1271
4/1/2025 11:15,-620
4/1/2025 11:30,-1136
4/1/2025 11:45,-1557
4/1/2025 12:00,-1620
4/1/2025 12:15,-1673
4/1/2025 12:30,-1370
4/1/2025 12:45,-967
4/1/2025 13:00,-1632
4/1/2025 13:15,-1531
4/1/2025 13:30,-1528
4/1/2025 13:45,-1123
4/1/2025 14:00,-564
4/1/2025 14:15,-405
4/1/2025 14:30,-396
4/1/2025 14:45,-356
4/1/2025 15:00,-700
4/1/2025 15:15,-578
4/1/2025 15:30,-656
4/1/2025 15:45,-754
4/1/2025 16:00,-732
4/1/2025 16:15,-808
4/1/2025 16:30,-891
4/1/2025 16:45,-1072
4/1/2025 17:00,-1097
4/1/2025 17:15,-345
4/1/2025 17:30,-313
4/1/2025 17:45,-145
4/1/2025 18:00,-268
4/1/2025 18:15,-832
4/1/2025 18:30,-275
4/1/2025 18:45,-199
4/1/2025 19:00,-220
4/1/2025 19:15,-86
4/1/2025 19:30,-20
4/1/2025 19:45,-2
4/1/2025 20:00,-2
4/1/2025 20:15,-2
4/1/2025 20:30,-1
4/1/2025 20:45,-1
4/1/2025 21:00,-1
4/1/2025 21:15,-1
4/1/2025 21:30,-1
4/1/2025 21:45,-1
4/1/2025 22:00,-1
4/1/2025 22:15,-1
4/1/2025 22:30,-1
4/1/2025 22:45,-1
4/1/2025 23:00,-1
4/1/2025 23:15,-1
4/1/2025 23:30,-1
4/1/2025 23:45,-1
4/2/2025 0:00,-1
4/2/2025 0:15,-1
4/2/2025 0:30,-1
4/2/2025 0:45,-1
4/2/2025 1:00,-1
4/2/2025 1:15,-1
4/2/2025 1:30,-1
4/2/2025 1:45,-1
4/2/2025 2:00,-1
4/2/2025 2:15,-1
4/2/2025 2:30,-1
4/2/2025 2:45,-1
4/2/2025 3:00,-1
4/2/2025 3:15,-1
4/2/2025 3:30,-1
4/2/2025 3:45,-1
4/2/2025 4:00,-1
4/2/2025 4:15,-1
4/2/2025 4:30,-1
4/2/2025 4:45,-1
4/2/2025 5:00,-1
4/2/2025 5:15,-1
4/2/2025 5:30,-1
4/2/2025 5:45,-1
4/2/2025 6:00,-1
4/2/2025 6:15,-1
4/2/2025 6:30,-1
4/2/2025 6:45,-1
4/2/2025 7:00,-6
4/2/2025 7:15,-100
4/2/2025 7:30,-248
4/2/2025 7:45,-686
4/2/2025 8:00,-942
4/2/2025 8:15,-1149
4/2/2025 8:30,-1624
4/2/2025 8:45,-1671
4/2/2025 9:00,-1657
4/2/2025 9:15,-1677
4/2/2025 9:30,-1642
4/2/2025 9:45,-1645
4/2/2025 10:00,-1676
4/2/2025 10:15,-1677
4/2/2025 10:30,-1676
4/2/2025 10:45,-1676
4/2/2025 11:00,-1674
4/2/2025 11:15,-1675
4/2/2025 11:30,-1675
4/2/2025 11:45,-1675
4/2/2025 12:00,-558
4/2/2025 12:15,-1675
4/2/2025 12:30,-1201
4/2/2025 12:45,-1452
4/2/2025 13:00,-494
4/2/2025 13:15,-446
4/2/2025 13:30,-796
4/2/2025 13:45,-614
4/2/2025 14:00,-654
4/2/2025 14:15,-1321
4/2/2025 14:30,-446
4/2/2025 14:45,-493
4/2/2025 15:00,-558
4/2/2025 15:15,-596
4/2/2025 15:30,-476
4/2/2025 15:45,-714
4/2/2025 16:00,-1125
4/2/2025 16:15,-1097
4/2/2025 16:30,-345
4/2/2025 16:45,-490
4/2/2025 17:00,-297
4/2/2025 17:15,-173
4/2/2025 17:30,-138
4/2/2025 17:45,-170
4/2/2025 18:00,-232
4/2/2025 18:15,-243
4/2/2025 18:30,-222
4/2/2025 18:45,-99
4/2/2025 19:00,-39
4/2/2025 19:15,-22
4/2/2025 19:30,-2
4/2/2025 19:45,-2
4/2/2025 20:00,-2
4/2/2025 20:15,-2
4/2/2025 20:30,-2
4/2/2025 20:45,-2
4/2/2025 21:00,-2
4/2/2025 21:15,-2
4/2/2025 21:30,-2
4/2/2025 21:45,-2
4/2/2025 22:00,-2
4/2/2025 22:15,-1
4/2/2025 22:30,-1
4/2/2025 22:45,-1
4/2/2025 23:00,-1
4/2/2025 23:15,-1
4/2/2025 23:30,-1
4/2/2025 23:45,-1
4/3/2025 0:00,-1
4/3/2025 0:15,-2
4/3/2025 0:30,-1
4/3/2025 0:45,-1
4/3/2025 1:00,-1
4/3/2025 1:15,-1
4/3/2025 1:30,-1
4/3/2025 1:45,-1
4/3/2025 2:00,-1
4/3/2025 2:15,-1
4/3/2025 2:30,-2
4/3/2025 2:45,-1
4/3/2025 3:00,-2
4/3/2025 3:15,-1
4/3/2025 3:30,-2
4/3/2025 3:45,-2
4/3/2025 4:00,-2
4/3/2025 4:15,-2
4/3/2025 4:30,-2
4/3/2025 4:45,-1
4/3/2025 5:00,-1
4/3/2025 5:15,-2
4/3/2025 5:30,-1
4/3/2025 5:45,-1
4/3/2025 6:00,-1
4/3/2025 6:15,-1
4/3/2025 6:30,-1
4/3/2025 6:45,-1
4/3/2025 7:00,-2
4/3/2025 7:15,-2
4/3/2025 7:30,-2
4/3/2025 7:45,-65
4/3/2025 8:00,-279
4/3/2025 8:15,-224
4/3/2025 8:30,-1569
4/3/2025 8:45,-1677
4/3/2025 9:00,-1210
4/3/2025 9:15,-548
4/3/2025 9:30,-385
4/3/2025 9:45,-289
4/3/2025 10:00,-546
4/3/2025 10:15,-1628
4/3/2025 10:30,-414
4/3/2025 10:45,-1626
4/3/2025 11:00,-1673
4/3/2025 11:15,-561
4/3/2025 11:30,-1663
4/3/2025 11:45,-1121
4/3/2025 12:00,-916
4/3/2025 12:15,-1674
4/3/2025 12:30,-1056
4/3/2025 12:45,-956
4/3/2025 13:00,-872
4/3/2025 13:15,-996
4/3/2025 13:30,-1061
4/3/2025 13:45,-947
4/3/2025 14:00,-1062
4/3/2025 14:15,-727
4/3/2025 14:30,-1440
4/3/2025 14:45,-1147
4/3/2025 15:00,-1044
4/3/2025 15:15,-1160
4/3/2025 15:30,-1144
4/3/2025 15:45,-1133
4/3/2025 16:00,-425
4/3/2025 16:15,-1084
4/3/2025 16:30,-1093
4/3/2025 16:45,-308
4/3/2025 17:00,-480
4/3/2025 17:15,-1072
4/3/2025 17:30,-260
4/3/2025 17:45,-376
4/3/2025 18:00,-213
4/3/2025 18:15,-175
4/3/2025 18:30,-192
4/3/2025 18:45,-83
4/3/2025 19:00,-67
4/3/2025 19:15,-24
4/3/2025 19:30,-9
4/3/2025 19:45,-2
4/3/2025 20:00,-2
4/3/2025 20:15,-2
4/3/2025 20:30,-1
4/3/2025 20:45,-2
4/3/2025 21:00,-1
4/3/2025 21:15,-2
4/3/2025 21:30,-1
4/3/2025 21:45,-1
4/3/2025 22:00,-1
4/3/2025 22:15,-1
4/3/2025 22:30,-1
4/3/2025 22:45,-1
4/3/2025 23:00,-1
4/3/2025 23:15,-1
4/3/2025 23:30,-1
4/3/2025 23:45,-1
4/4/2025 0:00,-1
4/4/2025 0:15,-1
4/4/2025 0:30,-1
4/4/2025 0:45,-1
4/4/2025 1:00,-1
4/4/2025 1:15,-1
4/4/2025 1:30,-1
4/4/2025 1:45,-1
4/4/2025 2:00,-1
4/4/2025 2:15,-1
4/4/2025 2:30,-1
4/4/2025 2:45,-1
4/4/2025 3:00,-1
4/4/2025 3:15,-1
4/4/2025 3:30,-1
4/4/2025 3:45,-1
4/4/2025 4:00,-1
4/4/2025 4:15,-1
4/4/2025 4:30,-1
4/4/2025 4:45,-1
4/4/2025 5:00,-1
4/4/2025 5:15,-1
4/4/2025 5:30,-1
4/4/2025 5:45,-1
4/4/2025 6:00,-1
4/4/2025 6:15,-2
4/4/2025 6:30,-2
4/4/2025 6:45,-1
4/4/2025 7:00,-3
4/4/2025 7:15,-115
4/4/2025 7:30,-163
4/4/2025 7:45,-483
4/4/2025 8:00,-793
4/4/2025 8:15,-1255
4/4/2025 8:30,-452
4/4/2025 8:45,-1500
4/4/2025 9:00,-1009
4/4/2025 9:15,-1468
4/4/2025 9:30,-1374
4/4/2025 9:45,-1028
4/4/2025 10:00,-1529
4/4/2025 10:15,-1344
4/4/2025 10:30,-1676
4/4/2025 10:45,-1676
4/4/2025 11:00,-1675
4/4/2025 11:15,-1674
4/4/2025 11:30,-1674
4/4/2025 11:45,-1536
4/4/2025 12:00,-1419
4/4/2025 12:15,-736
4/4/2025 12:30,-546
4/4/2025 12:45,-1669
4/4/2025 13:00,-710
4/4/2025 13:15,-1325
4/4/2025 13:30,-1511
4/4/2025 13:45,-1485
4/4/2025 14:00,-1297
4/4/2025 14:15,-1399
4/4/2025 14:30,-1379
4/4/2025 14:45,-1337
4/4/2025 15:00,-1033
4/4/2025 15:15,-660
4/4/2025 15:30,-570
4/4/2025 15:45,-590
4/4/2025 16:00,-1201
4/4/2025 16:15,-846
4/4/2025 16:30,-591
4/4/2025 16:45,-546
4/4/2025 17:00,-1048
4/4/2025 17:15,-251
4/4/2025 17:30,-201
4/4/2025 17:45,-236
4/4/2025 18:00,-513
4/4/2025 18:15,-393
4/4/2025 18:30,-270
4/4/2025 18:45,-121
4/4/2025 19:00,-74
4/4/2025 19:15,-43
4/4/2025 19:30,-15
4/4/2025 19:45,-2
4/4/2025 20:00,-2
4/4/2025 20:15,-2
4/4/2025 20:30,-2
4/4/2025 20:45,-1
4/4/2025 21:00,-1
4/4/2025 21:15,-1
4/4/2025 21:30,-1
4/4/2025 21:45,-1
4/4/2025 22:00,-1
4/4/2025 22:15,-1
4/4/2025 22:30,-2
4/4/2025 22:45,-2
4/4/2025 23:00,-2
4/4/2025 23:15,-1
4/4/2025 23:30,-1
4/4/2025 23:45,-1
4/5/2025 0:00,-1
4/5/2025 0:15,-1
4/5/2025 0:30,-2
4/5/2025 0:45,-2
4/5/2025 1:00,-2
4/5/2025 1:15,-2
4/5/2025 1:30,-2
4/5/2025 1:45,-2
4/5/2025 2:00,-2
4/5/2025 2:15,-2
4/5/2025 2:30,-2
4/5/2025 2:45,-2
4/5/2025 3:00,-2
4/5/2025 3:15,-2
4/5/2025 3:30,-2
4/5/2025 3:45,-2
4/5/2025 4:00,-2
4/5/2025 4:15,-2
4/5/2025 4:30,-2
4/5/2025 4:45,-2
4/5/2025 5:00,-2
4/5/2025 5:15,-2
4/5/2025 5:30,-2
4/5/2025 5:45,-2
4/5/2025 6:00,-2
4/5/2025 6:15,-2
4/5/2025 6:30,-1
4/5/2025 6:45,-2
4/5/2025 7:00,-1
4/5/2025 7:15,-1
4/5/2025 7:30,-2
4/5/2025 7:45,-4
4/5/2025 8:00,-19
4/5/2025 8:15,-40
4/5/2025 8:30,-50
4/5/2025 8:45,-98
4/5/2025 9:00,-269
4/5/2025 9:15,-340
4/5/2025 9:30,-507
4/5/2025 9:45,-458
4/5/2025 10:00,-492
4/5/2025 10:15,-694
4/5/2025 10:30,-633
4/5/2025 10:45,-539
4/5/2025 11:00,-601
4/5/2025 11:15,-501
4/5/2025 11:30,-693
4/5/2025 11:45,-721
4/5/2025 12:00,-865
4/5/2025 12:15,-1091
4/5/2025 12:30,-1618
4/5/2025 12:45,-1620
4/5/2025 13:00,-1322
4/5/2025 13:15,-1652
4/5/2025 13:30,-1341
4/5/2025 13:45,-1061
4/5/2025 14:00,-1171
4/5/2025 14:15,-1273
4/5/2025 14:30,-658
4/5/2025 14:45,-706
4/5/2025 15:00,-994
4/5/2025 15:15,-662
4/5/2025 15:30,-848
4/5/2025 15:45,-680
4/5/2025 16:00,-549
4/5/2025 16:15,-699
4/5/2025 16:30,-442
4/5/2025 16:45,-744
4/5/2025 17:00,-894
4/5/2025 17:15,-836
4/5/2025 17:30,-867
4/5/2025 17:45,-396
4/5/2025 18:00,-252
4/5/2025 18:15,-204
4/5/2025 18:30,-210
4/5/2025 18:45,-70
4/5/2025 19:00,-49
4/5/2025 19:15,-56
4/5/2025 19:30,-22
4/5/2025 19:45,-2
4/5/2025 20:00,-2
4/5/2025 20:15,-2
4/5/2025 20:30,-2
4/5/2025 20:45,-2
4/5/2025 21:00,-2
4/5/2025 21:15,-1
4/5/2025 21:30,-1
4/5/2025 21:45,-1
4/5/2025 22:00,-2
4/5/2025 22:15,-1
4/5/2025 22:30,-2
4/5/2025 22:45,-1
4/5/2025 23:00,-1
4/5/2025 23:15,-2
4/5/2025 23:30,-2
4/5/2025 23:45,-1
4/6/2025 0:00,-2
4/6/2025 0:15,-2
4/6/2025 0:30,-2
4/6/2025 0:45,-2
4/6/2025 1:00,-2
4/6/2025 1:15,-2
4/6/2025 1:30,-2
4/6/2025 1:45,-2
4/6/2025 2:00,-2
4/6/2025 2:15,-2
4/6/2025 2:30,-2
4/6/2025 2:45,-2
4/6/2025 3:00,-2
4/6/2025 3:15,-2
4/6/2025 3:30,-2
4/6/2025 3:45,-2
4/6/2025 4:00,-2
4/6/2025 4:15,-2
4/6/2025 4:30,-2
4/6/2025 4:45,-2
4/6/2025 5:00,-2
4/6/2025 5:15,-2
4/6/2025 5:30,-1
4/6/2025 5:45,-1
4/6/2025 6:00,-1
4/6/2025 6:15,-2
4/6/2025 6:30,-2
4/6/2025 6:45,-1
4/6/2025 7:00,-24
4/6/2025 7:15,-128
4/6/2025 7:30,-127
4/6/2025 7:45,-223
4/6/2025 8:00,-301
4/6/2025 8:15,-1007
4/6/2025 8:30,-723
4/6/2025 8:45,-1001
4/6/2025 9:00,-1202
4/6/2025 9:15,-1676
4/6/2025 9:30,-1676
4/6/2025 9:45,-1608
4/6/2025 10:00,-1669
4/6/2025 10:15,-1654
4/6/2025 10:30,-1675
4/6/2025 10:45,-1670
4/6/2025 11:00,-1617
4/6/2025 11:15,-863
4/6/2025 11:30,-1081
4/6/2025 11:45,-1560
4/6/2025 12:00,-1672
4/6/2025 12:15,-1227
4/6/2025 12:30,-668
4/6/2025 12:45,-1663
4/6/2025 13:00,-1609
4/6/2025 13:15,-1552
4/6/2025 13:30,-1528
4/6/2025 13:45,-1470
4/6/2025 14:00,-1469
4/6/2025 14:15,-1460
4/6/2025 14:30,-1405
4/6/2025 14:45,-1393
4/6/2025 15:00,-1376
4/6/2025 15:15,-1349
4/6/2025 15:30,-1282
4/6/2025 15:45,-1232
4/6/2025 16:00,-1152
4/6/2025 16:15,-1094
4/6/2025 16:30,-1087
4/6/2025 16:45,-1066
4/6/2025 17:00,-1028
4/6/2025 17:15,-1020
4/6/2025 17:30,-1006
4/6/2025 17:45,-979
4/6/2025 18:00,-898
4/6/2025 18:15,-715
4/6/2025 18:30,-537
4/6/2025 18:45,-359
4/6/2025 19:00,-162
4/6/2025 19:15,-75
4/6/2025 19:30,-23
4/6/2025 19:45,-2
4/6/2025 20:00,-2
4/6/2025 20:15,-2
4/6/2025 20:30,-2
4/6/2025 20:45,-2
4/6/2025 21:00,-2
4/6/2025 21:15,-2
4/6/2025 21:30,-2
4/6/2025 21:45,-2
4/6/2025 22:00,-1
4/6/2025 22:15,-1
4/6/2025 22:30,-1
4/6/2025 22:45,-1
4/6/2025 23:00,-1
4/6/2025 23:15,-1
4/6/2025 23:30,-1
4/6/2025 23:45,-1
4/7/2025 0:00,-1
4/7/2025 0:15,-1
4/7/2025 0:30,-1
4/7/2025 0:45,-1
4/7/2025 1:00,-1
4/7/2025 1:15,-1
4/7/2025 1:30,-1
4/7/2025 1:45,-1
4/7/2025 2:00,-1
4/7/2025 2:15,-2
4/7/2025 2:30,-1
4/7/2025 2:45,-2
4/7/2025 3:00,-2
4/7/2025 3:15,-2
4/7/2025 3:30,-1
4/7/2025 3:45,-1
4/7/2025 4:00,-1
4/7/2025 4:15,-1
4/7/2025 4:30,-1
4/7/2025 4:45,-1
4/7/2025 5:00,-1
4/7/2025 5:15,-1
4/7/2025 5:30,-1
4/7/2025 5:45,-1
4/7/2025 6:00,-1
4/7/2025 6:15,-2
4/7/2025 6:30,-1
4/7/2025 6:45,-5
4/7/2025 7:00,-31
4/7/2025 7:15,-132
4/7/2025 7:30,-473
4/7/2025 7:45,-759
4/7/2025 8:00,-986
4/7/2025 8:15,-1189
4/7/2025 8:30,-1661
4/7/2025 8:45,-1677
4/7/2025 9:00,-1676
4/7/2025 9:15,-1675
4/7/2025 9:30,-1676
4/7/2025 9:45,-1675
4/7/2025 10:00,-1675
4/7/2025 10:15,-1674
4/7/2025 10:30,-1675
4/7/2025 10:45,-1675
4/7/2025 11:00,-1672
4/7/2025 11:15,-1674
4/7/2025 11:30,-1667
4/7/2025 11:45,-1672
4/7/2025 12:00,-1672
4/7/2025 12:15,-1613
4/7/2025 12:30,-1652
4/7/2025 12:45,-1511
4/7/2025 13:00,-1599
4/7/2025 13:15,-1550
4/7/2025 13:30,-1496
4/7/2025 13:45,-1438
4/7/2025 14:00,-1375
4/7/2025 14:15,-1307
4/7/2025 14:30,-1240
4/7/2025 14:45,-1169
4/7/2025 15:00,-1102
4/7/2025 15:15,-1044
4/7/2025 15:30,-1012
4/7/2025 15:45,-1005
4/7/2025 16:00,-1006
4/7/2025 16:15,-1010
4/7/2025 16:30,-1008
4/7/2025 16:45,-1004
4/7/2025 17:00,-1005
4/7/2025 17:15,-1013
4/7/2025 17:30,-1018
4/7/2025 17:45,-1027
4/7/2025 18:00,-918
4/7/2025 18:15,-720
4/7/2025 18:30,-535
4/7/2025 18:45,-356
4/7/2025 19:00,-115
4/7/2025 19:15,-69
4/7/2025 19:30,-19
4/7/2025 19:45,-2
4/7/2025 20:00,-2
4/7/2025 20:15,-2
4/7/2025 20:30,-2
4/7/2025 20:45,-2
4/7/2025 21:00,-2
4/7/2025 21:15,-2
4/7/2025 21:30,-2
4/7/2025 21:45,-2
4/7/2025 22:00,-2
4/7/2025 22:15,-1
4/7/2025 22:30,-2
4/7/2025 22:45,-2
4/7/2025 23:00,-1
4/7/2025 23:15,-1
4/7/2025 23:30,-2
4/7/2025 23:45,-1
4/8/2025 0:00,-1
4/8/2025 0:15,-1
4/8/2025 0:30,-1
4/8/2025 0:45,-2
4/8/2025 1:00,-1
4/8/2025 1:15,-1
4/8/2025 1:30,-1
4/8/2025 1:45,-1
4/8/2025 2:00,-1
4/8/2025 2:15,-1
4/8/2025 2:30,-1
4/8/2025 2:45,-1
4/8/2025 3:00,-1
4/8/2025 3:15,-1
4/8/2025 3:30,-2
4/8/2025 3:45,-1
4/8/2025 4:00,-1
4/8/2025 4:15,-2
4/8/2025 4:30,-1
4/8/2025 4:45,-2
4/8/2025 5:00,-1
4/8/2025 5:15,-1
4/8/2025 5:30,-1
4/8/2025 5:45,-1
4/8/2025 6:00,-1
4/8/2025 6:15,-1
4/8/2025 6:30,-1
4/8/2025 6:45,-1
4/8/2025 7:00,-37
4/8/2025 7:15,-126
4/8/2025 7:30,-295
4/8/2025 7:45,-480
4/8/2025 8:00,-959
4/8/2025 8:15,-1015
4/8/2025 8:30,-1587
4/8/2025 8:45,-1650
4/8/2025 9:00,-1675
4/8/2025 9:15,-1674
4/8/2025 9:30,-1673
4/8/2025 9:45,-1675
4/8/2025 10:00,-1673
4/8/2025 10:15,-1643
4/8/2025 10:30,-1674
4/8/2025 10:45,-1673
4/8/2025 11:00,-1673
4/8/2025 11:15,-1671
4/8/2025 11:30,-1653
4/8/2025 11:45,-1661
4/8/2025 12:00,-1668
4/8/2025 12:15,-1587
4/8/2025 12:30,-1597
4/8/2025 12:45,-1619
4/8/2025 13:00,-1311
4/8/2025 13:15,-1569
4/8/2025 13:30,-1511
4/8/2025 13:45,-1330
4/8/2025 14:00,-1424
4/8/2025 14:15,-1311
4/8/2025 14:30,-1264
4/8/2025 14:45,-1182
4/8/2025 15:00,-1111
4/8/2025 15:15,-1065
4/8/2025 15:30,-1082
4/8/2025 15:45,-972
4/8/2025 16:00,-1053
4/8/2025 16:15,-787
4/8/2025 16:30,-561
4/8/2025 16:45,-632
4/8/2025 17:00,-452
4/8/2025 17:15,-458
4/8/2025 17:30,-1074
4/8/2025 17:45,-397
4/8/2025 18:00,-349
4/8/2025 18:15,-230
4/8/2025 18:30,-216
4/8/2025 18:45,-180
4/8/2025 19:00,-107
4/8/2025 19:15,-46
4/8/2025 19:30,-17
4/8/2025 19:45,-2
4/8/2025 20:00,-2
4/8/2025 20:15,-2
4/8/2025 20:30,-2
4/8/2025 20:45,-2
4/8/2025 21:00,-2
4/8/2025 21:15,-2
4/8/2025 21:30,-2
4/8/2025 21:45,-2
4/8/2025 22:00,-2
4/8/2025 22:15,-2
4/8/2025 22:30,-2
4/8/2025 22:45,-1
4/8/2025 23:00,-1
4/8/2025 23:15,-1
4/8/2025 23:30,-1
4/8/2025 23:45,-1
4/9/2025 0:00,-1
4/9/2025 0:15,-1
4/9/2025 0:30,-2
4/9/2025 0:45,-2
4/9/2025 1:00,-1
4/9/2025 1:15,-2
4/9/2025 1:30,-2
4/9/2025 1:45,-1
4/9/2025 2:00,-1
4/9/2025 2:15,-1
4/9/2025 2:30,-1
4/9/2025 2:45,-1
4/9/2025 3:00,-1
4/9/2025 3:15,-1
4/9/2025 3:30,-1
4/9/2025 3:45,-1
4/9/2025 4:00,-1
4/9/2025 4:15,-1
4/9/2025 4:30,-1
4/9/2025 4:45,-1
4/9/2025 5:00,-1
4/9/2025 5:15,-1
4/9/2025 5:30,-1
4/9/2025 5:45,-1
4/9/2025 6:00,-1
4/9/2025 6:15,-1
4/9/2025 6:30,-1
4/9/2025 6:45,-2
4/9/2025 7:00,-41
4/9/2025 7:15,-145
4/9/2025 7:30,-510
4/9/2025 7:45,-761
4/9/2025 8:00,-980
4/9/2025 8:15,-1207
4/9/2025 8:30,-1629
4/9/2025 8:45,-1674
4/9/2025 9:00,-1676
4/9/2025 9:15,-1674
4/9/2025 9:30,-1674
4/9/2025 9:45,-1675
4/9/2025 10:00,-1674
4/9/2025 10:15,-1673
4/9/2025 10:30,-1675
4/9/2025 10:45,-1673
4/9/2025 11:00,-1636
4/9/2025 11:15,-1619
4/9/2025 11:30,-1648
4/9/2025 11:45,-1550
4/9/2025 12:00,-1587
4/9/2025 12:15,-1541
4/9/2025 12:30,-1601
4/9/2025 12:45,-1566
4/9/2025 13:00,-1584
4/9/2025 13:15,-1532
4/9/2025 13:30,-1482
4/9/2025 13:45,-1424
4/9/2025 14:00,-1368
4/9/2025 14:15,-1303
4/9/2025 14:30,-1240
4/9/2025 14:45,-1172
4/9/2025 15:00,-1108
4/9/2025 15:30,-1019
4/9/2025 15:45,-1013
4/9/2025 16:00,-1015
4/9/2025 16:15,-1017
4/9/2025 16:30,-1013
4/9/2025 16:45,-1010
4/9/2025 17:00,-1010
4/9/2025 17:15,-1016
4/9/2025 17:45,-1003
4/9/2025 18:00,-885
4/9/2025 18:15,-709
4/9/2025 18:30,-483
4/9/2025 18:45,-350
4/9/2025 19:00,-174
4/9/2025 19:15,-83
4/9/2025 19:30,-27
4/9/2025 19:45,-2
4/9/2025 20:00,-2
4/9/2025 20:15,-2
4/9/2025 20:30,-2
4/9/2025 20:45,-2
4/9/2025 21:00,-3
4/9/2025 21:15,-2
4/9/2025 21:30,-3
4/9/2025 21:45,-2
4/9/2025 22:00,-2
4/9/2025 22:15,-1
4/9/2025 22:30,-2
4/9/2025 22:45,-2
4/9/2025 23:00,-2
4/9/2025 23:15,-2
4/9/2025 23:30,-2
4/9/2025 23:45,-1
4/10/2025 0:00,-1
4/10/2025 0:15,-1
4/10/2025 0:30,-1
4/10/2025 0:45,-1
4/10/2025 1:00,-1
4/10/2025 1:15,-1
4/10/2025 1:30,-1
4/10/2025 1:45,-1
4/10/2025 2:00,-2
4/10/2025 2:15,-2
4/10/2025 2:30,-2
4/10/2025 2:45,-1
4/10/2025 3:00,-2
4/10/2025 3:15,-2
4/10/2025 3:30,-2
4/10/2025 3:45,-2
4/10/2025 4:00,-2
4/10/2025 4:15,-2
4/10/2025 4:30,-2
4/10/2025 4:45,-2
4/10/2025 5:00,-2
4/10/2025 5:15,-2
4/10/2025 5:30,-2
4/10/2025 5:45,-2
4/10/2025 6:00,-2
4/10/2025 6:15,-2
4/10/2025 6:30,-2
4/10/2025 6:45,-2
4/10/2025 7:00,-55
4/10/2025 7:15,-166
4/10/2025 7:30,-541
4/10/2025 7:45,-777
4/10/2025 8:00,-985
4/10/2025 8:15,-1298
4/10/2025 8:30,-1625
4/10/2025 8:45,-1675
4/10/2025 9:00,-1673
4/10/2025 9:15,-1674
4/10/2025 9:30,-1674
4/10/2025 9:45,-1674
4/10/2025 10:00,-1672
4/10/2025 10:15,-1673
4/10/2025 10:30,-1672
4/10/2025 10:45,-1672
4/10/2025 11:00,-1555
4/10/2025 11:15,-1649
4/10/2025 11:30,-1638
4/10/2025 11:45,-1659
4/10/2025 12:00,-1502
4/10/2025 12:15,-1428
4/10/2025 12:30,-1501
4/10/2025 12:45,-1428
4/10/2025 13:00,-1387
4/10/2025 13:15,-1515
4/10/2025 13:30,-1466
4/10/2025 13:45,-1407
4/10/2025 14:00,-1350
4/10/2025 14:15,-1286
4/10/2025 14:30,-1220
4/10/2025 14:45,-1154
4/10/2025 15:00,-1093
4/10/2025 15:15,-1048
4/10/2025 15:30,-1013
4/10/2025 15:45,-1018
4/10/2025 16:00,-1017
4/10/2025 16:15,-1025
4/10/2025 16:30,-1016
4/10/2025 16:45,-1019
4/10/2025 17:00,-1031
4/10/2025 17:15,-1044
4/10/2025 17:30,-1044
4/10/2025 17:45,-1044
4/10/2025 18:00,-927
4/10/2025 18:15,-736
4/10/2025 18:30,-547
4/10/2025 18:45,-375
4/10/2025 19:00,-204
4/10/2025 19:15,-97
4/10/2025 19:30,-32
4/10/2025 19:45,-3
4/10/2025 20:00,-4
4/10/2025 20:15,-3
4/10/2025 20:30,-3
4/10/2025 20:45,-3
4/10/2025 21:00,-2
4/10/2025 21:15,-3
4/10/2025 21:30,-3
4/10/2025 21:45,-2
4/10/2025 22:00,-3
4/10/2025 22:15,-2
4/10/2025 22:30,-2
4/10/2025 22:45,-2
4/10/2025 23:00,-2
4/10/2025 23:15,-1
4/10/2025 23:30,-2
4/10/2025 23:45,-2
4/11/2025 0:00,-2
4/11/2025 0:15,-2
4/11/2025 0:30,-2
4/11/2025 0:45,-2
4/11/2025 1:00,-1
4/11/2025 1:15,-2
4/11/2025 1:30,-2
4/11/2025 1:45,-2
4/11/2025 2:00,-2
4/11/2025 2:15,-2
4/11/2025 2:30,-2
4/11/2025 2:45,-2
4/11/2025 3:00,-2
4/11/2025 3:15,-2
4/11/2025 3:30,-2
4/11/2025 3:45,-2
4/11/2025 4:00,-2
4/11/2025 4:15,-2
4/11/2025 4:30,-1
4/11/2025 4:45,-1
4/11/2025 5:00,-1
4/11/2025 5:15,-1
4/11/2025 5:30,-1
4/11/2025 5:45,-1
4/11/2025 6:00,-1
4/11/2025 6:15,-2
4/11/2025 6:30,-1
4/11/2025 6:45,-3
4/11/2025 7:00,-63
4/11/2025 7:15,-182
4/11/2025 7:30,-576
4/11/2025 7:45,-802
4/11/2025 8:00,-1018
4/11/2025 8:15,-1406
4/11/2025 8:30,-1637
4/11/2025 8:45,-1663
4/11/2025 9:00,-1674
4/11/2025 9:15,-1675
4/11/2025 9:30,-1674
4/11/2025 9:45,-1674
4/11/2025 10:00,-1636
4/11/2025 10:15,-1563
4/11/2025 10:30,-1519
4/11/2025 10:45,-1502
4/11/2025 11:00,-1572
4/11/2025 11:15,-1508
4/11/2025 11:30,-1529
4/11/2025 11:45,-1562
4/11/2025 12:00,-1543
4/11/2025 12:15,-1457
4/11/2025 12:30,-1383
4/11/2025 12:45,-1606
4/11/2025 13:00,-1566
4/11/2025 13:15,-1470
4/11/2025 13:30,-1438
4/11/2025 13:45,-1341
4/11/2025 14:00,-1358
4/11/2025 14:15,-1298
4/11/2025 14:30,-1241
4/11/2025 14:45,-1179
4/11/2025 15:00,-1124
4/11/2025 15:15,-1075
4/11/2025 15:30,-1048
4/11/2025 15:45,-1039
4/11/2025 16:00,-1067
4/11/2025 16:15,-1068
4/11/2025 16:30,-1065
4/11/2025 16:45,-1058
4/11/2025 17:00,-1077
4/11/2025 17:15,-1085
4/11/2025 17:30,-1000
4/11/2025 17:45,-1102
4/11/2025 18:00,-794
4/11/2025 18:15,-634
4/11/2025 18:30,-261
4/11/2025 18:45,-157
4/11/2025 19:00,-118
4/11/2025 19:15,-74
4/11/2025 19:30,-32
4/11/2025 19:45,-3
4/11/2025 20:00,-2
4/11/2025 20:15,-2
4/11/2025 20:30,-3
4/11/2025 20:45,-2
4/11/2025 21:00,-2
4/11/2025 21:15,-3
4/11/2025 21:30,-2
4/11/2025 21:45,-2
4/11/2025 22:00,-2
4/11/2025 22:15,-3
4/11/2025 22:30,-2
4/11/2025 22:45,-3
4/11/2025 23:00,-3
4/11/2025 23:15,-2
4/11/2025 23:30,-2
4/11/2025 23:45,-2
4/12/2025 0:00,-2
4/12/2025 0:15,-2
4/12/2025 0:30,-2
4/12/2025 0:45,-2
4/12/2025 1:00,-2
4/12/2025 1:15,-2
4/12/2025 1:30,-2
4/12/2025 1:45,-2
4/12/2025 2:00,-2
4/12/2025 2:15,-2
4/12/2025 2:30,-2
4/12/2025 2:45,-2
4/12/2025 3:00,-2
4/12/2025 3:15,-2
4/12/2025 3:30,-2
4/12/2025 3:45,-2
4/12/2025 4:00,-2
4/12/2025 4:15,-2
4/12/2025 4:30,-2
4/12/2025 4:45,-2
4/12/2025 5:00,-2
4/12/2025 5:15,-2
4/12/2025 5:30,-2
4/12/2025 5:45,-1
4/12/2025 6:00,-1
4/12/2025 6:15,-1
4/12/2025 6:30,-1
4/12/2025 6:45,-3
4/12/2025 7:00,-68
4/12/2025 7:15,-209
4/12/2025 7:30,-426
4/12/2025 7:45,-648
4/12/2025 8:00,-874
4/12/2025 8:15,-1088
4/12/2025 8:30,-1259
4/12/2025 8:45,-1324
4/12/2025 9:00,-1384
4/12/2025 9:15,-1439
4/12/2025 9:30,-1490
4/12/2025 9:45,-1467
4/12/2025 10:00,-1490
4/12/2025 10:15,-1368
4/12/2025 10:30,-1385
4/12/2025 10:45,-1229
4/12/2025 11:00,-1266
4/12/2025 11:15,-1258
4/12/2025 11:30,-1217
4/12/2025 11:45,-1231
4/12/2025 12:00,-913
4/12/2025 12:15,-1241
4/12/2025 12:30,-908
4/12/2025 12:45,-857
4/12/2025 13:00,-1123
4/12/2025 13:15,-1236
4/12/2025 13:30,-998
4/12/2025 13:45,-1231
4/12/2025 14:00,-1196
4/12/2025 14:15,-1329
4/12/2025 14:30,-1344
4/12/2025 14:45,-1176
4/12/2025 15:00,-1319
4/12/2025 15:15,-800
4/12/2025 15:30,-1546
4/12/2025 15:45,-779
4/12/2025 16:00,-601
4/12/2025 16:15,-1391
4/12/2025 16:30,-945
4/12/2025 16:45,-561
4/12/2025 17:00,-578
4/12/2025 17:15,-526
4/12/2025 17:30,-339
4/12/2025 17:45,-649
4/12/2025 18:00,-273
4/12/2025 18:15,-236
4/12/2025 18:30,-226
4/12/2025 18:45,-118
4/12/2025 19:00,-93
4/12/2025 19:15,-26
4/12/2025 19:30,-18
4/12/2025 19:45,-2
4/12/2025 20:00,-2
4/12/2025 20:15,-3
4/12/2025 20:30,-3
4/12/2025 20:45,-2
4/12/2025 21:00,-2
4/12/2025 21:15,-3
4/12/2025 21:30,-3
4/12/2025 21:45,-3
4/12/2025 22:00,-2
4/12/2025 22:15,-3
4/12/2025 22:30,-3
4/12/2025 22:45,-3
4/12/2025 23:00,-3
4/12/2025 23:15,-3
4/12/2025 23:30,-3
4/12/2025 23:45,-3
4/13/2025 0:00,-3
4/13/2025 0:15,-3
4/13/2025 0:30,-3
4/13/2025 0:45,-3
4/13/2025 1:00,-3
4/13/2025 1:15,-3
4/13/2025 1:30,-3
4/13/2025 1:45,-2
4/13/2025 2:00,-2
4/13/2025 2:15,-2
4/13/2025 2:30,-2
4/13/2025 2:45,-2
4/13/2025 3:00,-2
4/13/2025 3:15,-2
4/13/2025 3:30,-2
4/13/2025 3:45,-2
4/13/2025 4:00,-2
4/13/2025 4:15,-2
4/13/2025 4:30,-2
4/13/2025 4:45,-2
4/13/2025 5:00,-2
4/13/2025 5:15,-2
4/13/2025 5:30,-2
4/13/2025 5:45,-2
4/13/2025 6:00,-2
4/13/2025 6:15,-2
4/13/2025 6:30,-2
4/13/2025 6:45,-2
4/13/2025 7:00,-71
4/13/2025 7:15,-183
4/13/2025 7:30,-498
4/13/2025 7:45,-727
4/13/2025 8:00,-897
4/13/2025 8:15,-660
4/13/2025 8:30,-1128
4/13/2025 8:45,-1349
4/13/2025 9:00,-1380
4/13/2025 9:15,-1489
4/13/2025 9:30,-1541
4/13/2025 9:45,-1474
4/13/2025 10:00,-1488
4/13/2025 10:15,-1329
4/13/2025 10:30,-1195
4/13/2025 10:45,-1326
4/13/2025 11:00,-1351
4/13/2025 11:15,-1318
4/13/2025 11:30,-1307
4/13/2025 11:45,-1221
4/13/2025 12:00,-1208
4/13/2025 12:15,-1307
4/13/2025 12:30,-1307
4/13/2025 12:45,-1295
4/13/2025 13:00,-1274
4/13/2025 13:15,-1323
4/13/2025 13:30,-1447
4/13/2025 13:45,-1312
4/13/2025 14:00,-1264
4/13/2025 14:15,-1249
4/13/2025 14:30,-1164
4/13/2025 14:45,-823
4/13/2025 15:00,-1023
4/13/2025 15:15,-932
4/13/2025 15:30,-865
4/13/2025 15:45,-1055
4/13/2025 16:00,-1075
4/13/2025 16:15,-1474
4/13/2025 16:30,-925
4/13/2025 16:45,-1408
4/13/2025 17:00,-1536
4/13/2025 17:15,-1431
4/13/2025 17:30,-1359
4/13/2025 17:45,-1276
4/13/2025 18:00,-1075
4/13/2025 18:15,-859
4/13/2025 18:30,-601
4/13/2025 18:45,-377
4/13/2025 19:00,-232
4/13/2025 19:15,-113
4/13/2025 19:30,-36
4/13/2025 19:45,-4
4/13/2025 20:00,-3
4/13/2025 20:15,-2
4/13/2025 20:30,-3
4/13/2025 20:45,-2
4/13/2025 21:00,-2
4/13/2025 21:15,-2
4/13/2025 21:30,-2
4/13/2025 21:45,-2
4/13/2025 22:00,-2
4/13/2025 22:15,-3
4/13/2025 22:30,-2
4/13/2025 22:45,-2
4/13/2025 23:00,-1
4/13/2025 23:15,-2
4/13/2025 23:30,-2
4/13/2025 23:45,-3
4/14/2025 0:00,-1
4/14/2025 0:15,-2
4/14/2025 0:30,-3
4/14/2025 0:45,-2
4/14/2025 1:00,-2
4/14/2025 1:15,-2
4/14/2025 1:30,-2
4/14/2025 1:45,-2
4/14/2025 2:00,-1
4/14/2025 2:15,-1
4/14/2025 2:30,-2
4/14/2025 2:45,-1
4/14/2025 3:00,-2
4/14/2025 3:15,-2
4/14/2025 3:30,-2
4/14/2025 3:45,-2
4/14/2025 4:00,-2
4/14/2025 4:15,-2
4/14/2025 4:30,-2
4/14/2025 4:45,-1
4/14/2025 5:00,-1
4/14/2025 5:15,-1
4/14/2025 5:30,-1
4/14/2025 5:45,-1
4/14/2025 6:00,-1
4/14/2025 6:15,-1
4/14/2025 6:30,-1
4/14/2025 6:45,-5
4/14/2025 7:00,-52
4/14/2025 7:15,-113
4/14/2025 7:30,-208
4/14/2025 7:45,-604
4/14/2025 8:00,-924
4/14/2025 8:15,-898
4/14/2025 8:30,-855
4/14/2025 8:45,-803
4/14/2025 9:00,-1133
4/14/2025 9:15,-1410
4/14/2025 9:30,-1542
4/14/2025 9:45,-1442
4/14/2025 10:00,-1481
4/14/2025 10:15,-1511
4/14/2025 10:30,-1458
4/14/2025 10:45,-1134
4/14/2025 11:00,-948
4/14/2025 11:15,-1082
4/14/2025 11:30,-1320
4/14/2025 11:45,-1039
4/14/2025 12:00,-1673
4/14/2025 12:15,-1425
4/14/2025 12:30,-1469
4/14/2025 12:45,-1447
4/14/2025 13:00,-1445
4/14/2025 13:15,-1493
4/14/2025 13:30,-1491
4/14/2025 13:45,-1466
4/14/2025 14:00,-1472
4/14/2025 14:15,-1392
4/14/2025 14:30,-1484
4/14/2025 14:45,-1423
4/14/2025 15:00,-1567
4/14/2025 15:15,-1569
4/14/2025 15:30,-1535
4/14/2025 15:45,-1579
4/14/2025 16:00,-1565
4/14/2025 16:15,-1536
4/14/2025 16:30,-1504
4/14/2025 16:45,-1465
4/14/2025 17:00,-1421
4/14/2025 17:15,-1373
4/14/2025 17:30,-1322
4/14/2025 17:45,-1276
4/14/2025 18:00,-1172
4/14/2025 18:15,-1010
4/14/2025 18:30,-567
4/14/2025 18:45,-249
4/14/2025 19:00,-316
4/14/2025 19:15,-87
4/14/2025 19:30,-33
4/14/2025 19:45,-2
4/14/2025 20:00,-3
4/14/2025 20:15,-2
4/14/2025 20:30,-2
4/14/2025 20:45,-2
4/14/2025 21:00,-2
4/14/2025 21:15,-2
4/14/2025 21:30,-2
4/14/2025 21:45,-2
4/14/2025 22:00,-2
4/14/2025 22:15,-2
4/14/2025 22:30,-2
4/14/2025 22:45,-2
4/14/2025 23:00,-2
4/14/2025 23:15,-2
4/14/2025 23:30,-1
4/14/2025 23:45,-2
4/15/2025 0:00,-2
4/15/2025 0:15,-2
4/15/2025 0:30,-2
4/15/2025 0:45,-2
4/15/2025 1:00,-2
4/15/2025 1:15,-2
4/15/2025 1:30,-2
4/15/2025 1:45,-2
4/15/2025 2:00,-2
4/15/2025 2:15,-2
4/15/2025 2:30,-2
4/15/2025 2:45,-2
4/15/2025 3:00,-2
4/15/2025 3:15,-2
4/15/2025 3:30,-2
4/15/2025 3:45,-2
4/15/2025 4:00,-2
4/15/2025 4:15,-2
4/15/2025 4:30,-2
4/15/2025 4:45,-2
4/15/2025 5:00,-2
4/15/2025 5:15,-2
4/15/2025 5:30,-2
4/15/2025 5:45,-2
4/15/2025 6:00,-2
4/15/2025 6:15,-2
4/15/2025 6:30,-2
4/15/2025 6:45,-1
4/15/2025 7:00,-17
4/15/2025 7:15,-95
4/15/2025 7:30,-550
4/15/2025 7:45,-240
4/15/2025 8:00,-247
4/15/2025 8:15,-131
4/15/2025 8:30,-155
4/15/2025 8:45,-581
4/15/2025 9:00,-237
4/15/2025 9:15,-310
4/15/2025 9:30,-314
4/15/2025 9:45,-645
4/15/2025 10:00,-1602
4/15/2025 10:15,-1613
4/15/2025 10:30,-1636
4/15/2025 10:45,-1621
4/15/2025 11:00,-743
4/15/2025 11:15,-1056
4/15/2025 11:30,-962
4/15/2025 11:45,-1664
4/15/2025 12:00,-571
4/15/2025 12:15,-1670
4/15/2025 12:30,-1658
4/15/2025 12:45,-1670
4/15/2025 13:00,-660
4/15/2025 13:15,-498
4/15/2025 13:30,-760
4/15/2025 13:45,-1491
4/15/2025 14:00,-1565
4/15/2025 14:15,-929
4/15/2025 14:30,-1658
4/15/2025 14:45,-442
4/15/2025 15:00,-776
4/15/2025 15:15,-734
4/15/2025 15:30,-925
4/15/2025 15:45,-699
4/15/2025 16:00,-509
4/15/2025 16:15,-1621
4/15/2025 16:30,-361
4/15/2025 16:45,-457
4/15/2025 17:00,-358
4/15/2025 17:15,-381
4/15/2025 17:30,-418
4/15/2025 17:45,-361
4/15/2025 18:00,-220
4/15/2025 18:15,-131
4/15/2025 18:30,-187
4/15/2025 18:45,-451
4/15/2025 19:00,-100
4/15/2025 19:15,-63
4/15/2025 19:30,-40
4/15/2025 19:45,-7
4/15/2025 20:00,-2
4/15/2025 20:15,-2
4/15/2025 20:30,-2
4/15/2025 20:45,-2
4/15/2025 21:00,-2
4/15/2025 21:15,-3
4/15/2025 21:30,-2
4/15/2025 21:45,-2
4/15/2025 22:00,-2
4/15/2025 22:15,-2
4/15/2025 22:30,-2
4/15/2025 22:45,-2
4/15/2025 23:00,-2
4/15/2025 23:15,-2
4/15/2025 23:30,-2
4/15/2025 23:45,-2
4/16/2025 0:00,-1
4/16/2025 0:15,-1
4/16/2025 0:30,-1
4/16/2025 0:45,-2
4/16/2025 1:00,-2
4/16/2025 1:15,-2
4/16/2025 1:30,-2
4/16/2025 1:45,-2
4/16/2025 2:00,-2
4/16/2025 2:15,-2
4/16/2025 2:30,-3
4/16/2025 2:45,-3
4/16/2025 3:00,-2
4/16/2025 3:15,-2
4/16/2025 3:30,-2
4/16/2025 3:45,-2
4/16/2025 4:00,-2
4/16/2025 4:15,-2
4/16/2025 4:30,-2
4/16/2025 4:45,-2
4/16/2025 5:00,-2
4/16/2025 5:15,-2
4/16/2025 5:30,-2
4/16/2025 5:45,-2
4/16/2025 6:00,-2
4/16/2025 6:15,-2
4/16/2025 6:30,-2
4/16/2025 6:45,-2
4/16/2025 7:00,-5
4/16/2025 7:15,-30
4/16/2025 7:30,-83
4/16/2025 7:45,-113
4/16/2025 8:00,-444
4/16/2025 8:15,-1213
4/16/2025 8:30,-714
4/16/2025 8:45,-250
4/16/2025 9:00,-654
4/16/2025 9:15,-210
4/16/2025 9:30,-411
4/16/2025 9:45,-465
4/16/2025 10:00,-1123
4/16/2025 10:15,-1654
4/16/2025 10:30,-1667
4/16/2025 10:45,-587
4/16/2025 11:00,-1590
4/16/2025 11:15,-1498
4/16/2025 11:30,-1668
4/16/2025 11:45,-1595
4/16/2025 12:00,-1511
4/16/2025 12:15,-1479
4/16/2025 12:30,-1673
4/16/2025 12:45,-1628
4/16/2025 13:00,-1494
4/16/2025 13:15,-1670
4/16/2025 13:30,-865
4/16/2025 13:45,-391
4/16/2025 14:00,-1612
4/16/2025 14:15,-1656
4/16/2025 14:30,-1665
4/16/2025 14:45,-1626
4/16/2025 15:00,-1628
4/16/2025 15:15,-1623
4/16/2025 15:30,-1617
4/16/2025 15:45,-1378
4/16/2025 16:00,-1604
4/16/2025 16:15,-328
4/16/2025 16:30,-1584
4/16/2025 16:45,-417
4/16/2025 17:00,-1504
4/16/2025 17:15,-358
4/16/2025 17:30,-1117
4/16/2025 17:45,-1235
4/16/2025 18:00,-235
4/16/2025 18:15,-747
4/16/2025 18:30,-142
4/16/2025 18:45,-489
4/16/2025 19:00,-331
4/16/2025 19:15,-82
4/16/2025 19:30,-32
4/16/2025 19:45,-4
4/16/2025 20:00,-4
4/16/2025 20:15,-2
4/16/2025 20:30,-2
4/16/2025 20:45,-2
4/16/2025 21:00,0
4/16/2025 21:15,0
4/16/2025 21:30,0
4/16/2025 21:45,0
4/16/2025 22:00,0
4/16/2025 22:15,0
4/16/2025 22:30,0
4/16/2025 22:45,0
4/16/2025 23:00,-1
4/16/2025 23:15,-2
4/16/2025 23:30,-2
4/16/2025 23:45,-2
4/17/2025 0:00,-2
4/17/2025 0:15,-3
4/17/2025 0:30,-3
4/17/2025 0:45,-2
4/17/2025 1:00,-2
4/17/2025 1:15,-3
4/17/2025 1:30,-3
4/17/2025 1:45,-3
4/17/2025 2:00,-2
4/17/2025 2:15,-2
4/17/2025 2:30,-2
4/17/2025 2:45,-2
4/17/2025 3:00,-2
4/17/2025 3:15,-2
4/17/2025 3:30,-2
4/17/2025 3:45,-2
4/17/2025 4:00,-2
4/17/2025 4:15,-2
4/17/2025 4:30,-2
4/17/2025 4:45,-2
4/17/2025 5:00,-1
4/17/2025 5:15,-2
4/17/2025 5:30,-3
4/17/2025 5:45,-2
4/17/2025 6:00,-2
4/17/2025 6:15,-2
4/17/2025 6:30,-3
4/17/2025 6:45,-17
4/17/2025 7:00,-72
4/17/2025 7:15,-120
4/17/2025 7:30,-185
4/17/2025 7:45,-307
4/17/2025 8:00,-461
4/17/2025 8:15,-434
4/17/2025 8:30,-1249
4/17/2025 8:45,-1305
4/17/2025 9:00,-1438
4/17/2025 9:15,-662
4/17/2025 9:30,-1587
4/17/2025 9:45,-1583
4/17/2025 10:00,-1620
4/17/2025 10:15,-1647
4/17/2025 10:30,-1617
4/17/2025 10:45,-1313
4/17/2025 11:00,-1562
4/17/2025 11:15,-1580
4/17/2025 11:30,-1647
4/17/2025 11:45,-1601
4/17/2025 12:00,-1335
4/17/2025 12:15,-1616
4/17/2025 12:30,-1506
4/17/2025 12:45,-1517
4/17/2025 13:00,-1540
4/17/2025 13:15,-1497
4/17/2025 13:30,-1516
4/17/2025 13:45,-1433
4/17/2025 14:00,-1610
4/17/2025 14:15,-1472
4/17/2025 14:30,-1632
4/17/2025 14:45,-1539
4/17/2025 15:00,-1519
4/17/2025 15:15,-1525
4/17/2025 15:30,-1557
4/17/2025 15:45,-1559
4/17/2025 16:00,-1484
4/17/2025 16:15,-1556
4/17/2025 16:30,-1501
4/17/2025 16:45,-1485
4/17/2025 17:00,-1430
4/17/2025 17:15,-1107
4/17/2025 17:30,-319
4/17/2025 17:45,-242
4/17/2025 18:00,-201
4/17/2025 18:15,-240
4/17/2025 18:30,-250
4/17/2025 18:45,-428
4/17/2025 19:00,-286
4/17/2025 19:15,-160
4/17/2025 19:30,-52
4/17/2025 19:45,-12
4/17/2025 20:00,-2
4/17/2025 20:15,-2
4/17/2025 20:30,-2
4/17/2025 20:45,-2
4/17/2025 21:00,-2
4/17/2025 21:15,-2
4/17/2025 21:30,-2
4/17/2025 21:45,-2
4/17/2025 22:00,-2
4/17/2025 22:15,-2
4/17/2025 22:30,-2
4/17/2025 22:45,-2
4/17/2025 23:00,-2
4/17/2025 23:15,-2
4/17/2025 23:30,-2
4/17/2025 23:45,-2
4/18/2025 0:00,-2
4/18/2025 0:15,-2
4/18/2025 0:30,-2
4/18/2025 0:45,-2
4/18/2025 1:00,-2
4/18/2025 1:15,-2
4/18/2025 1:30,-2
4/18/2025 1:45,-2
4/18/2025 2:00,-2
4/18/2025 2:15,-2
4/18/2025 2:30,-2
4/18/2025 2:45,-2
4/18/2025 3:00,-2
4/18/2025 3:15,-2
4/18/2025 3:30,-2
4/18/2025 3:45,-1
4/18/2025 4:00,-2
4/18/2025 4:15,-1
4/18/2025 4:30,-1
4/18/2025 4:45,-1
4/18/2025 5:00,-2
4/18/2025 5:15,-1
4/18/2025 5:30,-1
4/18/2025 5:45,-1
4/18/2025 6:00,-1
4/18/2025 6:15,-2
4/18/2025 6:30,-2
4/18/2025 6:45,-16
4/18/2025 7:00,-31
4/18/2025 7:15,-46
4/18/2025 7:30,-123
4/18/2025 7:45,-267
4/18/2025 8:00,-291
4/18/2025 8:15,-1432
4/18/2025 8:30,-305
4/18/2025 8:45,-241
4/18/2025 9:00,-251
4/18/2025 9:15,-173
4/18/2025 9:30,-235
4/18/2025 9:45,-277
4/18/2025 10:00,-750
4/18/2025 10:15,-487
4/18/2025 10:30,-326
4/18/2025 10:45,-434
4/18/2025 11:00,-594
4/18/2025 11:15,-766
4/18/2025 11:30,-470
4/18/2025 11:45,-616
4/18/2025 12:00,-287
4/18/2025 12:15,-830
4/18/2025 12:30,-759
4/18/2025 12:45,-1169
4/18/2025 13:00,-544
4/18/2025 13:15,-998
4/18/2025 13:30,-582
4/18/2025 13:45,-636
4/18/2025 14:00,-749
4/18/2025 14:15,-878
4/18/2025 14:30,-1402
4/18/2025 14:45,-1333
4/18/2025 15:00,-1359
4/18/2025 15:15,-1107
4/18/2025 15:30,-503
4/18/2025 15:45,-293
4/18/2025 16:00,-258
4/18/2025 16:15,-128
4/18/2025 16:30,-137
4/18/2025 16:45,-115
4/18/2025 17:00,-79
4/18/2025 17:15,-109
4/18/2025 17:30,-168
4/18/2025 17:45,-124
4/18/2025 18:00,-131
4/18/2025 18:15,-102
4/18/2025 18:30,-36
4/18/2025 18:45,-39
4/18/2025 19:00,-35
4/18/2025 19:15,-27
4/18/2025 19:30,-28
4/18/2025 19:45,-2
4/18/2025 20:00,-2
4/18/2025 20:15,-2
4/18/2025 20:30,-2
4/18/2025 20:45,-2
4/18/2025 21:00,-2
4/18/2025 21:15,-2
4/18/2025 21:30,-2
4/18/2025 21:45,-2
4/18/2025 22:00,-2
4/18/2025 22:15,-2
4/18/2025 22:30,-2
4/18/2025 22:45,-2
4/18/2025 23:00,-2
4/18/2025 23:15,-2
4/18/2025 23:30,-2
4/18/2025 23:45,-2
4/19/2025 0:00,-2
4/19/2025 0:15,-2
4/19/2025 0:30,-2
4/19/2025 0:45,-2
4/19/2025 1:00,-2
4/19/2025 1:15,-2
4/19/2025 1:30,-2
4/19/2025 1:45,-2
4/19/2025 2:00,-2
4/19/2025 2:15,-2
4/19/2025 2:30,-2
4/19/2025 2:45,-2
4/19/2025 3:00,-2
4/19/2025 3:15,-2
4/19/2025 3:30,-2
4/19/2025 3:45,-2
4/19/2025 4:00,-2
4/19/2025 4:15,-2
4/19/2025 4:30,-2
4/19/2025 4:45,-2
4/19/2025 5:00,-2
4/19/2025 5:15,-2
4/19/2025 5:30,-2
4/19/2025 5:45,-2
4/19/2025 6:00,-2
4/19/2025 6:15,-2
4/19/2025 6:30,-2
4/19/2025 6:45,-2
4/19/2025 7:00,-2
4/19/2025 7:15,-9
4/19/2025 7:30,-19
4/19/2025 7:45,-42
4/19/2025 8:00,-40
4/19/2025 8:15,-73
4/19/2025 8:30,-109
4/19/2025 8:45,-105
4/19/2025 9:00,-127
4/19/2025 9:15,-241
4/19/2025 9:30,-328
4/19/2025 9:45,-418
4/19/2025 10:00,-265
4/19/2025 10:15,-456
4/19/2025 10:30,-690
4/19/2025 10:45,-1535
4/19/2025 11:00,-811
4/19/2025 11:15,-511
4/19/2025 11:30,-1000
4/19/2025 11:45,-904
4/19/2025 12:00,-1395
4/19/2025 12:15,-974
4/19/2025 12:30,-1561
4/19/2025 12:45,-1307
4/19/2025 13:00,-755
4/19/2025 13:15,-1440
4/19/2025 13:30,-654
4/19/2025 13:45,-681
4/19/2025 14:00,-592
4/19/2025 14:15,-1641
4/19/2025 14:30,-1564
4/19/2025 14:45,-991
4/19/2025 15:00,-1437
4/19/2025 15:15,-1388
4/19/2025 15:30,-742
4/19/2025 15:45,-525
4/19/2025 16:00,-370
4/19/2025 16:15,-457
4/19/2025 16:30,-582
4/19/2025 16:45,-1290
4/19/2025 17:00,-513
4/19/2025 17:15,-450
4/19/2025 17:30,-560
4/19/2025 17:45,-290
4/19/2025 18:00,-300
4/19/2025 18:15,-271
4/19/2025 18:30,-353
4/19/2025 18:45,-90
4/19/2025 19:00,-72
4/19/2025 19:15,-105
4/19/2025 19:30,-68
4/19/2025 19:45,-33
4/19/2025 20:00,-2
4/19/2025 20:15,-2
4/19/2025 20:30,-2
4/19/2025 20:45,-1
4/19/2025 21:00,-1
4/19/2025 21:15,-1
4/19/2025 21:30,-1
4/19/2025 21:45,-1
4/19/2025 22:00,-1
4/19/2025 22:15,-1
4/19/2025 22:30,-1
4/19/2025 22:45,-1
4/19/2025 23:00,-1
4/19/2025 23:15,-1
4/19/2025 23:30,-1
4/19/2025 23:45,-1
4/20/2025 0:00,-1
4/20/2025 0:15,-1
4/20/2025 0:30,-1
4/20/2025 0:45,-1
4/20/2025 1:00,-1
4/20/2025 1:15,-1
4/20/2025 1:30,-1
4/20/2025 1:45,-1
4/20/2025 2:00,-1
4/20/2025 2:15,-1
4/20/2025 2:30,-1
4/20/2025 2:45,-1
4/20/2025 3:00,-1
4/20/2025 3:15,-1
4/20/2025 3:30,-1
4/20/2025 3:45,-1
4/20/2025 4:00,-1
4/20/2025 4:15,-1
4/20/2025 4:30,-1
4/20/2025 4:45,-1
4/20/2025 5:00,-1
4/20/2025 5:15,-1
4/20/2025 5:30,-1
4/20/2025 5:45,-1
4/20/2025 6:00,-1
4/20/2025 6:15,-2
4/20/2025 6:30,-2
4/20/2025 6:45,-32
4/20/2025 7:00,-36
4/20/2025 7:15,-65
4/20/2025 7:30,-114
4/20/2025 7:45,-94
4/20/2025 8:00,-186
4/20/2025 8:15,-200
4/20/2025 8:30,-260
4/20/2025 8:45,-246
4/20/2025 9:00,-362
4/20/2025 9:15,-350
4/20/2025 9:30,-503
4/20/2025 9:45,-626
4/20/2025 10:00,-820
4/20/2025 10:15,-1666
4/20/2025 10:30,-1647
4/20/2025 10:45,-1615
4/20/2025 11:00,-1651
4/20/2025 11:15,-1627
4/20/2025 11:30,-1510
4/20/2025 11:45,-1452
4/20/2025 12:00,-1500
4/20/2025 12:15,-1289
4/20/2025 12:30,-1284
4/20/2025 12:45,-1261
4/20/2025 13:00,-1248
4/20/2025 13:15,-1176
4/20/2025 13:30,-1166
4/20/2025 13:45,-1270
4/20/2025 14:00,-1262
4/20/2025 14:15,-1239
4/20/2025 14:30,-1253
4/20/2025 14:45,-1298
4/20/2025 15:00,-1248
4/20/2025 15:15,-1170
4/20/2025 15:30,-1211
4/20/2025 15:45,-1195
4/20/2025 16:00,-1223
4/20/2025 16:15,-1345
4/20/2025 16:30,-1297
4/20/2025 16:45,-1400
4/20/2025 17:00,-1375
4/20/2025 17:15,-1352
4/20/2025 17:30,-1343
4/20/2025 17:45,-1287
4/20/2025 18:00,-1198
4/20/2025 18:15,-979
4/20/2025 18:30,-709
4/20/2025 18:45,-485
4/20/2025 19:00,-293
4/20/2025 19:15,-157
4/20/2025 19:30,-59
4/20/2025 19:45,-17
4/20/2025 20:00,-2
4/20/2025 20:15,-2
4/20/2025 20:30,-2
4/20/2025 20:45,-2
4/20/2025 21:00,-2
4/20/2025 21:15,-2
4/20/2025 21:30,-2
4/20/2025 21:45,-2
4/20/2025 22:00,-2
4/20/2025 22:15,-1
4/20/2025 22:30,-1
4/20/2025 22:45,-2
4/20/2025 23:00,-1
4/20/2025 23:15,-2
4/20/2025 23:30,-1
4/20/2025 23:45,-1
4/21/2025 0:00,-2
4/21/2025 0:15,-1
4/21/2025 0:30,-1
4/21/2025 0:45,-1
4/21/2025 1:00,-1
4/21/2025 1:15,-1
4/21/2025 1:30,-2
4/21/2025 1:45,-2
4/21/2025 2:00,-1
4/21/2025 2:15,-1
4/21/2025 2:30,-1
4/21/2025 2:45,-1
4/21/2025 3:00,-1
4/21/2025 3:15,-2
4/21/2025 3:30,-2
4/21/2025 3:45,-1
4/21/2025 4:00,-1
4/21/2025 4:15,-1
4/21/2025 4:30,-1
4/21/2025 4:45,-1
4/21/2025 5:00,-1
4/21/2025 5:15,-1
4/21/2025 5:30,-1
4/21/2025 5:45,-1
4/21/2025 6:00,-1
4/21/2025 6:15,-1
4/21/2025 6:30,-6
4/21/2025 6:45,-65
4/21/2025 7:00,-192
4/21/2025 7:15,-413
4/21/2025 7:30,-647
4/21/2025 7:45,-882
4/21/2025 8:00,-1108
4/21/2025 8:15,-1262
4/21/2025 8:30,-1343
4/21/2025 8:45,-1338
4/21/2025 9:00,-1449
4/21/2025 9:15,-1415
4/21/2025 9:30,-1559
4/21/2025 9:45,-1601
4/21/2025 10:00,-1641
4/21/2025 10:15,-1652
4/21/2025 10:30,-1654
4/21/2025 10:45,-1644
4/21/2025 11:00,-1506
4/21/2025 11:15,-1668
4/21/2025 11:30,-1607
4/21/2025 11:45,-1671
4/21/2025 12:00,-1547
4/21/2025 12:15,-1672
4/21/2025 12:30,-1663
4/21/2025 12:45,-1604
4/21/2025 13:00,-1580
4/21/2025 13:15,-1518
4/21/2025 13:30,-1576
4/21/2025 13:45,-1643
4/21/2025 14:15,-1572
4/21/2025 14:30,-1533
4/21/2025 14:45,-1445
4/21/2025 15:00,-1613
4/21/2025 15:15,-1453
4/21/2025 15:30,-1578
4/21/2025 15:45,-1589
4/21/2025 16:00,-1506
4/21/2025 16:15,-1555
4/21/2025 16:30,-1528
4/21/2025 16:45,-1486
4/21/2025 17:00,-1447
4/21/2025 17:15,-1364
4/21/2025 17:30,-1365
4/21/2025 17:45,-1110
4/21/2025 18:00,-1230
4/21/2025 18:15,-399
4/21/2025 18:30,-493
4/21/2025 18:45,-544
4/21/2025 19:00,-348
4/21/2025 19:15,-178
4/21/2025 19:30,-79
4/21/2025 19:45,-25
4/21/2025 20:00,-2
4/21/2025 20:15,-2
4/21/2025 20:30,-2
4/21/2025 20:45,-2
4/21/2025 21:00,-3
4/21/2025 21:15,-2
4/21/2025 21:30,-2
4/21/2025 21:45,-2
4/21/2025 22:00,-2
4/21/2025 22:15,-1
4/21/2025 22:30,-2
4/21/2025 22:45,-1
4/21/2025 23:00,-1
4/21/2025 23:15,-1
4/21/2025 23:30,-1
4/21/2025 23:45,-1
4/22/2025 0:00,-1
4/22/2025 0:15,-2
4/22/2025 0:30,-1
4/22/2025 0:45,-2
4/22/2025 1:00,-2
4/22/2025 1:15,-2
4/22/2025 1:30,-2
4/22/2025 1:45,-2
4/22/2025 2:00,-1
4/22/2025 2:15,-1
4/22/2025 2:30,-1
4/22/2025 2:45,-1
4/22/2025 3:00,-1
4/22/2025 3:15,-1
4/22/2025 3:30,-1
4/22/2025 3:45,-2
4/22/2025 4:00,-2
4/22/2025 4:15,-1
4/22/2025 4:30,-2
4/22/2025 4:45,-2
4/22/2025 5:00,-2
4/22/2025 5:15,-2
4/22/2025 5:30,-1
4/22/2025 5:45,-1
4/22/2025 6:00,-1
4/22/2025 6:15,-2
4/22/2025 6:30,-2
4/22/2025 6:45,-69
4/22/2025 7:00,-200
4/22/2025 7:15,-416
4/22/2025 7:45,-872
4/22/2025 8:00,-1095
4/22/2025 8:15,-1276
4/22/2025 8:30,-1339
4/22/2025 8:45,-1396
4/22/2025 9:00,-1447
4/22/2025 9:15,-1496
4/22/2025 9:30,-1540
4/22/2025 9:45,-1581
4/22/2025 10:00,-1618
4/22/2025 10:15,-1646
4/22/2025 10:30,-1659
4/22/2025 10:45,-1664
4/22/2025 11:00,-1642
4/22/2025 11:15,-1671
4/22/2025 11:30,-1630
4/22/2025 11:45,-1672
4/22/2025 12:00,-1593
4/22/2025 12:15,-1554
4/22/2025 12:30,-1670
4/22/2025 12:45,-1540
4/22/2025 13:00,-1671
4/22/2025 13:15,-550
4/22/2025 13:30,-437
4/22/2025 13:45,-1671
4/22/2025 14:00,-1657
4/22/2025 14:15,-895
4/22/2025 14:30,-1636
4/22/2025 14:45,-1640
4/22/2025 15:15,-297
4/22/2025 15:30,-1607
4/22/2025 15:45,-1603
4/22/2025 16:00,-1578
4/22/2025 16:15,-1555
4/22/2025 16:30,-1523
4/22/2025 16:45,-1484
4/22/2025 17:00,-1446
4/22/2025 17:15,-1400
4/22/2025 17:30,-1347
4/22/2025 17:45,-1301
4/22/2025 18:00,-1236
4/22/2025 18:15,-990
4/22/2025 18:30,-731
4/22/2025 18:45,-474
4/22/2025 19:00,-309
4/22/2025 19:15,-171
4/22/2025 19:30,-64
4/22/2025 19:45,-17
4/22/2025 20:00,-2
4/22/2025 20:15,-4
4/22/2025 20:30,-3
4/22/2025 20:45,-2
4/22/2025 21:00,-2
4/22/2025 21:15,-2
4/22/2025 21:30,-2
4/22/2025 21:45,-2
4/22/2025 22:00,-2
4/22/2025 22:15,-2
4/22/2025 22:30,-2
4/22/2025 22:45,-3
4/22/2025 23:00,-1
4/22/2025 23:15,-1
4/22/2025 23:30,-2
4/22/2025 23:45,-2
4/23/2025 0:00,-1
4/23/2025 0:15,-1
4/23/2025 0:30,-2
4/23/2025 0:45,-2
4/23/2025 1:00,-2
4/23/2025 1:15,-2
4/23/2025 1:30,-2
4/23/2025 1:45,-2
4/23/2025 2:00,-2
4/23/2025 2:15,-1
4/23/2025 2:30,-2
4/23/2025 2:45,-2
4/23/2025 3:00,-2
4/23/2025 3:15,-2
4/23/2025 3:30,-2
4/23/2025 3:45,-2
4/23/2025 4:00,-2
4/23/2025 4:15,-2
4/23/2025 4:30,-2
4/23/2025 4:45,-1
4/23/2025 5:00,-1
4/23/2025 5:15,-1
4/23/2025 5:30,-1
4/23/2025 5:45,-1
4/23/2025 6:00,-2
4/23/2025 6:15,-2
4/23/2025 6:30,-11
4/23/2025 6:45,-62
4/23/2025 7:00,-188
4/23/2025 7:15,-427
4/23/2025 7:30,-674
4/23/2025 7:45,-894
4/23/2025 8:00,-1111
4/23/2025 8:15,-1282
4/23/2025 8:30,-1346
4/23/2025 8:45,-1395
4/23/2025 9:00,-1453
4/23/2025 9:15,-1503
4/23/2025 9:30,-1545
4/23/2025 9:45,-1581
4/23/2025 10:00,-1616
4/23/2025 10:15,-1642
4/23/2025 10:30,-1607
4/23/2025 10:45,-1658
4/23/2025 11:00,-1558
4/23/2025 11:15,-1667
4/23/2025 11:30,-1673
4/23/2025 11:45,-1587
4/23/2025 12:00,-1651
4/23/2025 12:15,-1670
4/23/2025 12:30,-1621
4/23/2025 12:45,-1670
4/23/2025 13:00,-1665
4/23/2025 13:15,-1670
4/23/2025 13:30,-1531
4/23/2025 13:45,-1535
4/23/2025 14:00,-1387
4/23/2025 14:15,-1602
4/23/2025 14:30,-1631
4/23/2025 14:45,-1600
4/23/2025 15:00,-400
4/23/2025 15:15,-1606
4/23/2025 15:30,-1602
4/23/2025 15:45,-1591
4/23/2025 16:00,-1578
4/23/2025 16:15,-1560
4/23/2025 16:30,-1524
4/23/2025 16:45,-1484
4/23/2025 17:00,-1441
4/23/2025 17:15,-1394
4/23/2025 17:30,-1344
4/23/2025 17:45,-1288
4/23/2025 18:00,-1206
4/23/2025 18:15,-991
4/23/2025 18:30,-742
4/23/2025 18:45,-518
4/23/2025 19:00,-320
4/23/2025 19:15,-174
4/23/2025 19:45,-19
4/23/2025 20:00,-4
4/23/2025 20:15,-3
4/23/2025 20:30,-3
4/23/2025 20:45,-2
4/23/2025 21:00,-2
4/23/2025 21:15,-3
4/23/2025 21:30,-2
4/23/2025 21:45,-2
4/23/2025 22:00,-2
4/23/2025 22:15,-3
4/23/2025 22:30,-2
4/23/2025 22:45,-2
4/23/2025 23:00,-3
4/23/2025 23:15,-3
4/23/2025 23:30,-3
4/23/2025 23:45,-1
4/24/2025 0:00,-1
4/24/2025 0:15,-1
4/24/2025 0:30,-1
4/24/2025 0:45,-2
4/24/2025 1:00,-2
4/24/2025 1:15,-2
4/24/2025 1:30,-2
4/24/2025 1:45,-2
4/24/2025 2:00,-2
4/24/2025 2:15,-2
4/24/2025 2:30,-2
4/24/2025 2:45,-1
4/24/2025 3:00,-1
4/24/2025 3:15,-1
4/24/2025 3:30,-1
4/24/2025 3:45,-1
4/24/2025 4:00,-1
4/24/2025 4:15,-1
4/24/2025 4:30,-1
4/24/2025 4:45,-1
4/24/2025 5:00,-1
4/24/2025 5:15,-1
4/24/2025 5:30,-1
4/24/2025 5:45,-2
4/24/2025 6:00,-1
4/24/2025 6:15,-2
4/24/2025 6:30,-14
4/24/2025 6:45,-79
4/24/2025 7:00,-222
4/24/2025 7:15,-448
4/24/2025 7:30,-684
4/24/2025 7:45,-909
4/24/2025 8:00,-1110
4/24/2025 8:15,-1283
4/24/2025 8:30,-1342
4/24/2025 8:45,-1398
4/24/2025 9:00,-1455
4/24/2025 9:15,-1505
4/24/2025 9:30,-1548
4/24/2025 9:45,-1585
4/24/2025 10:00,-1619
4/24/2025 10:15,-1648
4/24/2025 10:30,-1661
4/24/2025 10:45,-1603
4/24/2025 11:00,-1671
4/24/2025 11:15,-1611
4/24/2025 11:30,-1658
4/24/2025 11:45,-1671
4/24/2025 12:00,-1213
4/24/2025 12:15,-1674
4/24/2025 12:30,-1658
4/24/2025 12:45,-1508
4/24/2025 13:00,-1595
4/24/2025 13:15,-1597
4/24/2025 13:30,-1569
4/24/2025 13:45,-1612
4/24/2025 14:00,-1544
4/24/2025 14:15,-1482
4/24/2025 14:30,-1627
4/24/2025 14:45,-1577
4/24/2025 15:00,-1588
4/24/2025 15:15,-1556
4/24/2025 15:30,-1587
4/24/2025 15:45,-1586
4/24/2025 16:00,-1574
4/24/2025 16:15,-1553
4/24/2025 16:30,-1525
4/24/2025 16:45,-1479
4/24/2025 17:00,-1440
4/24/2025 17:15,-1392
4/24/2025 17:30,-1343
4/24/2025 17:45,-1288
4/24/2025 18:00,-1211
4/24/2025 18:15,-1010
4/24/2025 18:30,-732
4/24/2025 18:45,-485
4/24/2025 19:00,-266
4/24/2025 19:15,-186
4/24/2025 19:30,-84
4/24/2025 19:45,-23
4/24/2025 20:00,-2
4/24/2025 20:15,-2
4/24/2025 20:30,-3
4/24/2025 20:45,-2
4/24/2025 21:00,-3
4/24/2025 21:15,-2
4/24/2025 21:30,-2
4/24/2025 21:45,-2
4/24/2025 22:00,-2
4/24/2025 22:15,-2
4/24/2025 22:30,-2
4/24/2025 22:45,-2
4/24/2025 23:00,-1
4/24/2025 23:15,-2
4/24/2025 23:30,-1
4/24/2025 23:45,-2
4/25/2025 0:00,-2
4/25/2025 0:15,-2
4/25/2025 0:30,-2
4/25/2025 0:45,-2
4/25/2025 1:00,-2
4/25/2025 1:15,-1
4/25/2025 1:30,-2
4/25/2025 1:45,-1
4/25/2025 2:00,-2
4/25/2025 2:15,-2
4/25/2025 2:30,-2
4/25/2025 2:45,-2
4/25/2025 3:00,-2
4/25/2025 3:15,-2
4/25/2025 3:30,-2
4/25/2025 3:45,-2
4/25/2025 4:00,-2
4/25/2025 4:15,-2
4/25/2025 4:30,-1
4/25/2025 4:45,-1
4/25/2025 5:00,-1
4/25/2025 5:15,-1
4/25/2025 5:30,-1
4/25/2025 5:45,-1
4/25/2025 6:00,-1
4/25/2025 6:15,-1
4/25/2025 6:30,-12
4/25/2025 6:45,-72
4/25/2025 7:00,-264
4/25/2025 7:15,-444
4/25/2025 7:30,-282
4/25/2025 7:45,-276
4/25/2025 8:00,-322
4/25/2025 8:15,-437
4/25/2025 8:30,-553
4/25/2025 8:45,-668
4/25/2025 9:00,-801
4/25/2025 9:15,-649
4/25/2025 9:30,-1389
4/25/2025 9:45,-761
4/25/2025 10:00,-875
4/25/2025 10:15,-1193
4/25/2025 10:30,-1518
4/25/2025 10:45,-1654
4/25/2025 11:00,-1661
4/25/2025 11:15,-1477
4/25/2025 11:30,-1667
4/25/2025 11:45,-1534
4/25/2025 12:00,-1550
4/25/2025 12:15,-1620
4/25/2025 12:30,-1546
4/25/2025 12:45,-1504
4/25/2025 13:00,-1649
4/25/2025 13:15,-623
4/25/2025 13:30,-1079
4/25/2025 13:45,-1516
4/25/2025 14:00,-1656
4/25/2025 14:15,-1543
4/25/2025 14:30,-1496
4/25/2025 14:45,-1449
4/25/2025 15:00,-1460
4/25/2025 15:15,-1411
4/25/2025 15:30,-1501
4/25/2025 15:45,-1586
4/25/2025 16:00,-1497
4/25/2025 16:15,-1512
4/25/2025 16:30,-1528
4/25/2025 16:45,-1482
4/25/2025 17:00,-1439
4/25/2025 17:15,-1397
4/25/2025 17:30,-1160
4/25/2025 17:45,-1088
4/25/2025 18:00,-1248
4/25/2025 18:15,-598
4/25/2025 18:30,-453
4/25/2025 18:45,-244
4/25/2025 19:00,-165
4/25/2025 19:15,-119
4/25/2025 19:30,-65
4/25/2025 19:45,-20
4/25/2025 20:00,-4
4/25/2025 20:15,-2
4/25/2025 20:30,-2
4/25/2025 20:45,-4
4/25/2025 21:00,-3
4/25/2025 21:15,-2
4/25/2025 21:30,-3
4/25/2025 21:45,-2
4/25/2025 22:00,-3
4/25/2025 22:15,-3
4/25/2025 22:30,-3
4/25/2025 22:45,-2
4/25/2025 23:00,-2
4/25/2025 23:15,-2
4/25/2025 23:30,-3
4/25/2025 23:45,-2
4/26/2025 0:00,-2
4/26/2025 0:15,-2
4/26/2025 0:30,-2
4/26/2025 0:45,-2
4/26/2025 1:00,-2
4/26/2025 1:15,-1
4/26/2025 1:30,-2
4/26/2025 1:45,-1
4/26/2025 2:00,-1
4/26/2025 2:15,-2
4/26/2025 2:30,-2
4/26/2025 2:45,-2
4/26/2025 3:00,-2
4/26/2025 3:15,-2
4/26/2025 3:30,-2
4/26/2025 3:45,-2
4/26/2025 4:00,-2
4/26/2025 4:15,-2
4/26/2025 4:30,-2
4/26/2025 4:45,-2
4/26/2025 5:00,-2
4/26/2025 5:15,-1
4/26/2025 5:30,-2
4/26/2025 5:45,-2
4/26/2025 6:00,-1
4/26/2025 6:15,-3
4/26/2025 6:30,-24
4/26/2025 6:45,-99
4/26/2025 7:00,-259
4/26/2025 7:15,-480
4/26/2025 7:30,-704
4/26/2025 7:45,-918
4/26/2025 8:00,-1125
4/26/2025 8:15,-1287
4/26/2025 8:30,-1345
4/26/2025 8:45,-1404
4/26/2025 9:00,-1453
4/26/2025 9:15,-1500
4/26/2025 9:30,-1548
4/26/2025 9:45,-1465
4/26/2025 10:00,-1415
4/26/2025 10:15,-1387
4/26/2025 10:30,-1344
4/26/2025 10:45,-1353
4/26/2025 11:00,-1379
4/26/2025 11:15,-1294
4/26/2025 11:30,-1267
4/26/2025 11:45,-1287
4/26/2025 12:00,-1171
4/26/2025 12:15,-1193
4/26/2025 12:30,-1173
4/26/2025 12:45,-1318
4/26/2025 13:00,-1301
4/26/2025 13:15,-1265
4/26/2025 13:30,-1205
4/26/2025 13:45,-1152
4/26/2025 14:00,-1159
4/26/2025 14:15,-1101
4/26/2025 14:30,-1190
4/26/2025 14:45,-1246
4/26/2025 15:00,-1143
4/26/2025 15:15,-1201
4/26/2025 15:30,-1250
4/26/2025 15:45,-1287
4/26/2025 16:00,-1294
4/26/2025 16:15,-1428
4/26/2025 16:30,-1518
4/26/2025 16:45,-1485
4/26/2025 17:00,-1442
4/26/2025 17:15,-1392
4/26/2025 17:30,-1341
4/26/2025 17:45,-1287
4/26/2025 18:00,-1215
4/26/2025 18:15,-1003
4/26/2025 18:30,-755
4/26/2025 18:45,-504
4/26/2025 19:00,-336
4/26/2025 19:15,-193
4/26/2025 19:30,-83
4/26/2025 19:45,-26
4/26/2025 20:00,-4
4/26/2025 20:15,-2
4/26/2025 20:30,-2
4/26/2025 20:45,-2
4/26/2025 21:00,-2
4/26/2025 21:15,-2
4/26/2025 21:30,-3
4/26/2025 21:45,-2
4/26/2025 22:00,-2
4/26/2025 22:15,-2
4/26/2025 22:30,-3
4/26/2025 22:45,-3
4/26/2025 23:00,-3
4/26/2025 23:15,-1
4/26/2025 23:30,-1
4/26/2025 23:45,-1
4/27/2025 0:00,-1
4/27/2025 0:15,-2
4/27/2025 0:30,-1
4/27/2025 0:45,-1
4/27/2025 1:00,-1
4/27/2025 1:15,-2
4/27/2025 1:30,-2
4/27/2025 1:45,-2
4/27/2025 2:00,-1
4/27/2025 2:15,-2
4/27/2025 2:30,-1
4/27/2025 2:45,-2
4/27/2025 3:00,-1
4/27/2025 3:15,-2
4/27/2025 3:30,-2
4/27/2025 3:45,-1
4/27/2025 4:00,-2
4/27/2025 4:15,-2
4/27/2025 4:30,-1
4/27/2025 4:45,-1
4/27/2025 5:00,-1
4/27/2025 5:15,-1
4/27/2025 5:30,-1
4/27/2025 5:45,-1
4/27/2025 6:00,-1
4/27/2025 6:15,-2
4/27/2025 6:30,-20
4/27/2025 6:45,-101
4/27/2025 7:00,-255
4/27/2025 7:15,-479
4/27/2025 7:30,-713
4/27/2025 7:45,-923
4/27/2025 8:00,-1144
4/27/2025 8:15,-1291
4/27/2025 8:30,-1348
4/27/2025 8:45,-1402
4/27/2025 9:00,-1454
4/27/2025 9:15,-1501
4/27/2025 9:30,-1549
4/27/2025 9:45,-1419
4/27/2025 10:00,-1304
4/27/2025 10:15,-1432
4/27/2025 10:30,-1387
4/27/2025 10:45,-1471
4/27/2025 11:00,-1199
4/27/2025 11:15,-1268
4/27/2025 11:30,-1286
4/27/2025 11:45,-1294
4/27/2025 12:00,-1386
4/27/2025 12:15,-1556
4/27/2025 12:30,-1428
4/27/2025 12:45,-1333
4/27/2025 13:00,-1343
4/27/2025 13:15,-1227
4/27/2025 13:30,-1540
4/27/2025 13:45,-1465
4/27/2025 14:00,-1407
4/27/2025 14:15,-1162
4/27/2025 14:30,-1266
4/27/2025 14:45,-1132
4/27/2025 15:00,-977
4/27/2025 15:15,-812
4/27/2025 15:30,-558
4/27/2025 15:45,-453
4/27/2025 16:00,-351
4/27/2025 16:15,-328
4/27/2025 16:30,-423
4/27/2025 16:45,-520
4/27/2025 17:00,-533
4/27/2025 17:15,-457
4/27/2025 17:30,-531
4/27/2025 17:45,-482
4/27/2025 18:00,-243
4/27/2025 18:15,-267
4/27/2025 18:30,-538
4/27/2025 18:45,-754
4/27/2025 19:00,-367
4/27/2025 19:15,-202
4/27/2025 19:30,-62
4/27/2025 19:45,-18
4/27/2025 20:00,-2
4/27/2025 20:15,-2
4/27/2025 20:30,-2
4/27/2025 20:45,-2
4/27/2025 21:00,-2
4/27/2025 21:15,-2
4/27/2025 21:30,-2
4/27/2025 21:45,-2
4/27/2025 22:00,-2
4/27/2025 22:15,-2
4/27/2025 22:30,-2
4/27/2025 22:45,-1
4/27/2025 23:00,-2
4/27/2025 23:15,-2
4/27/2025 23:30,-2
4/27/2025 23:45,-1
4/28/2025 0:00,-2
4/28/2025 0:15,-1
4/28/2025 0:30,-2
4/28/2025 0:45,-1
4/28/2025 1:00,-1
4/28/2025 1:15,-1
4/28/2025 1:30,-1
4/28/2025 1:45,-1
4/28/2025 2:00,-1
4/28/2025 2:15,-1
4/28/2025 2:30,-1
4/28/2025 2:45,-1
4/28/2025 3:00,-1
4/28/2025 3:15,-1
4/28/2025 3:30,-1
4/28/2025 3:45,-1
4/28/2025 4:00,-1
4/28/2025 4:15,-1
4/28/2025 4:30,-1
4/28/2025 4:45,-1
4/28/2025 5:00,-1
4/28/2025 5:15,-1
4/28/2025 5:30,-1
4/28/2025 5:45,-1
4/28/2025 6:00,-1
4/28/2025 6:15,-2
4/28/2025 6:30,-22
4/28/2025 6:45,-126
4/28/2025 7:00,-299
4/28/2025 7:15,-537
4/28/2025 7:30,-760
4/28/2025 7:45,-989
4/28/2025 8:00,-1204
4/28/2025 8:15,-1308
4/28/2025 8:30,-1367
4/28/2025 8:45,-1422
4/28/2025 9:00,-1476
4/28/2025 9:15,-1527
4/28/2025 9:30,-1571
4/28/2025 9:45,-1613
4/28/2025 10:00,-1648
4/28/2025 10:15,-1662
4/28/2025 10:30,-1669
4/28/2025 10:45,-1671
4/28/2025 11:00,-1670
4/28/2025 11:15,-1673
4/28/2025 11:30,-1672
4/28/2025 11:45,-1671
4/28/2025 12:00,-1662
4/28/2025 12:15,-1629
4/28/2025 12:30,-1671
4/28/2025 12:45,-1669
4/28/2025 13:00,-1671
4/28/2025 13:15,-1670
4/28/2025 13:30,-1660
4/28/2025 13:45,-1631
4/28/2025 14:00,-1642
4/28/2025 14:15,-1488
4/28/2025 14:30,-1610
4/28/2025 14:45,-1607
4/28/2025 15:00,-1595
4/28/2025 15:15,-1472
4/28/2025 15:30,-1579
4/28/2025 15:45,-1557
4/28/2025 16:00,-1576
4/28/2025 16:15,-1514
4/28/2025 16:30,-1545
4/28/2025 16:45,-1500
4/28/2025 17:00,-1453
4/28/2025 17:15,-1412
4/28/2025 17:30,-1363
4/28/2025 17:45,-1309
4/28/2025 18:00,-1251
4/28/2025 18:15,-1074
4/28/2025 18:30,-820
4/28/2025 18:45,-571
4/28/2025 19:00,-109
4/28/2025 19:15,-196
4/28/2025 19:30,-98
4/28/2025 19:45,-25
4/28/2025 20:00,-3
4/28/2025 20:15,-2
4/28/2025 20:30,-2
4/28/2025 20:45,-2
4/28/2025 21:00,-2
4/28/2025 21:15,-2
4/28/2025 21:30,-2
4/28/2025 21:45,-2
4/28/2025 22:00,-2
4/28/2025 22:15,-2
4/28/2025 22:30,-1
4/28/2025 22:45,-2
4/28/2025 23:00,-1
4/28/2025 23:15,-1
4/28/2025 23:30,-1
4/28/2025 23:45,-1
4/29/2025 0:00,-1
4/29/2025 0:15,-2
4/29/2025 0:30,-2
4/29/2025 0:45,-1
4/29/2025 1:00,-2
4/29/2025 1:15,-1
4/29/2025 1:30,-2
4/29/2025 1:45,-1
4/29/2025 2:00,-1
4/29/2025 2:15,-1
4/29/2025 2:30,-1
4/29/2025 2:45,-2
4/29/2025 3:00,-2
4/29/2025 3:15,-2
4/29/2025 3:30,-2
4/29/2025 3:45,-2
4/29/2025 4:00,-1
4/29/2025 4:15,-1
4/29/2025 4:30,-2
4/29/2025 4:45,-2
4/29/2025 5:00,-2
4/29/2025 5:15,-2
4/29/2025 5:30,-2
4/29/2025 5:45,-2
4/29/2025 6:00,-2
4/29/2025 6:15,-3
4/29/2025 6:30,-17
4/29/2025 6:45,-122
4/29/2025 7:00,-131
4/29/2025 7:15,-123
4/29/2025 7:30,-677
4/29/2025 7:45,-189
4/29/2025 8:00,-184
4/29/2025 8:15,-353
4/29/2025 8:30,-641
4/29/2025 8:45,-1496
4/29/2025 9:00,-1583
4/29/2025 9:15,-633
4/29/2025 9:30,-403
4/29/2025 9:45,-1659
4/29/2025 10:00,-1651
4/29/2025 10:15,-1658
4/29/2025 10:30,-718
4/29/2025 10:45,-1658
4/29/2025 11:00,-1641
4/29/2025 11:15,-1644
4/29/2025 11:30,-1652
4/29/2025 11:45,-1626
4/29/2025 12:00,-1611
4/29/2025 12:15,-1623
4/29/2025 12:30,-1621
4/29/2025 12:45,-1653
4/29/2025 13:00,-1632
4/29/2025 13:15,-1651
4/29/2025 13:30,-1641
4/29/2025 13:45,-1538
4/29/2025 14:00,-1479
4/29/2025 14:15,-1618
4/29/2025 14:30,-1634
4/29/2025 14:45,-1627
4/29/2025 15:00,-1612
4/29/2025 15:15,-1571
4/29/2025 15:30,-1591
4/29/2025 15:45,-1585
4/29/2025 16:00,-1571
4/29/2025 16:15,-391
4/29/2025 16:30,-1423
4/29/2025 16:45,-1616
4/29/2025 17:00,-994
4/29/2025 17:15,-1527
4/29/2025 17:30,-424
4/29/2025 17:45,-1452
4/29/2025 18:00,-1352
4/29/2025 18:15,-626
4/29/2025 18:30,-554
4/29/2025 18:45,-206
4/29/2025 19:00,-116
4/29/2025 19:15,-68
4/29/2025 19:30,-47
4/29/2025 19:45,-25
4/29/2025 20:00,-3
4/29/2025 20:15,-2
4/29/2025 20:30,-2
4/29/2025 20:45,-3
4/29/2025 21:00,-2
4/29/2025 21:15,-2
4/29/2025 21:30,-3
4/29/2025 21:45,-2
4/29/2025 22:00,-2
4/29/2025 22:15,-2
4/29/2025 22:30,-2
4/29/2025 22:45,-2
4/29/2025 23:00,-2
4/29/2025 23:15,-2
4/29/2025 23:30,-3
4/29/2025 23:45,-2
4/30/2025 0:00,-2
4/30/2025 0:15,-2
4/30/2025 0:30,-2
4/30/2025 0:45,-2
4/30/2025 1:00,-2
4/30/2025 1:15,-1
4/30/2025 1:30,-1
4/30/2025 1:45,-1
4/30/2025 2:00,-1
4/30/2025 2:15,-1
4/30/2025 2:30,-1
4/30/2025 2:45,-1
4/30/2025 3:00,-1
4/30/2025 3:15,-1
4/30/2025 3:30,-1
4/30/2025 3:45,-1
4/30/2025 4:00,-1
4/30/2025 4:15,-1
4/30/2025 4:30,-1
4/30/2025 4:45,-1
4/30/2025 5:00,-1
4/30/2025 5:15,-2
4/30/2025 5:30,-1
4/30/2025 5:45,-1
4/30/2025 6:00,-1
4/30/2025 6:15,-1
4/30/2025 6:30,-27
4/30/2025 6:45,-136
4/30/2025 7:00,-309
4/30/2025 7:15,-520
4/30/2025 7:30,-750
4/30/2025 7:45,-965
4/30/2025 8:00,-1177
4/30/2025 8:15,-1302
4/30/2025 8:30,-1361
4/30/2025 8:45,-1416
4/30/2025 9:00,-1468
4/30/2025 9:15,-1514
4/30/2025 9:30,-1561
4/30/2025 9:45,-1599
4/30/2025 10:00,-1634
4/30/2025 10:15,-1639
4/30/2025 10:30,-1657
4/30/2025 10:45,-1609
4/30/2025 11:00,-643
4/30/2025 11:15,-1667
4/30/2025 11:30,-1672
4/30/2025 11:45,-1672
4/30/2025 12:00,-1672
4/30/2025 12:15,-1671
4/30/2025 12:30,-1595
4/30/2025 12:45,-1671
4/30/2025 13:00,-1641
4/30/2025 13:15,-1673
4/30/2025 13:30,-1664
4/30/2025 13:45,-1114
4/30/2025 14:00,-1587
4/30/2025 14:15,-769
4/30/2025 14:30,-722
4/30/2025 14:45,-1650
4/30/2025 15:00,-1646
4/30/2025 15:15,-1624
4/30/2025 15:30,-1624
4/30/2025 15:45,-1611
4/30/2025 16:00,-1599
4/30/2025 16:15,-1582
4/30/2025 16:30,-1572
4/30/2025 16:45,-1521
4/30/2025 17:00,-1481
4/30/2025 17:15,-1420
4/30/2025 17:30,-1362
4/30/2025 17:45,-1313
4/30/2025 18:00,-1249
4/30/2025 18:15,-1076
4/30/2025 18:30,-850
4/30/2025 18:45,-573
4/30/2025 19:00,-389
4/30/2025 19:15,-253
4/30/2025 19:30,-52
4/30/2025 19:45,-22
4/30/2025 20:00,-2
4/30/2025 20:15,-2
4/30/2025 20:30,-4
4/30/2025 20:45,-3
4/30/2025 21:00,-3
4/30/2025 21:15,-2
4/30/2025 21:30,-2
4/30/2025 21:45,-2
4/30/2025 22:00,-2
4/30/2025 22:15,-2
4/30/2025 22:30,-3
4/30/2025 22:45,-2
4/30/2025 23:00,-2
4/30/2025 23:15,-2
4/30/2025 23:30,-2
4/30/2025 23:45,-2
5/1/2025 0:00,-2
5/1/2025 0:15,-2
5/1/2025 0:30,-1
5/1/2025 0:45,-2
5/1/2025 1:00,-1
5/1/2025 1:15,-2
5/1/2025 1:30,-1
5/1/2025 1:45,-1
5/1/2025 2:00,-1
5/1/2025 2:15,-1
5/1/2025 2:30,-1
5/1/2025 2:45,-1
5/1/2025 3:00,-1
5/1/2025 3:15,-1
5/1/2025 3:30,-1
5/1/2025 3:45,-1
5/1/2025 4:00,-1
5/1/2025 4:15,-1
5/1/2025 4:30,-1
5/1/2025 4:45,-1
5/1/2025 5:00,-1
5/1/2025 5:15,-2
5/1/2025 5:30,-2
5/1/2025 5:45,-1
5/1/2025 6:00,-2
5/1/2025 6:15,-1
5/1/2025 6:30,-25
5/1/2025 6:45,-110
5/1/2025 7:00,-247
5/1/2025 7:15,-189
5/1/2025 7:30,-705
5/1/2025 7:45,-987
5/1/2025 8:00,-929
5/1/2025 8:15,-639
5/1/2025 8:30,-491
5/1/2025 8:45,-637
5/1/2025 9:00,-704
5/1/2025 9:15,-1049
5/1/2025 9:30,-858
5/1/2025 9:45,-892
5/1/2025 10:00,-871
5/1/2025 10:15,-955
5/1/2025 10:30,-1545
5/1/2025 10:45,-1672
5/1/2025 11:00,-1430
5/1/2025 11:15,-1165
5/1/2025 11:30,-870
5/1/2025 11:45,-805
5/1/2025 12:00,-1673
5/1/2025 12:15,-1542
5/1/2025 12:30,-1605
5/1/2025 12:45,-478
5/1/2025 13:00,-1509
5/1/2025 13:15,-414
5/1/2025 13:30,-398
5/1/2025 13:45,-667
5/1/2025 14:00,-446
5/1/2025 14:15,-813
5/1/2025 14:30,-696
5/1/2025 14:45,-826
5/1/2025 15:00,-819
5/1/2025 15:15,-273
5/1/2025 15:30,-744
5/1/2025 15:45,-637
5/1/2025 16:00,-856
5/1/2025 16:15,-571
5/1/2025 16:30,-490
5/1/2025 16:45,-508
5/1/2025 17:00,-677
5/1/2025 17:15,-582
5/1/2025 17:30,-589
5/1/2025 17:45,-436
5/1/2025 18:00,-410
5/1/2025 18:15,-407
5/1/2025 18:30,-241
5/1/2025 18:45,-174
5/1/2025 19:00,-162
5/1/2025 19:15,-174
5/1/2025 19:30,-165
5/1/2025 19:45,-62
5/1/2025 20:00,-16
5/1/2025 20:15,-2
5/1/2025 20:30,-4
5/1/2025 20:45,-2
5/1/2025 21:00,-2
5/1/2025 21:15,-2
5/1/2025 21:30,-2
5/1/2025 21:45,-2
5/1/2025 22:00,-2
5/1/2025 22:15,-2
5/1/2025 22:30,-2
5/1/2025 22:45,-2
5/1/2025 23:00,-2
5/1/2025 23:15,-2
5/1/2025 23:30,-2
5/1/2025 23:45,-1
5/2/2025 0:00,-1
5/2/2025 0:15,-1
5/2/2025 0:30,-1
5/2/2025 0:45,-1
5/2/2025 1:00,-2
5/2/2025 1:15,-1
5/2/2025 1:30,-2
5/2/2025 1:45,-2
5/2/2025 2:00,-2
5/2/2025 2:15,-1
5/2/2025 2:30,-2
5/2/2025 2:45,-2
5/2/2025 3:00,-2
5/2/2025 3:15,-2
5/2/2025 3:30,-2
5/2/2025 3:45,-2
5/2/2025 4:00,-2
5/2/2025 4:15,-2
5/2/2025 4:30,-2
5/2/2025 4:45,-2
5/2/2025 5:00,-2
5/2/2025 5:15,-2
5/2/2025 5:30,-2
5/2/2025 5:45,-2
5/2/2025 6:00,-2
5/2/2025 6:15,-2
5/2/2025 6:30,-33
5/2/2025 6:45,-144
5/2/2025 7:00,-323
5/2/2025 7:15,-555
5/2/2025 7:30,-775
5/2/2025 7:45,-1000
5/2/2025 8:00,-1198
5/2/2025 8:15,-1308
5/2/2025 8:30,-1372
5/2/2025 8:45,-1425
5/2/2025 9:00,-1472
5/2/2025 9:15,-1516
5/2/2025 9:30,-1554
5/2/2025 9:45,-1592
5/2/2025 10:00,-1615
5/2/2025 10:15,-1608
5/2/2025 10:30,-1655
5/2/2025 10:45,-1642
5/2/2025 11:00,-1658
5/2/2025 11:15,-1577
5/2/2025 11:30,-1514
5/2/2025 11:45,-1532
5/2/2025 12:00,-1543
5/2/2025 12:15,-1444
5/2/2025 12:30,-1497
5/2/2025 12:45,-1524
5/2/2025 13:00,-1656
5/2/2025 13:15,-1535
5/2/2025 13:30,-1486
5/2/2025 13:45,-1414
5/2/2025 14:00,-1398
5/2/2025 14:15,-1564
5/2/2025 14:30,-1394
5/2/2025 14:45,-1608
5/2/2025 15:00,-1476
5/2/2025 15:15,-1588
5/2/2025 15:30,-1563
5/2/2025 15:45,-1508
5/2/2025 16:00,-1442
5/2/2025 16:15,-1478
5/2/2025 16:30,-1421
5/2/2025 16:45,-1483
5/2/2025 17:00,-1443
5/2/2025 17:15,-1397
5/2/2025 17:30,-1352
5/2/2025 17:45,-1299
5/2/2025 18:00,-1240
5/2/2025 18:15,-1104
5/2/2025 18:30,-876
5/2/2025 18:45,-641
5/2/2025 19:00,-469
5/2/2025 19:15,-289
5/2/2025 19:30,-118
5/2/2025 19:45,-37
5/2/2025 20:00,-11
5/2/2025 20:15,-3
5/2/2025 20:30,-3
5/2/2025 20:45,-3
5/2/2025 21:00,-3
5/2/2025 21:15,-3
5/2/2025 21:30,-3
5/2/2025 21:45,-3
5/2/2025 22:00,-3
5/2/2025 22:15,-3
5/2/2025 22:30,-3
5/2/2025 22:45,-3
5/2/2025 23:00,-2
5/2/2025 23:15,-1
5/2/2025 23:30,-3
5/2/2025 23:45,-3
5/3/2025 0:00,-3
5/3/2025 0:15,-2
5/3/2025 0:30,-2
5/3/2025 0:45,-2
5/3/2025 1:00,-2
5/3/2025 1:15,-2
5/3/2025 1:30,-2
5/3/2025 1:45,-2
5/3/2025 2:00,-2
5/3/2025 2:15,-2
5/3/2025 2:30,-2
5/3/2025 2:45,-1
5/3/2025 3:00,-1
5/3/2025 3:15,-1
5/3/2025 3:30,-1
5/3/2025 3:45,-1
5/3/2025 4:00,-1
5/3/2025 4:15,-2
5/3/2025 4:30,-1
5/3/2025 4:45,-1
5/3/2025 5:00,-1
5/3/2025 5:15,-1
5/3/2025 5:30,-1
5/3/2025 5:45,-2
5/3/2025 6:00,-2
5/3/2025 6:15,-2
5/3/2025 6:30,-45
5/3/2025 6:45,-163
5/3/2025 7:00,-349
5/3/2025 7:15,-588
5/3/2025 7:30,-804
5/3/2025 7:45,-1020
5/3/2025 8:00,-1217
5/3/2025 8:15,-1310
5/3/2025 8:30,-1367
5/3/2025 8:45,-1418
5/3/2025 9:00,-1468
5/3/2025 9:15,-1515
5/3/2025 9:30,-1521
5/3/2025 9:45,-1496
5/3/2025 10:00,-1400
5/3/2025 10:15,-1445
5/3/2025 10:30,-1381
5/3/2025 10:45,-1284
5/3/2025 11:00,-1352
5/3/2025 11:15,-1266
5/3/2025 11:30,-1328
5/3/2025 11:45,-1367
5/3/2025 12:00,-1258
5/3/2025 12:15,-1231
5/3/2025 12:30,-1168
5/3/2025 12:45,-1172
5/3/2025 13:00,-1228
5/3/2025 13:15,-1180
5/3/2025 13:30,-1163
5/3/2025 13:45,-1167
5/3/2025 14:00,-1233
5/3/2025 14:15,-1091
5/3/2025 14:30,-1172
5/3/2025 14:45,-1155
5/3/2025 15:00,-1282
5/3/2025 15:15,-948
5/3/2025 15:30,-1053
5/3/2025 15:45,-954
5/3/2025 16:00,-758
5/3/2025 16:15,-713
5/3/2025 16:30,-737
5/3/2025 16:45,-695
5/3/2025 17:00,-947
5/3/2025 17:15,-918
5/3/2025 17:30,-835
5/3/2025 17:45,-393
5/3/2025 18:00,-160
5/3/2025 18:15,-40
5/3/2025 18:30,-43
5/3/2025 18:45,-90
5/3/2025 19:00,-139
5/3/2025 19:15,-107
5/3/2025 19:30,-59
5/3/2025 19:45,-18
5/3/2025 20:00,-2
5/3/2025 20:15,-3
5/3/2025 20:30,-3
5/3/2025 20:45,-2
5/3/2025 21:00,-2
5/3/2025 21:15,-3
5/3/2025 21:30,-3
5/3/2025 21:45,-2
5/3/2025 22:00,-2
5/3/2025 22:15,-3
5/3/2025 22:30,-2
5/3/2025 22:45,-2
5/3/2025 23:00,-2
5/3/2025 23:15,-2
5/3/2025 23:30,-2
5/3/2025 23:45,-2
5/4/2025 0:00,-3
5/4/2025 0:15,-3
5/4/2025 0:30,-1
5/4/2025 0:45,-2
5/4/2025 1:00,-1
5/4/2025 1:15,-1
5/4/2025 1:30,-2
5/4/2025 1:45,-2
5/4/2025 2:00,-1
5/4/2025 2:15,-1
5/4/2025 2:30,-1
5/4/2025 2:45,-2
5/4/2025 3:00,-2
5/4/2025 3:15,-2
5/4/2025 3:30,-2
5/4/2025 3:45,-2
5/4/2025 4:00,-2
5/4/2025 4:15,-2
5/4/2025 4:30,-2
5/4/2025 4:45,-2
5/4/2025 5:00,-2
5/4/2025 5:15,-2
5/4/2025 5:30,-2
5/4/2025 5:45,-2
5/4/2025 6:00,-2
5/4/2025 6:15,-2
5/4/2025 6:30,-28
5/4/2025 6:45,-69
5/4/2025 7:00,-129
5/4/2025 7:15,-481
5/4/2025 7:30,-163
5/4/2025 7:45,-249
5/4/2025 8:00,-1203
5/4/2025 8:15,-1211
5/4/2025 8:30,-1333
5/4/2025 8:45,-1078
5/4/2025 9:00,-1507
5/4/2025 9:15,-912
5/4/2025 9:30,-941
5/4/2025 9:45,-809
5/4/2025 10:00,-900
5/4/2025 10:15,-417
5/4/2025 10:30,-684
5/4/2025 10:45,-734
5/4/2025 11:00,-1674
5/4/2025 11:15,-646
5/4/2025 11:30,-1142
5/4/2025 11:45,-506
5/4/2025 12:00,-1606
5/4/2025 12:15,-1497
5/4/2025 12:30,-1660
5/4/2025 12:45,-1100
5/4/2025 13:00,-1581
5/4/2025 13:15,-955
5/4/2025 13:30,-504
5/4/2025 13:45,-1461
5/4/2025 14:00,-1123
5/4/2025 14:15,-1178
5/4/2025 14:30,-846
5/4/2025 14:45,-1627
5/4/2025 15:00,-1106
5/4/2025 15:15,-998
5/4/2025 15:30,-832
5/4/2025 15:45,-403
5/4/2025 16:00,-136
5/4/2025 16:15,-1153
5/4/2025 16:30,-372
5/4/2025 16:45,-124
5/4/2025 17:00,-184
5/4/2025 17:15,-110
5/4/2025 17:30,-13
5/4/2025 17:45,-14
5/4/2025 18:00,-20
5/4/2025 18:15,-17
5/4/2025 18:30,-23
5/4/2025 18:45,-30
5/4/2025 19:00,-3
5/4/2025 19:15,-3
5/4/2025 19:30,-2
5/4/2025 19:45,-1
5/4/2025 20:00,-2
5/4/2025 20:15,-2
5/4/2025 20:30,-1
5/4/2025 20:45,-2
5/4/2025 21:00,-1
5/4/2025 21:15,-1
5/4/2025 21:30,-2
5/4/2025 21:45,-2
5/4/2025 22:00,-1
5/4/2025 22:15,-2
5/4/2025 22:30,-2
5/4/2025 22:45,-2
5/4/2025 23:00,-2
5/4/2025 23:15,-1
5/4/2025 23:30,-1
5/4/2025 23:45,-2
5/5/2025 0:00,-2
5/5/2025 0:15,-2
5/5/2025 0:30,-2
5/5/2025 0:45,-2
5/5/2025 1:00,-2
5/5/2025 1:15,-2
5/5/2025 1:30,-2
5/5/2025 1:45,-2
5/5/2025 2:00,-1
5/5/2025 2:15,-2
5/5/2025 2:30,-2
5/5/2025 2:45,-2
5/5/2025 3:00,-2
5/5/2025 3:15,-2
5/5/2025 3:30,-2
5/5/2025 3:45,-2
5/5/2025 4:00,-2
5/5/2025 4:15,-2
5/5/2025 4:30,-2
5/5/2025 4:45,-2
5/5/2025 5:00,-2
5/5/2025 5:15,-2
5/5/2025 5:30,-2
5/5/2025 5:45,-2
5/5/2025 6:00,-2
5/5/2025 6:15,-2
5/5/2025 6:30,-23
5/5/2025 6:45,-51
5/5/2025 7:00,-147
5/5/2025 7:15,-134
5/5/2025 7:30,-121
5/5/2025 7:45,-68
5/5/2025 8:00,-43
5/5/2025 8:15,-39
5/5/2025 8:30,-5
5/5/2025 8:45,-5
5/5/2025 9:00,-5
5/5/2025 9:15,-5
5/5/2025 9:30,-5
5/5/2025 9:45,-5
5/5/2025 10:00,-5
5/5/2025 10:15,-5
5/5/2025 10:30,-5
5/5/2025 10:45,-5
5/5/2025 11:00,-5
5/5/2025 11:15,-4
5/5/2025 11:30,-4
5/5/2025 11:45,-5
5/5/2025 12:00,-5
5/5/2025 12:15,-5
5/5/2025 12:30,-5
5/5/2025 12:45,-5
5/5/2025 13:00,-5
5/5/2025 13:15,-5
5/5/2025 13:30,-5
5/5/2025 13:45,-5
5/5/2025 14:00,-5
5/5/2025 14:15,-5
5/5/2025 14:30,-4
5/5/2025 14:45,-5
5/5/2025 15:00,-5
5/5/2025 15:15,-5
5/5/2025 15:30,-5
5/5/2025 15:45,-5
5/5/2025 16:00,-5
5/5/2025 16:15,-5
5/5/2025 16:30,-5
5/5/2025 16:45,-5
5/5/2025 17:00,-5
5/5/2025 17:15,-5
5/5/2025 17:30,-5
5/5/2025 17:45,-5
5/5/2025 18:00,-5
5/5/2025 18:15,-5
5/5/2025 18:30,-5
5/5/2025 18:45,-5
5/5/2025 19:00,-5
5/5/2025 19:15,-5
5/5/2025 19:30,-5
5/5/2025 19:45,-5
5/5/2025 20:00,-5
5/5/2025 20:15,-5
5/5/2025 20:30,-5
5/5/2025 20:45,-5
5/5/2025 21:00,-5
5/5/2025 21:15,-5
5/5/2025 21:30,-5
5/5/2025 21:45,-5
5/5/2025 22:00,-5
5/5/2025 22:15,-4
5/5/2025 22:30,-5
5/5/2025 22:45,-5
5/5/2025 23:00,-5
5/5/2025 23:15,-4
5/5/2025 23:30,-5
5/5/2025 23:45,-5
5/6/2025 0:00,-5
5/6/2025 0:15,-5
5/6/2025 0:30,-5
5/6/2025 0:45,-5
5/6/2025 1:00,-5
5/6/2025 1:15,-4
5/6/2025 1:30,-5
5/6/2025 1:45,-4
5/6/2025 2:00,-5
5/6/2025 2:15,-4
5/6/2025 2:30,-5
5/6/2025 2:45,-5
5/6/2025 3:00,-6
5/6/2025 3:15,-6
5/6/2025 3:30,-5
5/6/2025 3:45,-5
5/6/2025 4:00,-5
5/6/2025 4:15,-5
5/6/2025 4:30,-5
5/6/2025 4:45,-5
5/6/2025 5:00,-5
5/6/2025 5:15,-5
5/6/2025 5:30,-4
5/6/2025 5:45,-5
5/6/2025 6:00,-5
5/6/2025 6:15,-5
5/6/2025 6:30,-5
5/6/2025 6:45,-6
5/6/2025 7:00,-5
5/6/2025 7:15,-6
5/6/2025 7:30,-6
5/6/2025 7:45,-6
5/6/2025 8:00,-6
5/6/2025 8:15,-6
5/6/2025 8:30,-6
5/6/2025 8:45,-5
5/6/2025 9:00,-5
5/6/2025 9:15,-5
5/6/2025 9:30,-6
5/6/2025 9:45,-5
5/6/2025 10:00,-1
5/6/2025 10:15,-397
5/6/2025 10:30,-483
5/6/2025 10:45,-488
5/6/2025 11:00,-615
5/6/2025 11:15,-663
5/6/2025 11:30,-526
5/6/2025 11:45,-522
5/6/2025 12:00,-488
5/6/2025 12:15,-515
5/6/2025 12:30,-594
5/6/2025 12:45,-564
5/6/2025 13:00,-554
5/6/2025 13:15,-611
5/6/2025 13:30,-641
5/6/2025 13:45,-543
5/6/2025 14:00,-616
5/6/2025 14:15,-698
5/6/2025 14:30,-762
5/6/2025 14:45,-837
5/6/2025 15:00,-994
5/6/2025 15:15,-791
5/6/2025 15:30,-983
5/6/2025 15:45,-572
5/6/2025 16:00,-712
5/6/2025 16:15,-520
5/6/2025 16:30,-431
5/6/2025 16:45,-526
5/6/2025 17:00,-996
5/6/2025 17:15,-1008
5/6/2025 17:30,-652
5/6/2025 17:45,-461
5/6/2025 18:00,-701
5/6/2025 18:15,-296
5/6/2025 18:30,-494
5/6/2025 18:45,-376
5/6/2025 19:00,-309
5/6/2025 19:15,-140
5/6/2025 19:30,-97
5/6/2025 19:45,-24
5/6/2025 20:00,-9
5/6/2025 20:15,-2
5/6/2025 20:30,-2
5/6/2025 20:45,-2
5/6/2025 21:00,-2
5/6/2025 21:15,-2
5/6/2025 21:30,-2
5/6/2025 21:45,-2
5/6/2025 22:00,-2
5/6/2025 22:15,-2
5/6/2025 22:30,-2
5/6/2025 22:45,-2
5/6/2025 23:00,-2
5/6/2025 23:15,-2
5/6/2025 23:30,-2
5/6/2025 23:45,-2
5/7/2025 0:00,-2
5/7/2025 0:15,-2
5/7/2025 0:30,-2
5/7/2025 0:45,-2
5/7/2025 1:00,-2
5/7/2025 1:15,-2
5/7/2025 1:30,-2
5/7/2025 1:45,-2
5/7/2025 2:00,-2
5/7/2025 2:15,-2
5/7/2025 2:30,-2
5/7/2025 2:45,-2
5/7/2025 3:00,-2
5/7/2025 3:15,-2
5/7/2025 3:30,-2
5/7/2025 3:45,-2
5/7/2025 4:00,-2
5/7/2025 4:15,-2
5/7/2025 4:30,-2
5/7/2025 4:45,-2
5/7/2025 5:00,-2
5/7/2025 5:15,-2
5/7/2025 5:30,-2
5/7/2025 5:45,-2
5/7/2025 6:00,-2
5/7/2025 6:15,-4
5/7/2025 6:30,-36
5/7/2025 6:45,-166
5/7/2025 7:00,-368
5/7/2025 7:15,-383
5/7/2025 7:30,-650
5/7/2025 7:45,-1033
5/7/2025 8:00,-1276
5/7/2025 8:15,-1351
5/7/2025 8:30,-1428
5/7/2025 8:45,-1474
5/7/2025 9:00,-1498
5/7/2025 9:15,-1525
5/7/2025 9:30,-1579
5/7/2025 9:45,-1597
5/7/2025 10:00,-1625
5/7/2025 10:15,-1657
5/7/2025 10:30,-1666
5/7/2025 10:45,-1661
5/7/2025 11:00,-1659
5/7/2025 11:15,-1657
5/7/2025 11:30,-1653
5/7/2025 11:45,-1648
5/7/2025 12:00,-1664
5/7/2025 12:15,-1576
5/7/2025 12:30,-1524
5/7/2025 12:45,-1456
5/7/2025 13:00,-909
5/7/2025 13:15,-686
5/7/2025 13:30,-520
5/7/2025 13:45,-1635
5/7/2025 14:00,-1452
5/7/2025 14:15,-1640
5/7/2025 14:30,-1621
5/7/2025 14:45,-789
5/7/2025 15:00,-1528
5/7/2025 15:15,-1279
5/7/2025 15:30,-1558
5/7/2025 15:45,-1290
5/7/2025 16:00,-1612
5/7/2025 16:15,-1594
5/7/2025 16:30,-1593
5/7/2025 16:45,-613
5/7/2025 17:00,-660
5/7/2025 17:15,-1510
5/7/2025 17:30,-228
5/7/2025 17:45,-118
5/7/2025 18:00,-55
5/7/2025 18:15,-38
5/7/2025 18:30,-37
5/7/2025 18:45,-37
5/7/2025 19:00,-18
5/7/2025 19:15,-14
5/7/2025 19:30,-18
5/7/2025 19:45,-15
5/7/2025 20:00,-3
5/7/2025 20:15,-3
5/7/2025 20:30,-2
5/7/2025 20:45,-1
5/7/2025 21:00,-2
5/7/2025 21:15,-3
5/7/2025 21:30,-3
5/7/2025 21:45,-3
5/7/2025 22:00,-3
5/7/2025 22:15,-3
5/7/2025 22:30,-3
5/7/2025 22:45,-3
5/7/2025 23:00,-3
5/7/2025 23:15,-2
5/7/2025 23:30,-2
5/7/2025 23:45,-2
5/8/2025 0:00,-2
5/8/2025 0:15,-2
5/8/2025 0:30,-2
5/8/2025 0:45,-2
5/8/2025 1:00,-2
5/8/2025 1:15,-2
5/8/2025 1:30,-1
5/8/2025 1:45,-2
5/8/2025 2:00,-2
5/8/2025 2:15,-2
5/8/2025 2:30,-2
5/8/2025 2:45,-2
5/8/2025 3:00,-2
5/8/2025 3:15,-2
5/8/2025 3:30,-2
5/8/2025 3:45,-2
5/8/2025 4:00,-2
5/8/2025 4:15,-2
5/8/2025 4:30,-2
5/8/2025 4:45,-2
5/8/2025 5:00,-2
5/8/2025 5:15,-2
5/8/2025 5:30,-2
5/8/2025 5:45,-2
5/8/2025 6:00,-2
5/8/2025 6:15,-3
5/8/2025 6:30,-81
5/8/2025 6:45,-219
5/8/2025 7:00,-426
5/8/2025 7:15,-639
5/8/2025 7:30,-862
5/8/2025 7:45,-1068
5/8/2025 8:00,-1236
5/8/2025 8:15,-1324
5/8/2025 8:30,-1399
5/8/2025 8:45,-596
5/8/2025 9:00,-1479
5/8/2025 9:15,-1564
5/8/2025 9:30,-889
5/8/2025 9:45,-1118
5/8/2025 10:00,-1661
5/8/2025 10:15,-1113
5/8/2025 10:30,-1658
5/8/2025 10:45,-1666
5/8/2025 11:00,-1628
5/8/2025 11:15,-1642
5/8/2025 11:30,-1542
5/8/2025 11:45,-1646
5/8/2025 12:00,-1221
5/8/2025 12:15,-850
5/8/2025 12:30,-1636
5/8/2025 12:45,-1672
5/8/2025 13:00,-1662
5/8/2025 13:15,-1657
5/8/2025 13:30,-1141
5/8/2025 13:45,-964
5/8/2025 14:00,-359
5/8/2025 14:15,-119
5/8/2025 14:30,-349
5/8/2025 14:45,-560
5/8/2025 15:00,-1444
5/8/2025 15:15,-1558
5/8/2025 15:30,-1457
5/8/2025 15:45,-1427
5/8/2025 16:00,-1552
5/8/2025 16:15,-1574
5/8/2025 16:30,-1564
5/8/2025 16:45,-1583
5/8/2025 17:00,-1518
5/8/2025 17:15,-1413
5/8/2025 17:30,-1358
5/8/2025 17:45,-1339
5/8/2025 18:00,-1335
5/8/2025 18:15,-1033
5/8/2025 18:30,-270
5/8/2025 18:45,-642
5/8/2025 19:00,-491
5/8/2025 19:15,-394
5/8/2025 19:30,-170
5/8/2025 19:45,-57
5/8/2025 20:00,-9
5/8/2025 20:15,-3
5/8/2025 20:30,-2
5/8/2025 20:45,-3
5/8/2025 21:00,-3
5/8/2025 21:15,-3
5/8/2025 21:30,-3
5/8/2025 21:45,-2
5/8/2025 22:00,-3
5/8/2025 22:15,-2
5/8/2025 22:30,-2
5/8/2025 22:45,-2
5/8/2025 23:00,-2
5/8/2025 23:15,-2
5/8/2025 23:30,-1
5/8/2025 23:45,-3
5/9/2025 0:00,-2
5/9/2025 0:15,-2
5/9/2025 0:30,-2
5/9/2025 0:45,-2
5/9/2025 1:00,-2
5/9/2025 1:15,-2
5/9/2025 1:30,-2
5/9/2025 1:45,-2
5/9/2025 2:00,-2
5/9/2025 2:15,-2
5/9/2025 2:30,-2
5/9/2025 2:45,-2
5/9/2025 3:00,-2
5/9/2025 3:15,-2
5/9/2025 3:30,-2
5/9/2025 3:45,-2
5/9/2025 4:00,-2
5/9/2025 4:15,-2
5/9/2025 4:30,-2
5/9/2025 4:45,-2
5/9/2025 5:00,-2
5/9/2025 5:15,-2
5/9/2025 5:30,-2
5/9/2025 5:45,-2
5/9/2025 6:00,-2
5/9/2025 6:15,-14
5/9/2025 6:30,-93
5/9/2025 6:45,-235
5/9/2025 7:00,-437
5/9/2025 7:15,-654
5/9/2025 7:30,-869
5/9/2025 7:45,-1069
5/9/2025 8:00,-1236
5/9/2025 8:15,-1320
5/9/2025 8:30,-1380
5/9/2025 8:45,-1428
5/9/2025 9:00,-1473
5/9/2025 9:15,-1512
5/9/2025 9:30,-1549
5/9/2025 9:45,-1576
5/9/2025 10:00,-1609
5/9/2025 10:15,-1631
5/9/2025 10:30,-1637
5/9/2025 10:45,-1643
5/9/2025 11:00,-1649
5/9/2025 11:15,-1652
5/9/2025 11:30,-1489
5/9/2025 11:45,-1421
5/9/2025 12:00,-1631
5/9/2025 12:15,-1449
5/9/2025 12:30,-1004
5/9/2025 12:45,-825
5/9/2025 13:00,-1488
5/9/2025 13:15,-1150
5/9/2025 13:30,-1433
5/9/2025 13:45,-1434
5/9/2025 14:00,-1368
5/9/2025 14:15,-1483
5/9/2025 14:30,-1641
5/9/2025 14:45,-1636
5/9/2025 15:00,-1653
5/9/2025 15:15,-1567
5/9/2025 15:30,-1628
5/9/2025 15:45,-1610
5/9/2025 16:00,-1616
5/9/2025 16:15,-578
5/9/2025 16:30,-459
5/9/2025 16:45,-410
5/9/2025 17:00,-858
5/9/2025 17:15,-1320
5/9/2025 17:30,-328
5/9/2025 17:45,-426
5/9/2025 18:00,-422
5/9/2025 18:15,-328
5/9/2025 18:30,-329
5/9/2025 18:45,-433
5/9/2025 19:00,-320
5/9/2025 19:15,-120
5/9/2025 19:30,-69
5/9/2025 19:45,-25
5/9/2025 20:00,-2
5/9/2025 20:15,-3
5/9/2025 20:30,-2
5/9/2025 20:45,-3
5/9/2025 21:00,-2
5/9/2025 21:15,-3
5/9/2025 21:30,-3
5/9/2025 21:45,-2
5/9/2025 22:00,-3
5/9/2025 22:15,-3
5/9/2025 22:30,-2
5/9/2025 22:45,-1
5/9/2025 23:00,-2
5/9/2025 23:15,-2
5/9/2025 23:30,-2
5/9/2025 23:45,-2
5/10/2025 0:00,-2
5/10/2025 0:15,-2
5/10/2025 0:30,-2
5/10/2025 0:45,-2
5/10/2025 1:00,-2
5/10/2025 1:15,-2
5/10/2025 1:30,-1
5/10/2025 1:45,-2
5/10/2025 2:00,-2
5/10/2025 2:15,-2
5/10/2025 2:30,-2
5/10/2025 2:45,-2
5/10/2025 3:00,-2
5/10/2025 3:15,-2
5/10/2025 3:30,-2
5/10/2025 3:45,-2
5/10/2025 4:00,-2
5/10/2025 4:15,-2
5/10/2025 4:30,-2
5/10/2025 4:45,-2
5/10/2025 5:00,-2
5/10/2025 5:15,-2
5/10/2025 5:30,-2
5/10/2025 5:45,-2
5/10/2025 6:00,-2
5/10/2025 6:15,-18
5/10/2025 6:30,-92
5/10/2025 6:45,-238
5/10/2025 7:00,-442
5/10/2025 7:15,-657
5/10/2025 7:30,-871
5/10/2025 7:45,-1072
5/10/2025 8:00,-1237
5/10/2025 8:15,-1318
5/10/2025 8:30,-1371
5/10/2025 8:45,-1421
5/10/2025 9:00,-1467
5/10/2025 9:15,-1511
5/10/2025 9:30,-1407
5/10/2025 9:45,-1440
5/10/2025 10:00,-1536
5/10/2025 10:15,-1498
5/10/2025 10:30,-1403
5/10/2025 10:45,-1448
5/10/2025 11:00,-1519
5/10/2025 11:15,-1509
5/10/2025 11:30,-1480
5/10/2025 11:45,-1481
5/10/2025 12:00,-1386
5/10/2025 12:15,-1321
5/10/2025 12:30,-1332
5/10/2025 12:45,-1230
5/10/2025 13:00,-1304
5/10/2025 13:15,-1211
5/10/2025 13:30,-1144
5/10/2025 13:45,-1159
5/10/2025 14:00,-1157
5/10/2025 14:15,-1277
5/10/2025 14:30,-1218
5/10/2025 14:45,-1220
5/10/2025 15:00,-1259
5/10/2025 15:15,-1350
5/10/2025 15:30,-1476
5/10/2025 15:45,-1279
5/10/2025 16:00,-1386
5/10/2025 16:15,-1543
5/10/2025 16:30,-1518
5/10/2025 16:45,-1301
5/10/2025 17:00,-523
5/10/2025 17:15,-493
5/10/2025 17:30,-302
5/10/2025 17:45,-279
5/10/2025 18:00,-269
5/10/2025 18:15,-235
5/10/2025 18:30,-226
5/10/2025 18:45,-230
5/10/2025 19:00,-182
5/10/2025 19:15,-79
5/10/2025 19:30,-54
5/10/2025 19:45,-58
5/10/2025 20:00,-28
5/10/2025 20:15,-3
5/10/2025 20:30,-2
5/10/2025 20:45,-2
5/10/2025 21:00,-2
5/10/2025 21:15,-3
5/10/2025 21:30,-1
5/10/2025 21:45,-2
5/10/2025 22:00,-2
5/10/2025 22:15,-3
5/10/2025 22:30,-3
5/10/2025 22:45,-2
5/10/2025 23:00,-2
5/10/2025 23:15,-2
5/10/2025 23:30,-2
5/10/2025 23:45,-2
5/11/2025 0:00,-2
5/11/2025 0:15,-3
5/11/2025 0:30,-2
5/11/2025 0:45,-2
5/11/2025 1:00,-2
5/11/2025 1:15,-2
5/11/2025 1:30,-2
5/11/2025 1:45,-2
5/11/2025 2:00,-2
5/11/2025 2:15,-2
5/11/2025 2:30,-2
5/11/2025 2:45,-2
5/11/2025 3:00,-2
5/11/2025 3:15,-2
5/11/2025 3:30,-2
5/11/2025 3:45,-2
5/11/2025 4:00,-2
5/11/2025 4:15,-2
5/11/2025 4:30,-2
5/11/2025 4:45,-2
5/11/2025 5:00,-2
5/11/2025 5:15,-2
5/11/2025 5:30,-2
5/11/2025 5:45,-2
5/11/2025 6:00,-3
5/11/2025 6:15,-19
5/11/2025 6:30,-114
5/11/2025 6:45,-264
5/11/2025 7:00,-463
5/11/2025 7:15,-687
5/11/2025 7:30,-882
5/11/2025 7:45,-1095
5/11/2025 8:00,-1262
5/11/2025 8:15,-1331
5/11/2025 8:30,-1442
5/11/2025 8:45,-1515
5/11/2025 9:00,-1489
5/11/2025 9:15,-1522
5/11/2025 9:30,-1422
5/11/2025 9:45,-1402
5/11/2025 10:00,-1351
5/11/2025 10:15,-1484
5/11/2025 10:30,-1421
5/11/2025 10:45,-1283
5/11/2025 11:00,-1324
5/11/2025 11:15,-1327
5/11/2025 11:30,-1402
5/11/2025 11:45,-1368
5/11/2025 12:00,-1282
5/11/2025 12:15,-1214
5/11/2025 12:30,-1303
5/11/2025 12:45,-1267
5/11/2025 13:00,-1255
5/11/2025 13:15,-1396
5/11/2025 13:30,-1300
5/11/2025 13:45,-1285
5/11/2025 14:00,-1198
5/11/2025 14:15,-1589
5/11/2025 14:30,-1566
5/11/2025 14:45,-1353
5/11/2025 15:00,-1029
5/11/2025 15:15,-1250
5/11/2025 15:30,-1417
5/11/2025 15:45,-1341
5/11/2025 16:00,-805
5/11/2025 16:15,-1460
5/11/2025 16:30,-1540
5/11/2025 16:45,-1484
5/11/2025 17:00,-1448
5/11/2025 17:15,-695
5/11/2025 17:30,-1433
5/11/2025 17:45,-1270
5/11/2025 18:00,-244
5/11/2025 18:15,-1135
5/11/2025 18:30,-933
5/11/2025 18:45,-650
5/11/2025 19:00,-463
5/11/2025 19:15,-285
5/11/2025 19:30,-158
5/11/2025 19:45,-62
5/11/2025 20:00,-20
5/11/2025 20:15,-4
5/11/2025 20:30,-3
5/11/2025 20:45,-3
5/11/2025 21:00,-3
5/11/2025 21:15,-2
5/11/2025 21:30,-3
5/11/2025 21:45,-3
5/11/2025 22:00,-3
5/11/2025 22:15,-3
5/11/2025 22:30,-3
5/11/2025 22:45,-3
5/11/2025 23:00,-3
5/11/2025 23:15,-3
5/11/2025 23:30,-3
5/11/2025 23:45,-3
5/12/2025 0:00,-3
5/12/2025 0:15,-3
5/12/2025 0:30,-2
5/12/2025 0:45,-2
5/12/2025 1:00,-2
5/12/2025 1:15,-2
5/12/2025 1:30,-2
5/12/2025 1:45,-2
5/12/2025 2:00,-3
5/12/2025 2:15,-2
5/12/2025 2:30,-2
5/12/2025 2:45,-1
5/12/2025 3:00,-2
5/12/2025 3:15,-1
5/12/2025 3:30,-2
5/12/2025 3:45,-2
5/12/2025 4:00,-2
5/12/2025 4:15,-1
5/12/2025 4:30,-2
5/12/2025 4:45,-2
5/12/2025 5:00,-2
5/12/2025 5:15,-2
5/12/2025 5:30,-2
5/12/2025 5:45,-1
5/12/2025 6:00,-2
5/12/2025 6:15,-20
5/12/2025 6:30,-99
5/12/2025 6:45,-245
5/12/2025 7:00,-453
5/12/2025 7:15,-672
5/12/2025 7:30,-882
5/12/2025 7:45,-1080
5/12/2025 8:00,-1242
5/12/2025 8:15,-1327
5/12/2025 8:30,-1382
5/12/2025 8:45,-1432
5/12/2025 9:00,-1482
5/12/2025 9:15,-1524
5/12/2025 9:30,-1564
5/12/2025 9:45,-1597
5/12/2025 10:00,-1628
5/12/2025 10:15,-1647
5/12/2025 10:30,-1658
5/12/2025 10:45,-1520
5/12/2025 11:00,-1670
5/12/2025 11:15,-1671
5/12/2025 11:30,-1670
5/12/2025 11:45,-1627
5/12/2025 12:00,-1669
5/12/2025 12:15,-1671
5/12/2025 12:30,-1670
5/12/2025 12:45,-1670
5/12/2025 13:00,-1668
5/12/2025 13:15,-1501
5/12/2025 13:30,-1630
5/12/2025 13:45,-1575
5/12/2025 14:00,-1597
5/12/2025 14:15,-1634
5/12/2025 14:30,-1629
5/12/2025 14:45,-1528
5/12/2025 15:00,-1586
5/12/2025 15:15,-1592
5/12/2025 15:30,-1592
5/12/2025 15:45,-1572
5/12/2025 16:00,-1569
5/12/2025 16:15,-1552
5/12/2025 16:30,-1527
5/12/2025 16:45,-1484
5/12/2025 17:00,-1446
5/12/2025 17:15,-1404
5/12/2025 17:30,-1363
5/12/2025 17:45,-1339
5/12/2025 18:00,-1317
5/12/2025 18:15,-247
5/12/2025 18:30,-245
5/12/2025 18:45,-445
5/12/2025 19:00,-282
5/12/2025 19:15,-227
5/12/2025 19:30,-191
5/12/2025 19:45,-88
5/12/2025 20:00,-20
5/12/2025 20:15,-3
5/12/2025 20:30,-4
5/12/2025 20:45,-4
5/12/2025 21:00,-4
5/12/2025 21:15,-4
5/12/2025 21:30,-4
5/12/2025 21:45,-3
5/12/2025 22:00,-3
5/12/2025 22:15,-4
5/12/2025 22:30,-3
5/12/2025 22:45,-4
5/12/2025 23:00,-4
5/12/2025 23:15,-3
5/12/2025 23:30,-3
5/12/2025 23:45,-3
5/13/2025 0:00,-3
5/13/2025 0:15,-2
5/13/2025 0:30,-3
5/13/2025 0:45,-2
5/13/2025 1:00,-2
5/13/2025 1:15,-3
5/13/2025 1:30,-3
5/13/2025 1:45,-2
5/13/2025 2:00,-3
5/13/2025 2:15,-3
5/13/2025 2:30,-2
5/13/2025 2:45,-3
5/13/2025 3:00,-3
5/13/2025 3:15,-2
5/13/2025 3:30,-3
5/13/2025 3:45,-3
5/13/2025 4:00,-2
5/13/2025 4:15,-2
5/13/2025 4:30,-3
5/13/2025 4:45,-3
5/13/2025 5:00,-3
5/13/2025 5:15,-3
5/13/2025 5:30,-3
5/13/2025 5:45,-3
5/13/2025 6:00,-3
5/13/2025 6:15,-14
5/13/2025 6:30,-115
5/13/2025 6:45,-284
5/13/2025 7:00,-543
5/13/2025 7:15,-758
5/13/2025 7:30,-435
5/13/2025 7:45,-797
5/13/2025 8:00,-684
5/13/2025 8:15,-1362
5/13/2025 8:30,-1384
5/13/2025 8:45,-1437
5/13/2025 9:00,-1476
5/13/2025 9:15,-1519
5/13/2025 9:30,-1559
5/13/2025 9:45,-1604
5/13/2025 10:00,-1640
5/13/2025 10:15,-1649
5/13/2025 10:30,-1663
5/13/2025 10:45,-1654
5/13/2025 11:00,-1671
5/13/2025 11:15,-1670
5/13/2025 11:30,-621
5/13/2025 11:45,-1661
5/13/2025 12:00,-1648
5/13/2025 12:15,-1639
5/13/2025 12:30,-1392
5/13/2025 12:45,-1672
5/13/2025 13:00,-873
5/13/2025 13:15,-1032
5/13/2025 13:30,-1295
5/13/2025 13:45,-1632
5/13/2025 14:00,-1491
5/13/2025 14:15,-1605
5/13/2025 14:30,-1584
5/13/2025 14:45,-1608
5/13/2025 15:00,-1599
5/13/2025 15:15,-1606
5/13/2025 15:30,-1599
5/13/2025 15:45,-1587
5/13/2025 16:00,-1581
5/13/2025 16:15,-1559
5/13/2025 16:30,-1530
5/13/2025 16:45,-1493
5/13/2025 17:00,-1450
5/13/2025 17:15,-1411
5/13/2025 17:30,-1345
5/13/2025 17:45,-1296
5/13/2025 18:00,-1215
5/13/2025 18:15,-1076
5/13/2025 18:30,-892
5/13/2025 18:45,-654
5/13/2025 19:00,-429
5/13/2025 19:15,-280
5/13/2025 19:30,-171
5/13/2025 19:45,-82
5/13/2025 20:00,-27
5/13/2025 20:15,-4
5/13/2025 20:30,-2
5/13/2025 20:45,-4
5/13/2025 21:00,-2
5/13/2025 21:15,-2
5/13/2025 21:30,-3
5/13/2025 21:45,-3
5/13/2025 22:00,-2
5/13/2025 22:15,-3
5/13/2025 22:30,-3
5/13/2025 22:45,-3
5/13/2025 23:00,-3
5/13/2025 23:15,-3
5/13/2025 23:30,-3
5/13/2025 23:45,-3
5/14/2025 0:00,-3
5/14/2025 0:15,-3
5/14/2025 0:30,-3
5/14/2025 0:45,-3
5/14/2025 1:00,-3
5/14/2025 1:15,-2
5/14/2025 1:30,-2
5/14/2025 1:45,-2
5/14/2025 2:00,-2
5/14/2025 2:15,-2
5/14/2025 2:30,-2
5/14/2025 2:45,-2
5/14/2025 3:00,-2
5/14/2025 3:15,-2
5/14/2025 3:30,-2
5/14/2025 3:45,-2
5/14/2025 4:00,-2
5/14/2025 4:15,-1
5/14/2025 4:30,-1
5/14/2025 4:45,-2
5/14/2025 5:00,-2
5/14/2025 5:15,-2
5/14/2025 5:30,-2
5/14/2025 5:45,-1
5/14/2025 6:00,-1
5/14/2025 6:15,-20
5/14/2025 6:30,-114
5/14/2025 6:45,-322
5/14/2025 7:00,-199
5/14/2025 7:15,-265
5/14/2025 7:30,-495
5/14/2025 7:45,-1276
5/14/2025 8:00,-338
5/14/2025 8:15,-421
5/14/2025 8:30,-459
5/14/2025 8:45,-491
5/14/2025 9:00,-649
5/14/2025 9:15,-1386
5/14/2025 9:30,-828
5/14/2025 9:45,-1488
5/14/2025 10:00,-1651
5/14/2025 10:15,-1423
5/14/2025 10:30,-750
5/14/2025 10:45,-604
5/14/2025 11:00,-720
5/14/2025 11:15,-1643
5/14/2025 11:30,-1656
5/14/2025 11:45,-855
5/14/2025 12:00,-1655
5/14/2025 12:15,-504
5/14/2025 12:30,-1650
5/14/2025 12:45,-1546
5/14/2025 13:00,-1356
5/14/2025 13:15,-951
5/14/2025 13:30,-863
5/14/2025 13:45,-1623
5/14/2025 14:00,-1622
5/14/2025 14:15,-1646
5/14/2025 14:30,-1135
5/14/2025 14:45,-1630
5/14/2025 15:00,-1659
5/14/2025 15:15,-605
5/14/2025 15:30,-1626
5/14/2025 15:45,-1584
5/14/2025 16:00,-1467
5/14/2025 16:15,-497
5/14/2025 16:30,-1225
5/14/2025 16:45,-628
5/14/2025 17:00,-417
5/14/2025 17:15,-1522
5/14/2025 17:30,-1473
5/14/2025 17:45,-1403
5/14/2025 18:00,-1315
5/14/2025 18:15,-172
5/14/2025 18:30,-1152
5/14/2025 18:45,-690
5/14/2025 19:00,-638
5/14/2025 19:15,-459
5/14/2025 19:30,-234
5/14/2025 19:45,-54
5/14/2025 20:00,-17
5/14/2025 20:15,-2
5/14/2025 20:30,-2
5/14/2025 20:45,-2
5/14/2025 21:00,-2
5/14/2025 21:15,-2
5/14/2025 21:30,-2
5/14/2025 21:45,-2
5/14/2025 22:00,-2
5/14/2025 22:15,-2
5/14/2025 22:30,-2
5/14/2025 22:45,-2
5/14/2025 23:00,-1
5/14/2025 23:15,-2
5/14/2025 23:30,-2
5/14/2025 23:45,-2
5/15/2025 0:00,-2
5/15/2025 0:15,-1
5/15/2025 0:30,-1
5/15/2025 0:45,-1
5/15/2025 1:00,-1
5/15/2025 1:15,-1
5/15/2025 1:30,-1
5/15/2025 1:45,-1
5/15/2025 2:00,-1
5/15/2025 2:15,-1
5/15/2025 2:30,-1
5/15/2025 2:45,-1
5/15/2025 3:00,-1
5/15/2025 3:15,-1
5/15/2025 3:30,-1
5/15/2025 3:45,-1
5/15/2025 4:00,-1
5/15/2025 4:15,-1
5/15/2025 4:30,-1
5/15/2025 4:45,-1
5/15/2025 5:00,-1
5/15/2025 5:15,-1
5/15/2025 5:30,-1
5/15/2025 5:45,-1
5/15/2025 6:00,-1
5/15/2025 6:15,-25
5/15/2025 6:30,-140
5/15/2025 6:45,-324
5/15/2025 7:00,-548
5/15/2025 7:15,-774
5/15/2025 7:30,-982
5/15/2025 7:45,-1178
5/15/2025 8:00,-1293
5/15/2025 8:15,-1351
5/15/2025 8:30,-1409
5/15/2025 8:45,-1462
5/15/2025 9:00,-1505
5/15/2025 9:15,-1555
5/15/2025 9:30,-1593
5/15/2025 9:45,-1629
5/15/2025 10:00,-1651
5/15/2025 10:15,-1663
5/15/2025 10:30,-1670
5/15/2025 10:45,-1671
5/15/2025 11:00,-1672
5/15/2025 11:15,-1671
5/15/2025 11:30,-1635
5/15/2025 11:45,-1663
5/15/2025 12:00,-1651
5/15/2025 12:15,-1671
5/15/2025 12:30,-1671
5/15/2025 12:45,-1670
5/15/2025 13:00,-1485
5/15/2025 13:15,-477
5/15/2025 13:30,-1489
5/15/2025 13:45,-1654
5/15/2025 14:00,-1654
5/15/2025 14:15,-1673
5/15/2025 14:30,-591
5/15/2025 14:45,-1641
5/15/2025 15:00,-1621
5/15/2025 15:15,-1627
5/15/2025 15:30,-447
5/15/2025 15:45,-476
5/15/2025 16:00,-1623
5/15/2025 16:15,-411
5/15/2025 16:30,-483
5/15/2025 16:45,-659
5/15/2025 17:00,-1583
5/15/2025 17:15,-373
5/15/2025 17:30,-865
5/15/2025 17:45,-528
5/15/2025 18:00,-285
5/15/2025 18:15,-1159
5/15/2025 18:30,-1073
5/15/2025 18:45,-396
5/15/2025 19:00,-137
5/15/2025 19:15,-394
5/15/2025 19:30,-226
5/15/2025 19:45,-82
5/15/2025 20:00,-21
5/15/2025 20:15,-4
5/15/2025 20:30,-4
5/15/2025 20:45,-2
5/15/2025 21:00,-2
5/15/2025 21:15,-2
5/15/2025 21:30,-2
5/15/2025 21:45,-2
5/15/2025 22:00,-2
5/15/2025 22:15,-2
5/15/2025 22:30,-2
5/15/2025 22:45,-2
5/15/2025 23:00,-1
5/15/2025 23:15,-1
5/15/2025 23:30,-1
5/15/2025 23:45,-1
5/16/2025 0:00,-1
5/16/2025 0:15,-1
5/16/2025 0:30,-1
5/16/2025 0:45,-1
5/16/2025 1:00,-1
5/16/2025 1:15,-2
5/16/2025 1:30,-2
5/16/2025 1:45,-1
5/16/2025 2:00,-1
5/16/2025 2:15,-1
5/16/2025 2:30,-1
5/16/2025 2:45,-1
5/16/2025 3:00,-1
5/16/2025 3:15,-1
5/16/2025 3:30,-1
5/16/2025 3:45,-1
5/16/2025 4:00,-1
5/16/2025 4:15,-1
5/16/2025 4:30,-1
5/16/2025 4:45,-1
5/16/2025 5:00,-1
5/16/2025 5:15,-1
5/16/2025 5:30,-1
5/16/2025 5:45,-1
5/16/2025 6:00,-2
5/16/2025 6:15,-21
5/16/2025 6:30,-122
5/16/2025 6:45,-292
5/16/2025 7:00,-512
5/16/2025 7:15,-724
5/16/2025 7:30,-944
5/16/2025 7:45,-1131
5/16/2025 8:00,-1283
5/16/2025 8:15,-1340
5/16/2025 8:30,-1394
5/16/2025 8:45,-1445
5/16/2025 9:00,-1490
5/16/2025 9:15,-1529
5/16/2025 9:30,-1575
5/16/2025 9:45,-1610
5/16/2025 10:00,-1640
5/16/2025 10:15,-1656
5/16/2025 10:30,-1663
5/16/2025 10:45,-1671
5/16/2025 11:00,-1671
5/16/2025 11:15,-1670
5/16/2025 11:30,-1670
5/16/2025 11:45,-1646
5/16/2025 12:00,-1606
5/16/2025 12:15,-1662
5/16/2025 12:45,-1671
5/16/2025 13:00,-1478
5/16/2025 13:15,-1262
5/16/2025 13:30,-1670
5/16/2025 13:45,-1659
5/16/2025 14:00,-1650
5/16/2025 14:15,-1579
5/16/2025 14:30,-1284
5/16/2025 14:45,-1632
5/16/2025 15:00,-1600
5/16/2025 15:15,-1610
5/16/2025 15:30,-1537
5/16/2025 15:45,-1551
5/16/2025 16:00,-1568
5/16/2025 16:15,-1540
5/16/2025 16:30,-1536
5/16/2025 16:45,-1507
5/16/2025 17:00,-1465
5/16/2025 17:15,-1427
5/16/2025 17:30,-1381
5/16/2025 17:45,-1337
5/16/2025 18:00,-1283
5/16/2025 18:15,-1213
5/16/2025 18:30,-1022
5/16/2025 18:45,-753
5/16/2025 19:00,-529
5/16/2025 19:15,-343
5/16/2025 19:30,-206
5/16/2025 19:45,-95
5/16/2025 20:00,-26
5/16/2025 20:15,-2
5/16/2025 20:30,-3
5/16/2025 20:45,-3
5/16/2025 21:00,-3
5/16/2025 21:15,-3
5/16/2025 21:30,-3
5/16/2025 21:45,-3
5/16/2025 22:00,-3
5/16/2025 22:15,-3
5/16/2025 22:30,-3
5/16/2025 22:45,-3
5/16/2025 23:00,-3
5/16/2025 23:15,-3
5/16/2025 23:30,-3
5/16/2025 23:45,-2
5/17/2025 0:00,-2
5/17/2025 0:15,-2
5/17/2025 0:30,-2
5/17/2025 0:45,-3
5/17/2025 1:00,-2
5/17/2025 1:15,-2
5/17/2025 1:30,-2
5/17/2025 1:45,-2
5/17/2025 2:00,-2
5/17/2025 2:15,-2
5/17/2025 2:30,-1
5/17/2025 2:45,-2
5/17/2025 3:00,-2
5/17/2025 3:15,-2
5/17/2025 3:30,-2
5/17/2025 3:45,-2
5/17/2025 4:00,-2
5/17/2025 4:15,-2
5/17/2025 4:30,-2
5/17/2025 4:45,-2
5/17/2025 5:00,-2
5/17/2025 5:15,-2
5/17/2025 5:30,-2
5/17/2025 5:45,-2
5/17/2025 6:00,-3
5/17/2025 6:15,-24
5/17/2025 6:30,-124
5/17/2025 6:45,-279
5/17/2025 7:00,-495
5/17/2025 7:15,-742
5/17/2025 7:30,-960
5/17/2025 7:45,-1159
5/17/2025 8:00,-1287
5/17/2025 8:15,-1343
5/17/2025 8:30,-1399
5/17/2025 8:45,-1446
5/17/2025 9:00,-1493
5/17/2025 9:15,-1534
5/17/2025 9:30,-1570
5/17/2025 9:45,-1549
5/17/2025 10:00,-1639
5/17/2025 10:15,-1507
5/17/2025 10:30,-1395
5/17/2025 10:45,-1332
5/17/2025 11:00,-1479
5/17/2025 11:15,-1338
5/17/2025 11:30,-1415
5/17/2025 11:45,-1282
5/17/2025 12:00,-1409
5/17/2025 12:15,-1310
5/17/2025 12:30,-1300
5/17/2025 12:45,-1298
5/17/2025 13:00,-1259
5/17/2025 13:15,-1298
5/17/2025 13:30,-1332
5/17/2025 13:45,-1258
5/17/2025 14:00,-1253
5/17/2025 14:15,-1292
5/17/2025 14:30,-1106
5/17/2025 14:45,-1645
5/17/2025 15:00,-1335
5/17/2025 15:15,-1065
5/17/2025 15:30,-839
5/17/2025 15:45,-785
5/17/2025 16:00,-963
5/17/2025 16:15,-751
5/17/2025 16:30,-1336
5/17/2025 16:45,-1452
5/17/2025 17:00,-595
5/17/2025 17:15,-1440
5/17/2025 17:30,-903
5/17/2025 17:45,-793
5/17/2025 18:00,-520
5/17/2025 18:15,-912
5/17/2025 18:30,-338
5/17/2025 18:45,-299
5/17/2025 19:00,-385
5/17/2025 19:15,-194
5/17/2025 19:30,-148
5/17/2025 19:45,-74
5/17/2025 20:00,-16
5/17/2025 20:15,-2
5/17/2025 20:30,-3
5/17/2025 20:45,-3
5/17/2025 21:00,-3
5/17/2025 21:15,-3
5/17/2025 21:30,-2
5/17/2025 21:45,-2
5/17/2025 22:00,-3
5/17/2025 22:15,-3
5/17/2025 22:30,-3
5/17/2025 22:45,-3
5/17/2025 23:00,-3
5/17/2025 23:15,-3
5/17/2025 23:30,-3
5/17/2025 23:45,-2
5/18/2025 0:00,-3
5/18/2025 0:15,-2
5/18/2025 0:30,-3
5/18/2025 0:45,-2
5/18/2025 1:00,-2
5/18/2025 1:15,-3
5/18/2025 1:30,-3
5/18/2025 1:45,-3
5/18/2025 2:00,-2
5/18/2025 2:15,-3
5/18/2025 2:30,-3
5/18/2025 2:45,-3
5/18/2025 3:00,-3
5/18/2025 3:15,-3
5/18/2025 3:30,-3
5/18/2025 3:45,-3
5/18/2025 4:00,-3
5/18/2025 4:15,-3
5/18/2025 4:30,-3
5/18/2025 4:45,-3
5/18/2025 5:00,-3
5/18/2025 5:15,-2
5/18/2025 5:30,-2
5/18/2025 5:45,-2
5/18/2025 6:00,-3
5/18/2025 6:15,-2
5/18/2025 6:30,-10
5/18/2025 6:45,-19
5/18/2025 7:00,-29
5/18/2025 7:15,-44
5/18/2025 7:30,-77
5/18/2025 7:45,-82
5/18/2025 8:00,-80
5/18/2025 8:15,-86
5/18/2025 8:30,-178
5/18/2025 8:45,-349
5/18/2025 9:00,-354
5/18/2025 9:15,-554
5/18/2025 9:30,-330
5/18/2025 9:45,-736
5/18/2025 10:00,-177
5/18/2025 10:15,-938
5/18/2025 10:30,-1125
5/18/2025 10:45,-673
5/18/2025 11:00,-1650
5/18/2025 11:15,-756
5/18/2025 11:30,-496
5/18/2025 11:45,-764
5/18/2025 12:00,-347
5/18/2025 12:15,-607
5/18/2025 12:30,-764
5/18/2025 12:45,-951
5/18/2025 13:00,-1102
5/18/2025 13:15,-644
5/18/2025 13:30,-1239
5/18/2025 13:45,-1452
5/18/2025 14:00,-1484
5/18/2025 14:15,-1128
5/18/2025 14:30,-1672
5/18/2025 14:45,-1421
5/18/2025 15:00,-697
5/18/2025 15:15,-420
5/18/2025 15:30,-312
5/18/2025 15:45,-682
5/18/2025 16:00,-813
5/18/2025 16:15,-811
5/18/2025 16:30,-1094
5/18/2025 16:45,-1096
5/18/2025 17:00,-273
5/18/2025 17:15,-411
5/18/2025 17:30,-135
5/18/2025 17:45,-170
5/18/2025 18:00,-206
5/18/2025 18:15,-610
5/18/2025 18:30,-157
5/18/2025 18:45,-298
5/18/2025 19:00,-164
5/18/2025 19:15,-63
5/18/2025 19:30,-94
5/18/2025 19:45,-21
5/18/2025 20:00,-2
5/18/2025 20:15,-2
5/18/2025 20:30,-2
5/18/2025 20:45,-2
5/18/2025 21:00,-2
5/18/2025 21:15,-2
5/18/2025 21:30,-2
5/18/2025 21:45,-2
5/18/2025 22:00,-2
5/18/2025 22:15,-2
5/18/2025 22:30,-2
5/18/2025 22:45,-2
5/18/2025 23:00,-2
5/18/2025 23:15,-2
5/18/2025 23:30,-2
5/18/2025 23:45,-2
5/19/2025 0:00,-2
5/19/2025 0:15,-2
5/19/2025 0:30,-2
5/19/2025 0:45,-2
5/19/2025 1:00,-2
5/19/2025 1:15,-2
5/19/2025 1:30,-2
5/19/2025 1:45,-2
5/19/2025 2:00,-2
5/19/2025 2:15,-2
5/19/2025 2:30,-2
5/19/2025 2:45,-2
5/19/2025 3:00,-1
5/19/2025 3:15,-2
5/19/2025 3:30,-1
5/19/2025 3:45,-1
5/19/2025 4:00,-1
5/19/2025 4:15,-1
5/19/2025 4:30,-1
5/19/2025 4:45,-1
5/19/2025 5:00,-1
5/19/2025 5:15,-1
5/19/2025 5:30,-2
5/19/2025 5:45,-2
5/19/2025 6:00,-2
5/19/2025 6:15,-31
5/19/2025 6:30,-153
5/19/2025 6:45,-330
5/19/2025 7:00,-543
5/19/2025 7:15,-758
5/19/2025 7:30,-979
5/19/2025 7:45,-1194
5/19/2025 8:00,-1212
5/19/2025 8:15,-1351
5/19/2025 8:30,-1403
5/19/2025 8:45,-1452
5/19/2025 9:00,-1498
5/19/2025 9:15,-1544
5/19/2025 9:30,-1592
5/19/2025 9:45,-1633
5/19/2025 10:00,-1654
5/19/2025 10:15,-821
5/19/2025 10:30,-1594
5/19/2025 11:30,-725
5/19/2025 11:45,-1136
5/19/2025 12:00,-1152
5/19/2025 12:15,-1669
5/19/2025 12:30,-1673
5/19/2025 12:45,-1528
5/19/2025 13:00,-588
5/19/2025 13:15,-1670
5/19/2025 13:30,-1327
5/19/2025 13:45,-898
5/19/2025 14:00,-1116
5/19/2025 14:15,-1642
5/19/2025 14:30,-1617
5/19/2025 14:45,-1536
5/19/2025 15:00,-1657
5/19/2025 15:15,-1611
5/19/2025 15:30,-1615
5/19/2025 15:45,-1601
5/19/2025 16:00,-1592
5/19/2025 16:15,-1584
5/19/2025 16:30,-1566
5/19/2025 16:45,-1536
5/19/2025 17:00,-1509
5/19/2025 17:15,-1467
5/19/2025 17:30,-1416
5/19/2025 17:45,-1357
5/19/2025 18:00,-1316
5/19/2025 18:15,-1278
5/19/2025 18:30,-1120
5/19/2025 18:45,-830
5/19/2025 19:00,-554
5/19/2025 19:15,-378
5/19/2025 19:30,-228
5/19/2025 19:45,-109
5/19/2025 20:00,-37
5/19/2025 20:15,-10
5/19/2025 20:30,-2
5/19/2025 20:45,-3
5/19/2025 21:00,-2
5/19/2025 21:15,-2
5/19/2025 21:30,-2
5/19/2025 21:45,-2
5/19/2025 22:00,-2
5/19/2025 22:15,-2
5/19/2025 22:30,-2
5/19/2025 22:45,-2
5/19/2025 23:00,-2
5/19/2025 23:15,-1
5/19/2025 23:30,-1
5/19/2025 23:45,-1
5/20/2025 0:00,-1
5/20/2025 0:15,-1
5/20/2025 0:30,-1
5/20/2025 0:45,-1
5/20/2025 1:00,-1
5/20/2025 1:15,-1
5/20/2025 1:30,-1
5/20/2025 1:45,-1
5/20/2025 2:00,-1
5/20/2025 2:15,-1
5/20/2025 2:30,-1
5/20/2025 2:45,-1
5/20/2025 3:00,-1
5/20/2025 3:15,-1
5/20/2025 3:30,-1
5/20/2025 3:45,-1
5/20/2025 4:00,-1
5/20/2025 4:15,-1
5/20/2025 4:30,-1
5/20/2025 4:45,-1
5/20/2025 5:00,-1
5/20/2025 5:15,-1
5/20/2025 5:30,-1
5/20/2025 5:45,-1
5/20/2025 6:00,-1
5/20/2025 6:15,-31
5/20/2025 6:30,-152
5/20/2025 6:45,-331
5/20/2025 7:00,-549
5/20/2025 7:15,-771
5/20/2025 7:30,-979
5/20/2025 7:45,-1176
5/20/2025 8:00,-1288
5/20/2025 8:15,-930
5/20/2025 8:30,-970
5/20/2025 8:45,-1089
5/20/2025 9:00,-1193
5/20/2025 9:15,-1290
5/20/2025 9:30,-1387
5/20/2025 9:45,-1478
5/20/2025 10:00,-1551
5/20/2025 10:15,-1576
5/20/2025 10:30,-1623
5/20/2025 10:45,-1633
5/20/2025 11:00,-1633
5/20/2025 11:15,-1634
5/20/2025 11:30,-1633
5/20/2025 11:45,-1634
5/20/2025 12:00,-1632
5/20/2025 12:15,-1618
5/20/2025 12:30,-1623
5/20/2025 12:45,-1599
5/20/2025 13:00,-1632
5/20/2025 13:15,-1629
5/20/2025 13:30,-1610
5/20/2025 13:45,-1583
5/20/2025 14:00,-1583
5/20/2025 14:15,-1633
5/20/2025 14:30,-1622
5/20/2025 14:45,-1631
5/20/2025 15:00,-1666
5/20/2025 15:15,-1660
5/20/2025 15:30,-1606
5/20/2025 15:45,-1652
5/20/2025 16:00,-1628
5/20/2025 16:15,-1620
5/20/2025 16:30,-1603
5/20/2025 16:45,-1571
5/20/2025 17:00,-1526
5/20/2025 17:15,-1483
5/20/2025 17:30,-1435
5/20/2025 17:45,-1356
5/20/2025 18:00,-1316
5/20/2025 18:15,-1245
5/20/2025 18:30,-1074
5/20/2025 18:45,-843
5/20/2025 19:00,-591
5/20/2025 19:15,-373
5/20/2025 19:30,-234
5/20/2025 19:45,-112
5/20/2025 20:00,-39
5/20/2025 20:15,-13
5/20/2025 20:30,-3
5/20/2025 20:45,-2
5/20/2025 21:00,-2
5/20/2025 21:15,-3
5/20/2025 21:30,-2
5/20/2025 21:45,-3
5/20/2025 22:00,-2
5/20/2025 22:15,-3
5/20/2025 22:30,-2
5/20/2025 22:45,-2
5/20/2025 23:00,-2
5/20/2025 23:15,-2
5/20/2025 23:30,-2
5/20/2025 23:45,-1
5/21/2025 0:00,-2
5/21/2025 0:15,-2
5/21/2025 0:30,-1
5/21/2025 0:45,-1
5/21/2025 1:00,-2
5/21/2025 1:15,-2
5/21/2025 1:30,-1
5/21/2025 1:45,-1
5/21/2025 2:00,-1
5/21/2025 2:15,-2
5/21/2025 2:30,-1
5/21/2025 2:45,-1
5/21/2025 3:00,-2
5/21/2025 3:15,-2
5/21/2025 3:30,-2
5/21/2025 3:45,-2
5/21/2025 4:00,-1
5/21/2025 4:15,-2
5/21/2025 4:30,-2
5/21/2025 4:45,-2
5/21/2025 5:00,-1
5/21/2025 5:15,-2
5/21/2025 5:30,-2
5/21/2025 5:45,-1
5/21/2025 6:00,-1
5/21/2025 6:15,-29
5/21/2025 6:30,-120
5/21/2025 6:45,-280
5/21/2025 7:00,-484
5/21/2025 7:15,-682
5/21/2025 7:30,-910
5/21/2025 7:45,-1099
5/21/2025 8:00,-1222
5/21/2025 8:15,-1282
5/21/2025 8:30,-1338
5/21/2025 8:45,-1393
5/21/2025 9:00,-1444
5/21/2025 9:15,-1489
5/21/2025 9:30,-1532
5/21/2025 9:45,-1572
5/21/2025 10:00,-1605
5/21/2025 10:15,-1634
5/21/2025 10:30,-1650
5/21/2025 10:45,-1663
5/21/2025 11:00,-1672
5/21/2025 11:15,-1671
5/21/2025 11:30,-1671
5/21/2025 11:45,-1671
5/21/2025 12:00,-1669
5/21/2025 12:15,-1670
5/21/2025 12:30,-1670
5/21/2025 12:45,-1669
5/21/2025 13:00,-1669
5/21/2025 13:15,-1669
5/21/2025 13:30,-1669
5/21/2025 13:45,-1670
5/21/2025 14:00,-1670
5/21/2025 14:15,-1659
5/21/2025 14:30,-1668
5/21/2025 14:45,-1664
5/21/2025 15:00,-1669
5/21/2025 15:15,-1668
5/21/2025 15:30,-1667
5/21/2025 15:45,-1656
5/21/2025 16:00,-1632
5/21/2025 16:15,-1626
5/21/2025 16:30,-1603
5/21/2025 16:45,-1575
5/21/2025 17:00,-1533
5/21/2025 17:15,-1484
5/21/2025 17:30,-1421
5/21/2025 17:45,-1374
5/21/2025 18:00,-1308
5/21/2025 18:15,-1239
5/21/2025 18:30,-1062
5/21/2025 18:45,-815
5/21/2025 19:00,-569
5/21/2025 19:15,-391
5/21/2025 19:30,-238
5/21/2025 19:45,-113
5/21/2025 20:00,-41
5/21/2025 20:15,-12
5/21/2025 20:30,-2
5/21/2025 20:45,-2
5/21/2025 21:00,-4
5/21/2025 21:15,-2
5/21/2025 21:30,-2
5/21/2025 21:45,-2
5/21/2025 22:00,-2
5/21/2025 22:15,-3
5/21/2025 22:30,-3
5/21/2025 22:45,-3
5/21/2025 23:00,-3
5/21/2025 23:15,-2
5/21/2025 23:30,-1
5/21/2025 23:45,-1
5/22/2025 0:00,-2
5/22/2025 0:15,-2
5/22/2025 0:30,-2
5/22/2025 0:45,-2
5/22/2025 1:00,-2
5/22/2025 1:15,-3
5/22/2025 1:30,-3
5/22/2025 1:45,-2
5/22/2025 2:00,-3
5/22/2025 2:15,-2
5/22/2025 2:30,-2
5/22/2025 2:45,-2
5/22/2025 3:00,-1
5/22/2025 3:15,-2
5/22/2025 3:30,-2
5/22/2025 3:45,-2
5/22/2025 4:00,-2
5/22/2025 4:15,-2
5/22/2025 4:30,-2
5/22/2025 4:45,-2
5/22/2025 5:00,-2
5/22/2025 5:15,-2
5/22/2025 5:30,-2
5/22/2025 5:45,-2
5/22/2025 6:00,-2
5/22/2025 6:15,-31
5/22/2025 6:30,-116
5/22/2025 6:45,-280
5/22/2025 7:00,-482
5/22/2025 7:15,-682
5/22/2025 7:30,-909
5/22/2025 7:45,-1098
5/22/2025 8:00,-1220
5/22/2025 8:15,-1280
5/22/2025 8:30,-1337
5/22/2025 8:45,-1390
5/22/2025 9:00,-1441
5/22/2025 9:15,-1485
5/22/2025 9:30,-1524
5/22/2025 9:45,-1564
5/22/2025 10:00,-1602
5/22/2025 10:15,-1628
5/22/2025 10:30,-1629
5/22/2025 10:45,-1643
5/22/2025 11:00,-1660
5/22/2025 11:15,-1666
5/22/2025 11:30,-1670
5/22/2025 11:45,-1659
5/22/2025 12:00,-1670
5/22/2025 12:15,-1667
5/22/2025 12:30,-1669
5/22/2025 12:45,-1664
5/22/2025 13:00,-1666
5/22/2025 13:15,-1667
5/22/2025 13:30,-1668
5/22/2025 13:45,-1664
5/22/2025 14:00,-1667
5/22/2025 14:15,-1669
5/22/2025 14:30,-1660
5/22/2025 14:45,-1667
5/22/2025 15:00,-1668
5/22/2025 15:15,-1658
5/22/2025 15:30,-1649
5/22/2025 15:45,-1663
5/22/2025 16:00,-1643
5/22/2025 16:15,-1624
5/22/2025 16:30,-1594
5/22/2025 16:45,-1566
5/22/2025 17:00,-1517
5/22/2025 17:15,-1470
5/22/2025 17:30,-1421
5/22/2025 17:45,-1374
5/22/2025 18:00,-1306
5/22/2025 18:15,-1211
5/22/2025 18:30,-1056
5/22/2025 18:45,-819
5/22/2025 19:00,-561
5/22/2025 19:15,-383
5/22/2025 19:30,-236
5/22/2025 19:45,-116
5/22/2025 20:00,-29
5/22/2025 20:15,-10
5/22/2025 20:30,-3
5/22/2025 20:45,-3
5/22/2025 21:00,-3
5/22/2025 21:15,-3
5/22/2025 21:30,-3
5/22/2025 21:45,-3
5/22/2025 22:00,-4
5/22/2025 22:15,-3
5/22/2025 22:30,-2
5/22/2025 22:45,-2
5/22/2025 23:00,-3
5/22/2025 23:15,-3
5/22/2025 23:30,-3
5/22/2025 23:45,-3
5/23/2025 0:00,-2
5/23/2025 0:15,-3
5/23/2025 0:30,-3
5/23/2025 0:45,-2
5/23/2025 1:00,-1
5/23/2025 1:15,-1
5/23/2025 1:30,-3
5/23/2025 1:45,-3
5/23/2025 2:00,-2
5/23/2025 2:15,-2
5/23/2025 2:30,-2
5/23/2025 2:45,-2
5/23/2025 3:00,-3
5/23/2025 3:15,-3
5/23/2025 3:30,-2
5/23/2025 3:45,-2
5/23/2025 4:00,-2
5/23/2025 4:15,-2
5/23/2025 4:30,-2
5/23/2025 4:45,-2
5/23/2025 5:00,-2
5/23/2025 5:15,-2
5/23/2025 5:30,-1
5/23/2025 5:45,-2
5/23/2025 6:00,-2
5/23/2025 6:15,-50
5/23/2025 6:30,-192
5/23/2025 6:45,-282
5/23/2025 7:00,-216
5/23/2025 7:15,-563
5/23/2025 7:30,-547
5/23/2025 7:45,-1187
5/23/2025 8:00,-1205
5/23/2025 8:15,-1301
5/23/2025 8:30,-1413
5/23/2025 8:45,-1483
5/23/2025 9:00,-1012
5/23/2025 9:15,-1513
5/23/2025 9:30,-1535
5/23/2025 9:45,-1570
5/23/2025 10:00,-1604
5/23/2025 10:15,-1634
5/23/2025 10:30,-1648
5/23/2025 10:45,-1660
5/23/2025 11:00,-1670
5/23/2025 11:15,-1671
5/23/2025 11:30,-1670
5/23/2025 11:45,-1671
5/23/2025 12:00,-1670
5/23/2025 12:15,-1667
5/23/2025 12:30,-1669
5/23/2025 12:45,-1669
5/23/2025 13:00,-1668
5/23/2025 13:15,-1627
5/23/2025 13:30,-1606
5/23/2025 13:45,-1618
5/23/2025 14:00,-1643
5/23/2025 14:15,-1606
5/23/2025 14:30,-1618
5/23/2025 14:45,-1587
5/23/2025 15:00,-1602
5/23/2025 15:15,-1637
5/23/2025 15:30,-1646
5/23/2025 15:45,-1634
5/23/2025 16:00,-1582
5/23/2025 16:15,-1618
5/23/2025 16:30,-1597
5/23/2025 16:45,-1557
5/23/2025 17:00,-1517
5/23/2025 17:15,-1473
5/23/2025 17:30,-1426
5/23/2025 17:45,-1378
5/23/2025 18:00,-1313
5/23/2025 18:15,-1240
5/23/2025 18:30,-1077
5/23/2025 18:45,-833
5/23/2025 19:00,-567
5/23/2025 19:15,-394
5/23/2025 19:30,-248
5/23/2025 19:45,-122
5/23/2025 20:00,-46
5/23/2025 20:15,-14
5/23/2025 20:30,-4
5/23/2025 20:45,-2
5/23/2025 21:00,-4
5/23/2025 21:15,-3
5/23/2025 21:30,-3
5/23/2025 21:45,-4
5/23/2025 22:00,-3
5/23/2025 22:15,-3
5/23/2025 22:30,-2
5/23/2025 22:45,-2
5/23/2025 23:00,-2
5/23/2025 23:15,-3
5/23/2025 23:30,-3
5/23/2025 23:45,-3
5/24/2025 0:00,-3
5/24/2025 0:15,-3
5/24/2025 0:30,-3
5/24/2025 0:45,-2
5/24/2025 1:00,-2
5/24/2025 1:15,-3
5/24/2025 1:30,-3
5/24/2025 1:45,-2
5/24/2025 2:00,-2
5/24/2025 2:15,-2
5/24/2025 2:30,-1
5/24/2025 2:45,-1
5/24/2025 3:00,-1
5/24/2025 3:15,-1
5/24/2025 3:30,-1
5/24/2025 3:45,-2
5/24/2025 4:00,-2
5/24/2025 4:15,-1
5/24/2025 4:30,-2
5/24/2025 4:45,-1
5/24/2025 5:00,-1
5/24/2025 5:15,-1
5/24/2025 5:30,-1
5/24/2025 5:45,-1
5/24/2025 6:00,-1
5/24/2025 6:15,-42
5/24/2025 6:30,-146
5/24/2025 6:45,-323
5/24/2025 7:00,-518
5/24/2025 7:15,-728
5/24/2025 7:30,-929
5/24/2025 7:45,-1125
5/24/2025 8:00,-1231
5/24/2025 8:15,-1290
5/24/2025 8:30,-1346
5/24/2025 8:45,-1400
5/24/2025 9:00,-1458
5/24/2025 9:15,-1502
5/24/2025 9:30,-1500
5/24/2025 9:45,-1588
5/24/2025 10:00,-1502
5/24/2025 10:15,-1515
5/24/2025 10:30,-1545
5/24/2025 10:45,-1423
5/24/2025 11:00,-1180
5/24/2025 11:15,-1567
5/24/2025 11:30,-1460
5/24/2025 11:45,-1396
5/24/2025 12:00,-1372
5/24/2025 12:15,-1527
5/24/2025 12:30,-1362
5/24/2025 12:45,-1414
5/24/2025 13:00,-1451
5/24/2025 13:15,-1477
5/24/2025 13:30,-1486
5/24/2025 13:45,-1417
5/24/2025 14:00,-1400
5/24/2025 14:15,-1474
5/24/2025 14:30,-1515
5/24/2025 14:45,-1550
5/24/2025 15:00,-1489
5/24/2025 15:15,-1589
5/24/2025 15:30,-1643
5/24/2025 15:45,-1645
5/24/2025 16:00,-1638
5/24/2025 16:15,-1623
5/24/2025 16:30,-483
5/24/2025 16:45,-1553
5/24/2025 17:00,-1406
5/24/2025 17:15,-1062
5/24/2025 17:30,-356
5/24/2025 17:45,-294
5/24/2025 18:00,-261
5/24/2025 18:15,-239
5/24/2025 18:30,-503
5/24/2025 18:45,-267
5/24/2025 19:00,-694
5/24/2025 19:15,-289
5/24/2025 19:30,-139
5/24/2025 19:45,-55
5/24/2025 20:00,-33
5/24/2025 20:15,-11
5/24/2025 20:30,-3
5/24/2025 20:45,-3
5/24/2025 21:00,-4
5/24/2025 21:15,-2
5/24/2025 21:30,-2
5/24/2025 21:45,-3
5/24/2025 22:00,-2
5/24/2025 22:15,-3
5/24/2025 22:30,-3
5/24/2025 22:45,-3
5/24/2025 23:00,-3
5/24/2025 23:15,-3
5/24/2025 23:30,-2
5/24/2025 23:45,-3
5/25/2025 0:00,-2
5/25/2025 0:15,-2
5/25/2025 0:30,-3
5/25/2025 0:45,-3
5/25/2025 1:00,-3
5/25/2025 1:15,-2
5/25/2025 1:30,-3
5/25/2025 1:45,-3
5/25/2025 2:00,-3
5/25/2025 2:15,-3
5/25/2025 2:30,-2
5/25/2025 2:45,-2
5/25/2025 3:00,-2
5/25/2025 3:15,-3
5/25/2025 3:30,-1
5/25/2025 3:45,-3
5/25/2025 4:00,-2
5/25/2025 4:15,-3
5/25/2025 4:30,-3
5/25/2025 4:45,-2
5/25/2025 5:00,-3
5/25/2025 5:15,-2
5/25/2025 5:30,-2
5/25/2025 5:45,-2
5/25/2025 6:00,-1
5/25/2025 6:15,-25
5/25/2025 6:30,-153
5/25/2025 6:45,-169
5/25/2025 7:00,-509
5/25/2025 7:15,-758
5/25/2025 7:30,-943
5/25/2025 7:45,-958
5/25/2025 8:00,-910
5/25/2025 8:15,-1299
5/25/2025 8:30,-1313
5/25/2025 8:45,-1414
5/25/2025 9:00,-1457
5/25/2025 9:15,-1451
5/25/2025 9:30,-1510
5/25/2025 9:45,-1483
5/25/2025 10:00,-1230
5/25/2025 10:15,-1637
5/25/2025 10:30,-1167
5/25/2025 10:45,-875
5/25/2025 11:00,-1498
5/25/2025 11:15,-1560
5/25/2025 11:30,-1556
5/25/2025 11:45,-1150
5/25/2025 12:00,-1632
5/25/2025 12:15,-1579
5/25/2025 12:30,-1410
5/25/2025 12:45,-1361
5/25/2025 13:00,-1492
5/25/2025 13:15,-1405
5/25/2025 13:30,-1363
5/25/2025 13:45,-1428
5/25/2025 14:00,-1404
5/25/2025 14:15,-1516
5/25/2025 14:30,-1332
5/25/2025 14:45,-1367
5/25/2025 15:00,-1457
5/25/2025 15:15,-1527
5/25/2025 15:30,-1494
5/25/2025 15:45,-1417
5/25/2025 16:00,-1497
5/25/2025 16:15,-1473
5/25/2025 16:30,-1568
5/25/2025 16:45,-1566
5/25/2025 17:00,-1558
5/25/2025 17:15,-1492
5/25/2025 17:30,-1439
5/25/2025 17:45,-1393
5/25/2025 18:00,-1164
5/25/2025 18:15,-1102
5/25/2025 18:30,-224
5/25/2025 18:45,-275
5/25/2025 19:00,-463
5/25/2025 19:15,-212
5/25/2025 19:30,-156
5/25/2025 19:45,-84
5/25/2025 20:00,-37
5/25/2025 20:15,-14
5/25/2025 20:30,-4
5/25/2025 20:45,-3
5/25/2025 21:00,-4
5/25/2025 21:15,-4
5/25/2025 21:30,-3
5/25/2025 21:45,-3
5/25/2025 22:00,-3
5/25/2025 22:15,-3
5/25/2025 22:30,-2
5/25/2025 22:45,-2
5/25/2025 23:00,-3
5/25/2025 23:15,-3
5/25/2025 23:30,-3
5/25/2025 23:45,-3
5/26/2025 0:00,-2
5/26/2025 0:15,-2
5/26/2025 0:30,-3
5/26/2025 0:45,-2
5/26/2025 1:00,-2
5/26/2025 1:15,-2
5/26/2025 1:30,-3
5/26/2025 1:45,-3
5/26/2025 2:00,-3
5/26/2025 2:15,-3
5/26/2025 2:30,-3
5/26/2025 2:45,-2
5/26/2025 3:00,-2
5/26/2025 3:15,-2
5/26/2025 3:30,-1
5/26/2025 3:45,-3
5/26/2025 4:00,-3
5/26/2025 4:15,-2
5/26/2025 4:30,-2
5/26/2025 4:45,-2
5/26/2025 5:00,-1
5/26/2025 5:15,-1
5/26/2025 5:30,-1
5/26/2025 5:45,-2
5/26/2025 6:00,-1
5/26/2025 6:15,-25
5/26/2025 6:30,-127
5/26/2025 6:45,-303
5/26/2025 7:00,-489
5/26/2025 7:15,-695
5/26/2025 7:30,-890
5/26/2025 7:45,-1080
5/26/2025 8:00,-1197
5/26/2025 8:15,-1281
5/26/2025 8:30,-1337
5/26/2025 8:45,-1395
5/26/2025 9:00,-1444
5/26/2025 9:15,-1485
5/26/2025 9:30,-1528
5/26/2025 9:45,-1380
5/26/2025 10:00,-1438
5/26/2025 10:15,-1437
5/26/2025 10:30,-1386
5/26/2025 10:45,-1450
5/26/2025 11:00,-1360
5/26/2025 11:15,-1645
5/26/2025 11:30,-1669
5/26/2025 11:45,-1056
5/26/2025 12:00,-636
5/26/2025 12:15,-277
5/26/2025 12:30,-207
5/26/2025 12:45,-168
5/26/2025 13:00,-466
5/26/2025 13:15,-641
5/26/2025 13:30,-458
5/26/2025 13:45,-510
5/26/2025 14:00,-257
5/26/2025 14:15,-106
5/26/2025 14:30,-298
5/26/2025 14:45,-191
5/26/2025 15:00,-316
5/26/2025 15:15,-769
5/26/2025 15:30,-1601
5/26/2025 15:45,-654
5/26/2025 16:00,-578
5/26/2025 16:15,-1399
5/26/2025 16:30,-1586
5/26/2025 16:45,-1564
5/26/2025 17:00,-1538
5/26/2025 17:15,-1466
5/26/2025 17:30,-1394
5/26/2025 17:45,-1310
5/26/2025 18:00,-1211
5/26/2025 18:15,-1110
5/26/2025 18:30,-915
5/26/2025 18:45,-691
5/26/2025 19:00,-496
5/26/2025 19:15,-354
5/26/2025 19:30,-226
5/26/2025 19:45,-121
5/26/2025 20:00,-55
5/26/2025 20:15,-17
5/26/2025 20:30,-4
5/26/2025 20:45,-3
5/26/2025 21:00,-4
5/26/2025 21:15,-4
5/26/2025 21:30,-2
5/26/2025 21:45,-2
5/26/2025 22:00,-2
5/26/2025 22:15,-2
5/26/2025 22:30,-2
5/26/2025 22:45,-2
5/26/2025 23:00,-3
5/26/2025 23:15,-2
5/26/2025 23:30,-2
5/26/2025 23:45,-2
5/27/2025 0:00,-2
5/27/2025 0:15,-2
5/27/2025 0:30,-2
5/27/2025 0:45,-2
5/27/2025 1:00,-2
5/27/2025 1:15,-2
5/27/2025 1:30,-2
5/27/2025 1:45,-3
5/27/2025 2:00,-1
5/27/2025 2:15,-2
5/27/2025 2:30,-2
5/27/2025 2:45,-2
5/27/2025 3:00,-2
5/27/2025 3:15,-2
5/27/2025 3:30,-2
5/27/2025 3:45,-2
5/27/2025 4:00,-2
5/27/2025 4:15,-2
5/27/2025 4:30,-2
5/27/2025 4:45,-2
5/27/2025 5:00,-1
5/27/2025 5:15,-2
5/27/2025 5:30,-1
5/27/2025 5:45,-2
5/27/2025 6:00,-3
5/27/2025 6:15,-49
5/27/2025 6:30,-141
5/27/2025 6:45,-299
5/27/2025 7:00,-493
5/27/2025 7:15,-697
5/27/2025 7:30,-903
5/27/2025 7:45,-1086
5/27/2025 8:00,-1209
5/27/2025 8:15,-1292
5/27/2025 8:30,-1346
5/27/2025 8:45,-1380
5/27/2025 9:00,-1441
5/27/2025 9:15,-1482
5/27/2025 9:30,-1525
5/27/2025 9:45,-1562
5/27/2025 10:00,-1595
5/27/2025 10:15,-1619
5/27/2025 10:30,-1638
5/27/2025 10:45,-1648
5/27/2025 11:00,-1627
5/27/2025 11:15,-1637
5/27/2025 11:30,-1632
5/27/2025 11:45,-1648
5/27/2025 12:00,-1644
5/27/2025 12:15,-1650
5/27/2025 12:30,-1649
5/27/2025 12:45,-1656
5/27/2025 13:00,-1663
5/27/2025 13:15,-1667
5/27/2025 13:30,-1642
5/27/2025 13:45,-871
5/27/2025 14:00,-1662
5/27/2025 14:15,-933
5/27/2025 14:30,-593
5/27/2025 14:45,-645
5/27/2025 15:00,-533
5/27/2025 15:15,-719
5/27/2025 15:30,-770
5/27/2025 15:45,-940
5/27/2025 16:00,-1209
5/27/2025 16:15,-1527
5/27/2025 16:30,-1633
5/27/2025 16:45,-433
5/27/2025 17:00,-294
5/27/2025 17:15,-554
5/27/2025 17:30,-925
5/27/2025 17:45,-1305
5/27/2025 18:00,-1201
5/27/2025 18:15,-979
5/27/2025 18:30,-920
5/27/2025 18:45,-742
5/27/2025 19:00,-513
5/27/2025 19:15,-269
5/27/2025 19:30,-163
5/27/2025 19:45,-107
5/27/2025 20:00,-65
5/27/2025 20:15,-27
5/27/2025 20:30,-4
5/27/2025 20:45,-3
5/27/2025 21:00,-4
5/27/2025 21:15,-2
5/27/2025 21:30,-2
5/27/2025 21:45,-3
5/27/2025 22:00,-2
5/27/2025 22:15,-2
5/27/2025 22:30,-4
5/27/2025 22:45,-3
5/27/2025 23:00,-2
5/27/2025 23:15,-3
5/27/2025 23:30,-3
5/27/2025 23:45,-2
5/28/2025 0:00,-3
5/28/2025 0:15,-3
5/28/2025 0:30,-3
5/28/2025 0:45,-2
5/28/2025 1:00,-2
5/28/2025 1:15,-3
5/28/2025 1:30,-3
5/28/2025 1:45,-3
5/28/2025 2:00,-2
5/28/2025 2:15,-2
5/28/2025 2:30,-3
5/28/2025 2:45,-3
5/28/2025 3:00,-3
5/28/2025 3:15,-3
5/28/2025 3:30,-2
5/28/2025 3:45,-3
5/28/2025 4:00,-3
5/28/2025 4:15,-2
5/28/2025 4:30,-2
5/28/2025 4:45,-2
5/28/2025 5:00,-2
5/28/2025 5:15,-2
5/28/2025 5:30,-2
5/28/2025 5:45,-2
5/28/2025 6:00,-7
5/28/2025 6:15,-54
5/28/2025 6:30,-151
5/28/2025 6:45,-304
5/28/2025 7:00,-484
5/28/2025 7:15,-698
5/28/2025 7:30,-901
5/28/2025 7:45,-1091
5/28/2025 8:00,-1213
5/28/2025 8:15,-1289
5/28/2025 8:30,-1345
5/28/2025 8:45,-1395
5/28/2025 9:00,-1438
5/28/2025 9:15,-1485
5/28/2025 9:30,-1526
5/28/2025 9:45,-1565
5/28/2025 10:00,-1595
5/28/2025 10:15,-1623
5/28/2025 10:30,-1640
5/28/2025 10:45,-1651
5/28/2025 11:00,-1663
5/28/2025 11:15,-1669
5/28/2025 11:30,-1671
5/28/2025 11:45,-1666
5/28/2025 12:00,-1663
5/28/2025 12:15,-1663
5/28/2025 12:30,-1493
5/28/2025 12:45,-1668
5/28/2025 13:00,-627
5/28/2025 13:15,-1669
5/28/2025 13:30,-1573
5/28/2025 13:45,-1561
5/28/2025 14:00,-1667
5/28/2025 14:15,-1654
5/28/2025 14:30,-1668
5/28/2025 14:45,-1634
5/28/2025 15:00,-1634
5/28/2025 15:15,-1659
5/28/2025 15:30,-1654
5/28/2025 15:45,-1647
5/28/2025 16:00,-1629
5/28/2025 16:15,-1627
5/28/2025 16:30,-1654
5/28/2025 16:45,-1079
5/28/2025 17:00,-1448
5/28/2025 17:15,-1571
5/28/2025 17:30,-1239
5/28/2025 17:45,-276
5/28/2025 18:00,-513
5/28/2025 18:15,-1313
5/28/2025 18:30,-229
5/28/2025 18:45,-942
5/28/2025 19:00,-658
5/28/2025 19:15,-440
5/28/2025 19:30,-272
5/28/2025 19:45,-147
5/28/2025 20:00,-41
5/28/2025 20:15,-18
5/28/2025 20:30,-3
5/28/2025 20:45,-3
5/28/2025 21:00,-3
5/28/2025 21:15,-2
5/28/2025 21:30,-3
5/28/2025 21:45,-3
5/28/2025 22:00,-3
5/28/2025 22:15,-3
5/28/2025 22:30,-3
5/28/2025 22:45,-2
5/28/2025 23:00,-3
5/28/2025 23:15,-3
5/28/2025 23:30,-2
5/28/2025 23:45,-3
5/29/2025 0:00,-2
5/29/2025 0:15,-2
5/29/2025 0:30,-3
5/29/2025 0:45,-3
5/29/2025 1:00,-3
5/29/2025 1:15,-2
5/29/2025 1:30,-3
5/29/2025 1:45,-2
5/29/2025 2:00,-2
5/29/2025 2:15,-2
5/29/2025 2:30,-3
5/29/2025 2:45,-3
5/29/2025 3:00,-2
5/29/2025 3:15,-3
5/29/2025 3:30,-3
5/29/2025 3:45,-2
5/29/2025 4:00,-2
5/29/2025 4:15,-2
5/29/2025 4:30,-2
5/29/2025 4:45,-2
5/29/2025 5:00,-2
5/29/2025 5:15,-2
5/29/2025 5:30,-2
5/29/2025 5:45,-2
5/29/2025 6:00,-5
5/29/2025 6:15,-52
5/29/2025 6:30,-120
5/29/2025 6:45,-312
5/29/2025 7:00,-515
5/29/2025 7:15,-701
5/29/2025 7:30,-906
5/29/2025 7:45,-1095
5/29/2025 8:00,-1190
5/29/2025 8:15,-1291
5/29/2025 8:30,-1351
5/29/2025 8:45,-1296
5/29/2025 9:00,-1452
5/29/2025 9:15,-1499
5/29/2025 9:30,-1364
5/29/2025 9:45,-1524
5/29/2025 10:00,-1571
5/29/2025 10:15,-1573
5/29/2025 10:30,-1621
5/29/2025 10:45,-1647
5/29/2025 11:00,-1640
5/29/2025 11:15,-1657
5/29/2025 11:30,-1669
5/29/2025 11:45,-1670
5/29/2025 12:00,-1669
5/29/2025 12:15,-1670
5/29/2025 12:30,-1672
5/29/2025 12:45,-487
5/29/2025 13:00,-1665
5/29/2025 13:15,-1126
5/29/2025 13:30,-935
5/29/2025 13:45,-625
5/29/2025 14:00,-448
5/29/2025 14:15,-426
5/29/2025 14:30,-512
5/29/2025 14:45,-762
5/29/2025 15:00,-409
5/29/2025 15:15,-634
5/29/2025 15:30,-480
5/29/2025 15:45,-1529
5/29/2025 16:00,-739
5/29/2025 16:15,-1526
5/29/2025 16:30,-1574
5/29/2025 16:45,-1490
5/29/2025 17:00,-1491
5/29/2025 17:15,-1451
5/29/2025 17:30,-1289
5/29/2025 17:45,-1374
5/29/2025 18:00,-1313
5/29/2025 18:15,-1206
5/29/2025 18:30,-1062
5/29/2025 18:45,-854
5/29/2025 19:00,-600
5/29/2025 19:15,-421
5/29/2025 19:30,-275
5/29/2025 19:45,-153
5/29/2025 20:00,-62
5/29/2025 20:15,-22
5/29/2025 20:30,-4
5/29/2025 20:45,-4
5/29/2025 21:00,-3
5/29/2025 21:15,-4
5/29/2025 21:30,-3
5/29/2025 21:45,-2
5/29/2025 22:00,-3
5/29/2025 22:15,-2
5/29/2025 22:30,-2
5/29/2025 22:45,-2
5/29/2025 23:00,-2
5/29/2025 23:15,-3
5/29/2025 23:30,-3
5/29/2025 23:45,-3
5/30/2025 0:00,-3
5/30/2025 0:15,-3
5/30/2025 0:30,-2
5/30/2025 0:45,-3
5/30/2025 1:00,-3
5/30/2025 1:15,-3
5/30/2025 1:30,-2
5/30/2025 1:45,-2
5/30/2025 2:00,-2
5/30/2025 2:15,-3
5/30/2025 2:30,-2
5/30/2025 2:45,-2
5/30/2025 3:00,-2
5/30/2025 3:15,-2
5/30/2025 3:30,-2
5/30/2025 3:45,-2
5/30/2025 4:00,-3
5/30/2025 4:15,-2
5/30/2025 4:30,-2
5/30/2025 4:45,-2
5/30/2025 5:00,-2
5/30/2025 5:15,-2
5/30/2025 5:30,-3
5/30/2025 5:45,-3
5/30/2025 6:00,-11
5/30/2025 6:15,-56
5/30/2025 6:30,-156
5/30/2025 6:45,-332
5/30/2025 7:00,-508
5/30/2025 7:15,-708
5/30/2025 7:30,-909
5/30/2025 7:45,-1079
5/30/2025 8:00,-1197
5/30/2025 8:15,-1292
5/30/2025 8:30,-1345
5/30/2025 8:45,-1391
5/30/2025 9:00,-1438
5/30/2025 9:15,-1483
5/30/2025 9:30,-1521
5/30/2025 9:45,-1562
5/30/2025 10:00,-1576
5/30/2025 10:15,-1619
5/30/2025 10:30,-1638
5/30/2025 10:45,-1648
5/30/2025 11:00,-1662
5/30/2025 11:15,-1668
5/30/2025 11:30,-1669
5/30/2025 11:45,-1670
5/30/2025 12:00,-1670
5/30/2025 12:15,-1668
5/30/2025 12:30,-1667
5/30/2025 12:45,-1668
5/30/2025 13:00,-1666
5/30/2025 13:15,-1669
5/30/2025 13:30,-1666
5/30/2025 13:45,-1666
5/30/2025 14:00,-1667
5/30/2025 14:15,-1563
5/30/2025 14:30,-1274
5/30/2025 14:45,-392
5/30/2025 15:00,-457
5/30/2025 15:15,-1606
5/30/2025 15:30,-874
5/30/2025 15:45,-492
5/30/2025 16:00,-607
5/30/2025 16:15,-765
5/30/2025 16:30,-649
5/30/2025 16:45,-773
5/30/2025 17:00,-675
5/30/2025 17:15,-536
5/30/2025 17:30,-409
5/30/2025 17:45,-372
5/30/2025 18:00,-575
5/30/2025 18:15,-867
5/30/2025 18:30,-524
5/30/2025 18:45,-494
5/30/2025 19:00,-380
5/30/2025 19:15,-314
5/30/2025 19:30,-325
5/30/2025 19:45,-119
5/30/2025 20:00,-76
5/30/2025 20:15,-30
5/30/2025 20:30,-4
5/30/2025 20:45,-4
5/30/2025 21:00,-3
5/30/2025 21:15,-3
5/30/2025 21:30,-4
5/30/2025 21:45,-4
5/30/2025 22:00,-3
5/30/2025 22:15,-4
5/30/2025 22:30,-3
5/30/2025 22:45,-3
5/30/2025 23:00,-4
5/30/2025 23:15,-3
5/30/2025 23:30,-3
5/30/2025 23:45,-3
5/31/2025 0:00,-3
5/31/2025 0:15,-3
5/31/2025 0:30,-3
5/31/2025 0:45,-3
5/31/2025 1:00,-3
5/31/2025 1:15,-2
5/31/2025 1:30,-2
5/31/2025 1:45,-2
5/31/2025 2:00,-3
5/31/2025 2:15,-2
5/31/2025 2:30,-2
5/31/2025 2:45,-3
5/31/2025 3:00,-2
5/31/2025 3:15,-3
5/31/2025 3:30,-2
5/31/2025 3:45,-2
5/31/2025 4:00,-2
5/31/2025 4:15,-2
5/31/2025 4:30,-3
5/31/2025 4:45,-3
5/31/2025 5:00,-3
5/31/2025 5:15,-2
5/31/2025 5:30,-2
5/31/2025 5:45,-3
5/31/2025 6:00,-13
5/31/2025 6:15,-52
5/31/2025 6:30,-144
5/31/2025 6:45,-300
5/31/2025 7:00,-483
5/31/2025 7:15,-691
5/31/2025 7:30,-874
5/31/2025 7:45,-1049
5/31/2025 8:00,-1161
5/31/2025 8:15,-1257
5/31/2025 8:30,-1324
5/31/2025 8:45,-1371
5/31/2025 9:00,-1413
5/31/2025 9:15,-1452
5/31/2025 9:30,-1493
5/31/2025 9:45,-1469
5/31/2025 10:00,-1544
5/31/2025 10:15,-1518
5/31/2025 10:30,-1564
5/31/2025 10:45,-1481
5/31/2025 11:00,-1638
5/31/2025 11:15,-1650
5/31/2025 11:30,-1467
5/31/2025 11:45,-1636
5/31/2025 12:00,-1573
5/31/2025 12:15,-1639
5/31/2025 12:30,-1654
5/31/2025 12:45,-1593
5/31/2025 13:00,-1654
5/31/2025 13:15,-1522
5/31/2025 13:30,-1666
5/31/2025 13:45,-1653
5/31/2025 14:00,-1621
5/31/2025 14:15,-1623
5/31/2025 14:30,-1603
5/31/2025 14:45,-1623
5/31/2025 15:00,-604
5/31/2025 15:15,-362
5/31/2025 15:30,-668
5/31/2025 15:45,-1622
5/31/2025 16:00,-1628
5/31/2025 16:15,-1659
5/31/2025 16:30,-646
5/31/2025 16:45,-272
5/31/2025 17:00,-469
5/31/2025 17:15,-213
5/31/2025 17:30,-127
5/31/2025 17:45,-185
5/31/2025 18:00,-478
5/31/2025 18:15,-290
5/31/2025 18:30,-268
5/31/2025 18:45,-301
5/31/2025 19:00,-164
5/31/2025 19:15,-459
5/31/2025 19:30,-288
5/31/2025 19:45,-57
5/31/2025 20:00,-30
5/31/2025 20:15,-14
5/31/2025 20:30,-4
5/31/2025 20:45,-4
5/31/2025 21:00,-2
5/31/2025 21:15,-3
5/31/2025 21:30,-3
5/31/2025 21:45,-3
5/31/2025 22:00,-3
5/31/2025 22:15,-4
5/31/2025 22:30,-3
5/31/2025 22:45,-3
5/31/2025 23:00,-3
5/31/2025 23:15,-3
5/31/2025 23:30,-3
5/31/2025 23:45,-3
6/1/2025 0:00,-3
6/1/2025 0:15,-3
6/1/2025 0:30,-3
6/1/2025 0:45,-2
6/1/2025 1:00,-3
6/1/2025 1:15,-2
6/1/2025 1:30,-2
6/1/2025 1:45,-3
6/1/2025 2:00,-3
6/1/2025 2:15,-2
6/1/2025 2:30,-2
6/1/2025 2:45,-3
6/1/2025 3:00,-2
6/1/2025 3:15,-3
6/1/2025 3:30,-4
6/1/2025 3:45,-2
6/1/2025 4:00,-2
6/1/2025 4:15,-3
6/1/2025 4:30,-3
6/1/2025 4:45,-3
6/1/2025 5:00,-3
6/1/2025 5:15,-3
6/1/2025 5:30,-3
6/1/2025 5:45,-3
6/1/2025 6:00,-16
6/1/2025 6:15,-53
6/1/2025 6:30,-146
6/1/2025 6:45,-296
6/1/2025 7:00,-482
6/1/2025 7:15,-681
6/1/2025 7:30,-869
6/1/2025 7:45,-1041
6/1/2025 8:00,-1162
6/1/2025 8:15,-1267
6/1/2025 8:30,-1330
6/1/2025 8:45,-1370
6/1/2025 9:00,-1420
6/1/2025 9:15,-1462
6/1/2025 9:30,-1500
6/1/2025 9:45,-1548
6/1/2025 10:00,-1510
6/1/2025 10:15,-1592
6/1/2025 10:30,-1549
6/1/2025 10:45,-1627
6/1/2025 11:00,-1555
6/1/2025 11:15,-1654
6/1/2025 11:30,-1656
6/1/2025 11:45,-1656
6/1/2025 12:00,-1652
6/1/2025 12:15,-1476
6/1/2025 12:30,-1667
6/1/2025 12:45,-1549
6/1/2025 13:00,-1669
6/1/2025 13:15,-1399
6/1/2025 13:30,-389
6/1/2025 13:45,-655
6/1/2025 14:00,-1668
6/1/2025 14:15,-1604
6/1/2025 14:30,-1667
6/1/2025 14:45,-394
6/1/2025 15:00,-1493
6/1/2025 15:15,-375
6/1/2025 15:30,-1668
6/1/2025 15:45,-1295
6/1/2025 16:00,-1654
6/1/2025 16:15,-1616
6/1/2025 16:30,-1590
6/1/2025 16:45,-1586
6/1/2025 17:00,-836
6/1/2025 17:15,-1505
6/1/2025 17:30,-1476
6/1/2025 17:45,-176
6/1/2025 18:00,-1339
6/1/2025 18:15,-1171
6/1/2025 18:30,-1244
6/1/2025 18:45,-243
6/1/2025 19:00,-97
6/1/2025 19:15,-136
6/1/2025 19:30,-53
6/1/2025 19:45,-10
6/1/2025 20:00,-11
6/1/2025 20:15,-4
6/1/2025 20:30,-2
6/1/2025 20:45,-3
6/1/2025 21:00,-3
6/1/2025 21:15,-3
6/1/2025 21:30,-4
6/1/2025 21:45,-4
6/1/2025 22:00,-3
6/1/2025 22:15,-3
6/1/2025 22:30,-3
6/1/2025 22:45,-3
6/1/2025 23:00,-3
6/1/2025 23:15,-3
6/1/2025 23:30,-3
6/1/2025 23:45,-3
6/2/2025 0:00,-3
6/2/2025 0:15,-3
6/2/2025 0:30,-3
6/2/2025 0:45,-3
6/2/2025 1:00,-3
6/2/2025 1:15,-3
6/2/2025 1:30,-3
6/2/2025 1:45,-3
6/2/2025 2:00,-3
6/2/2025 2:15,-3
6/2/2025 2:30,-3
6/2/2025 2:45,-3
6/2/2025 3:00,-3
6/2/2025 3:15,-2
6/2/2025 3:30,-2
6/2/2025 3:45,-3
6/2/2025 4:00,-3
6/2/2025 4:15,-3
6/2/2025 4:30,-3
6/2/2025 4:45,-3
6/2/2025 5:00,-3
6/2/2025 5:15,-2
6/2/2025 5:30,-4
6/2/2025 5:45,-3
6/2/2025 6:00,-3
6/2/2025 6:15,-3
6/2/2025 6:30,-25
6/2/2025 6:45,-65
6/2/2025 7:00,-103
6/2/2025 7:15,-175
6/2/2025 7:30,-166
6/2/2025 7:45,-172
6/2/2025 8:00,-87
6/2/2025 8:15,-95
6/2/2025 8:30,-212
6/2/2025 8:45,-158
6/2/2025 9:00,-195
6/2/2025 9:15,-168
6/2/2025 9:30,-156
6/2/2025 9:45,-167
6/2/2025 10:00,-159
6/2/2025 10:15,-130
6/2/2025 10:30,-134
6/2/2025 10:45,-140
6/2/2025 11:00,-153
6/2/2025 11:15,-199
6/2/2025 11:30,-233
6/2/2025 11:45,-272
6/2/2025 12:00,-383
6/2/2025 12:15,-431
6/2/2025 12:30,-500
6/2/2025 12:45,-960
6/2/2025 13:00,-981
6/2/2025 13:15,-652
6/2/2025 13:30,-973
6/2/2025 13:45,-1276
6/2/2025 14:00,-1411
6/2/2025 14:15,-1475
6/2/2025 14:30,-1419
6/2/2025 14:45,-1236
6/2/2025 15:00,-698
6/2/2025 15:15,-658
6/2/2025 15:30,-1600
6/2/2025 15:45,-928
6/2/2025 16:00,-362
6/2/2025 16:15,-316
6/2/2025 16:30,-424
6/2/2025 16:45,-327
6/2/2025 17:00,-100
6/2/2025 17:15,-27
6/2/2025 17:30,-98
6/2/2025 17:45,-109
6/2/2025 18:00,-130
6/2/2025 18:15,-214
6/2/2025 18:30,-274
6/2/2025 18:45,-286
6/2/2025 19:00,-180
6/2/2025 19:15,-109
6/2/2025 19:30,-54
6/2/2025 19:45,-50
6/2/2025 20:00,-13
6/2/2025 20:15,-3
6/2/2025 20:30,-3
6/2/2025 20:45,-2
6/2/2025 21:00,-3
6/2/2025 21:15,-3
6/2/2025 21:30,-2
6/2/2025 21:45,-2
6/2/2025 22:00,-3
6/2/2025 22:15,-3
6/2/2025 22:30,-2
6/2/2025 22:45,-3
6/2/2025 23:00,-3
6/2/2025 23:15,-3
6/2/2025 23:30,-3
6/2/2025 23:45,-3
6/3/2025 0:00,-3
6/3/2025 0:15,-3
6/3/2025 0:30,-3
6/3/2025 0:45,-3
6/3/2025 1:00,-3
6/3/2025 1:15,-3
6/3/2025 1:30,-3
6/3/2025 1:45,-3
6/3/2025 2:00,-3
6/3/2025 2:15,-3
6/3/2025 2:30,-3
6/3/2025 2:45,-2
6/3/2025 3:00,-2
6/3/2025 3:15,-2
6/3/2025 3:30,-3
6/3/2025 3:45,-2
6/3/2025 4:00,-2
6/3/2025 4:15,-3
6/3/2025 4:30,-2
6/3/2025 4:45,-2
6/3/2025 5:00,-2
6/3/2025 5:15,-3
6/3/2025 5:30,-3
6/3/2025 5:45,-2
6/3/2025 6:00,-2
6/3/2025 6:15,-37
6/3/2025 6:30,-165
6/3/2025 6:45,-105
6/3/2025 7:00,-88
6/3/2025 7:15,-280
6/3/2025 7:30,-248
6/3/2025 7:45,-289
6/3/2025 8:00,-540
6/3/2025 8:15,-392
6/3/2025 8:30,-504
6/3/2025 8:45,-749
6/3/2025 9:00,-1463
6/3/2025 9:15,-1207
6/3/2025 9:30,-1357
6/3/2025 9:45,-753
6/3/2025 10:00,-1606
6/3/2025 10:15,-1600
6/3/2025 10:30,-1624
6/3/2025 10:45,-1570
6/3/2025 11:00,-1648
6/3/2025 11:15,-1602
6/3/2025 11:30,-1661
6/3/2025 11:45,-1666
6/3/2025 12:00,-1657
6/3/2025 12:15,-591
6/3/2025 12:30,-1671
6/3/2025 12:45,-1616
6/3/2025 13:00,-1667
6/3/2025 13:15,-1594
6/3/2025 13:30,-1670
6/3/2025 13:45,-1517
6/3/2025 14:00,-1603
6/3/2025 14:15,-1652
6/3/2025 14:30,-1531
6/3/2025 14:45,-1535
6/3/2025 15:00,-597
6/3/2025 15:15,-245
6/3/2025 15:30,-227
6/3/2025 15:45,-1033
6/3/2025 16:00,-1654
6/3/2025 16:15,-1642
6/3/2025 16:30,-1620
6/3/2025 16:45,-80
6/3/2025 17:00,-303
6/3/2025 17:15,-709
6/3/2025 17:30,-441
6/3/2025 17:45,-307
6/3/2025 18:00,-141
6/3/2025 18:15,-76
6/3/2025 18:30,-49
6/3/2025 18:45,-52
6/3/2025 19:00,-24
6/3/2025 19:15,-13
6/3/2025 19:30,-14
6/3/2025 19:45,-10
6/3/2025 20:00,-3
6/3/2025 20:15,-2
6/3/2025 20:30,-2
6/3/2025 20:45,-2
6/3/2025 21:00,-3
6/3/2025 21:15,-2
6/3/2025 21:30,-3
6/3/2025 21:45,-3
6/3/2025 22:00,-2
6/3/2025 22:15,-2
6/3/2025 22:30,-2
6/3/2025 22:45,-2
6/3/2025 23:00,-2
6/3/2025 23:15,-2
6/3/2025 23:30,-1
6/3/2025 23:45,-3
6/4/2025 0:00,-2
6/4/2025 0:15,-3
6/4/2025 0:30,-2
6/4/2025 0:45,-2
6/4/2025 1:00,-2
6/4/2025 1:15,-3
6/4/2025 1:30,-3
6/4/2025 1:45,-3
6/4/2025 2:00,-3
6/4/2025 2:15,-3
6/4/2025 2:30,-2
6/4/2025 2:45,-2
6/4/2025 3:00,-4
6/4/2025 3:15,-2
6/4/2025 3:30,-2
6/4/2025 3:45,-2
6/4/2025 4:00,-3
6/4/2025 4:15,-3
6/4/2025 4:30,-2
6/4/2025 4:45,-2
6/4/2025 5:00,-2
6/4/2025 5:15,-3
6/4/2025 5:30,-3
6/4/2025 5:45,-3
6/4/2025 6:00,-2
6/4/2025 6:15,-98
6/4/2025 6:30,-196
6/4/2025 6:45,-120
6/4/2025 7:00,-533
6/4/2025 7:15,-441
6/4/2025 7:30,-280
6/4/2025 7:45,-991
6/4/2025 8:00,-1046
6/4/2025 8:15,-1319
6/4/2025 8:30,-1357
6/4/2025 8:45,-1347
6/4/2025 9:00,-1541
6/4/2025 9:15,-1356
6/4/2025 9:30,-1412
6/4/2025 9:45,-1098
6/4/2025 10:00,-1269
6/4/2025 10:15,-652
6/4/2025 10:30,-493
6/4/2025 10:45,-756
6/4/2025 11:00,-921
6/4/2025 11:15,-1137
6/4/2025 11:30,-1566
6/4/2025 11:45,-1421
6/4/2025 12:00,-735
6/4/2025 12:15,-987
6/4/2025 12:30,-1190
6/4/2025 12:45,-1086
6/4/2025 13:00,-1617
6/4/2025 13:15,-1352
6/4/2025 13:30,-1616
6/4/2025 13:45,-1223
6/4/2025 14:00,-876
6/4/2025 14:15,-949
6/4/2025 14:30,-1672
6/4/2025 14:45,-1563
6/4/2025 15:00,-1295
6/4/2025 15:15,-723
6/4/2025 15:30,-497
6/4/2025 15:45,-732
6/4/2025 16:00,-1669
6/4/2025 16:15,-688
6/4/2025 16:30,-437
6/4/2025 16:45,-673
6/4/2025 17:00,-1077
6/4/2025 17:15,-501
6/4/2025 17:30,-1365
6/4/2025 17:45,-1399
6/4/2025 18:00,-648
6/4/2025 18:15,-385
6/4/2025 18:30,-1178
6/4/2025 18:45,-191
6/4/2025 19:00,-110
6/4/2025 19:15,-120
6/4/2025 19:30,-114
6/4/2025 19:45,-71
6/4/2025 20:00,-41
6/4/2025 20:15,-20
6/4/2025 20:30,-2
6/4/2025 20:45,-2
6/4/2025 21:00,-2
6/4/2025 21:15,-3
6/4/2025 21:30,-3
6/4/2025 21:45,-3
6/4/2025 22:00,-2
6/4/2025 22:15,-3
6/4/2025 22:30,-2
6/4/2025 22:45,-2
6/4/2025 23:00,-3
6/4/2025 23:15,-2
6/4/2025 23:30,-2
6/4/2025 23:45,-2
6/5/2025 0:00,-2
6/5/2025 0:15,-2
6/5/2025 0:30,-2
6/5/2025 0:45,-2
6/5/2025 1:00,-3
6/5/2025 1:15,-2
6/5/2025 1:30,-2
6/5/2025 1:45,-2
6/5/2025 2:00,-2
6/5/2025 2:15,-2
6/5/2025 2:30,-3
6/5/2025 2:45,-3
6/5/2025 3:00,-3
6/5/2025 3:15,-2
6/5/2025 3:30,-2
6/5/2025 3:45,-2
6/5/2025 4:00,-3
6/5/2025 4:15,-3
6/5/2025 4:30,-3
6/5/2025 4:45,-3
6/5/2025 5:00,-2
6/5/2025 5:15,-2
6/5/2025 5:30,-2
6/5/2025 5:45,-2
6/5/2025 6:00,-1
6/5/2025 6:15,-3
6/5/2025 6:30,-38
6/5/2025 6:45,-78
6/5/2025 7:00,-164
6/5/2025 7:15,-144
6/5/2025 7:30,-148
6/5/2025 7:45,-127
6/5/2025 8:00,-310
6/5/2025 8:15,-350
6/5/2025 8:30,-653
6/5/2025 8:45,-830
6/5/2025 9:00,-1483
6/5/2025 9:15,-1497
6/5/2025 9:30,-1544
6/5/2025 9:45,-1600
6/5/2025 10:00,-1109
6/5/2025 10:15,-1551
6/5/2025 10:30,-1657
6/5/2025 10:45,-1633
6/5/2025 11:00,-1529
6/5/2025 11:15,-1066
6/5/2025 11:30,-305
6/5/2025 11:45,-445
6/5/2025 12:00,-215
6/5/2025 12:15,-58
6/5/2025 12:30,-453
6/5/2025 12:45,-522
6/5/2025 13:00,-908
6/5/2025 13:15,-1643
6/5/2025 13:30,-1001
6/5/2025 13:45,-1672
6/5/2025 14:00,-1555
6/5/2025 14:15,-1608
6/5/2025 14:30,-1672
6/5/2025 14:45,-1672
6/5/2025 15:00,-1584
6/5/2025 15:15,-1669
6/5/2025 15:30,-1662
6/5/2025 15:45,-1659
6/5/2025 16:00,-1632
6/5/2025 16:15,-561
6/5/2025 16:30,-1526
6/5/2025 16:45,-1646
6/5/2025 17:00,-1547
6/5/2025 17:15,-339
6/5/2025 17:30,-652
6/5/2025 17:45,-952
6/5/2025 18:00,-1245
6/5/2025 18:15,-1302
6/5/2025 18:30,-1125
6/5/2025 18:45,-942
6/5/2025 19:00,-554
6/5/2025 19:15,-406
6/5/2025 19:30,-318
6/5/2025 19:45,-177
6/5/2025 20:00,-76
6/5/2025 20:15,-18
6/5/2025 20:30,-3
6/5/2025 20:45,-3
6/5/2025 21:00,-3
6/5/2025 21:15,-3
6/5/2025 21:30,-3
6/5/2025 21:45,-3
6/5/2025 22:00,-3
6/5/2025 22:15,-3
6/5/2025 22:30,-2
6/5/2025 22:45,-2
6/5/2025 23:00,-2
6/5/2025 23:15,-2
6/5/2025 23:30,-2
6/5/2025 23:45,-3
6/6/2025 0:00,-3
6/6/2025 0:15,-2
6/6/2025 0:30,-2
6/6/2025 1:00,-2
6/6/2025 1:15,-3
6/6/2025 1:30,-2
6/6/2025 1:45,-2
6/6/2025 2:00,-2
6/6/2025 2:15,-2
6/6/2025 2:30,-2
6/6/2025 2:45,-2
6/6/2025 3:00,-2
6/6/2025 3:15,-2
6/6/2025 3:30,-2
6/6/2025 3:45,-2
6/6/2025 4:00,-2
6/6/2025 4:15,-2
6/6/2025 4:30,-2
6/6/2025 4:45,-3
6/6/2025 5:00,-2
6/6/2025 5:15,-2
6/6/2025 5:30,-2
6/6/2025 5:45,-2
6/6/2025 6:00,-12
6/6/2025 6:15,-69
6/6/2025 6:30,-183
6/6/2025 6:45,-349
6/6/2025 7:00,-546
6/6/2025 7:15,-754
6/6/2025 7:30,-949
6/6/2025 7:45,-1114
6/6/2025 8:00,-1221
6/6/2025 8:15,-1307
6/6/2025 8:30,-1358
6/6/2025 8:45,-1403
6/6/2025 9:00,-1448
6/6/2025 9:15,-1486
6/6/2025 9:30,-1524
6/6/2025 9:45,-1548
6/6/2025 10:00,-1582
6/6/2025 10:15,-1604
6/6/2025 10:30,-1626
6/6/2025 10:45,-1630
6/6/2025 11:00,-1647
6/6/2025 11:15,-1663
6/6/2025 11:30,-1636
6/6/2025 11:45,-505
6/6/2025 12:00,-1669
6/6/2025 12:15,-1669
6/6/2025 12:30,-1669
6/6/2025 12:45,-1455
6/6/2025 13:00,-1669
6/6/2025 13:15,-501
6/6/2025 13:30,-1670
6/6/2025 13:45,-1662
6/6/2025 14:00,-1501
6/6/2025 14:15,-1670
6/6/2025 14:30,-664
6/6/2025 14:45,-1098
6/6/2025 15:00,-1667
6/6/2025 15:15,-864
6/6/2025 15:30,-1664
6/6/2025 15:45,-1658
6/6/2025 16:00,-1506
6/6/2025 16:15,-1624
6/6/2025 16:30,-1593
6/6/2025 16:45,-1567
6/6/2025 17:00,-1530
6/6/2025 17:15,-1496
6/6/2025 17:30,-1449
6/6/2025 17:45,-1406
6/6/2025 18:00,-1350
6/6/2025 18:15,-1281
6/6/2025 18:30,-1152
6/6/2025 18:45,-960
6/6/2025 19:00,-684
6/6/2025 19:15,-464
6/6/2025 19:30,-309
6/6/2025 19:45,-183
6/6/2025 20:00,-83
6/6/2025 20:15,-27
6/6/2025 20:30,-4
6/6/2025 20:45,-3
6/6/2025 21:00,-3
6/6/2025 21:15,-2
6/6/2025 21:30,-2
6/6/2025 21:45,-3
6/6/2025 22:00,-3
6/6/2025 22:15,-3
6/6/2025 22:30,-2
6/6/2025 22:45,-3
6/6/2025 23:00,-2
6/6/2025 23:15,-2
6/6/2025 23:30,-2
6/6/2025 23:45,-3
6/7/2025 0:00,-3
6/7/2025 0:15,-3
6/7/2025 0:30,-3
6/7/2025 0:45,-3
6/7/2025 1:00,-2
6/7/2025 1:15,-2
6/7/2025 1:30,-2
6/7/2025 1:45,-2
6/7/2025 2:00,-2
6/7/2025 2:15,-3
6/7/2025 2:30,-2
6/7/2025 2:45,-2
6/7/2025 3:00,-2
6/7/2025 3:15,-2
6/7/2025 3:30,-2
6/7/2025 3:45,-3
6/7/2025 4:00,-3
6/7/2025 4:15,-2
6/7/2025 4:30,-3
6/7/2025 4:45,-2
6/7/2025 5:00,-2
6/7/2025 5:15,-2
6/7/2025 5:30,-2
6/7/2025 5:45,-2
6/7/2025 6:00,-18
6/7/2025 6:15,-70
6/7/2025 6:30,-183
6/7/2025 6:45,-344
6/7/2025 7:00,-535
6/7/2025 7:15,-735
6/7/2025 7:30,-937
6/7/2025 7:45,-1103
6/7/2025 8:00,-1217
6/7/2025 8:15,-1303
6/7/2025 8:30,-1355
6/7/2025 8:45,-1401
6/7/2025 9:00,-1443
6/7/2025 9:15,-1485
6/7/2025 9:30,-1363
6/7/2025 9:45,-1493
6/7/2025 10:00,-1466
6/7/2025 10:15,-1539
6/7/2025 10:30,-1429
6/7/2025 10:45,-1335
6/7/2025 11:00,-1342
6/7/2025 11:15,-1395
6/7/2025 11:30,-1324
6/7/2025 11:45,-1404
6/7/2025 12:00,-1357
6/7/2025 12:15,-1478
6/7/2025 12:30,-1206
6/7/2025 12:45,-1285
6/7/2025 13:00,-1431
6/7/2025 13:15,-1365
6/7/2025 13:30,-1305
6/7/2025 13:45,-1372
6/7/2025 14:00,-1444
6/7/2025 14:15,-1560
6/7/2025 14:45,-1554
6/7/2025 15:00,-1519
6/7/2025 15:15,-1513
6/7/2025 15:30,-1625
6/7/2025 15:45,-1579
6/7/2025 16:00,-1629
6/7/2025 16:15,-1605
6/7/2025 16:30,-1584
6/7/2025 16:45,-1555
6/7/2025 17:00,-1524
6/7/2025 17:15,-1489
6/7/2025 17:30,-1447
6/7/2025 17:45,-1400
6/7/2025 18:00,-1336
6/7/2025 18:15,-1234
6/7/2025 18:30,-1120
6/7/2025 18:45,-933
6/7/2025 19:00,-689
6/7/2025 19:15,-481
6/7/2025 19:30,-302
6/7/2025 19:45,-178
6/7/2025 20:00,-84
6/7/2025 20:15,-28
6/7/2025 20:30,-5
6/7/2025 20:45,-2
6/7/2025 21:00,-4
6/7/2025 21:15,-3
6/7/2025 21:30,-4
6/7/2025 21:45,-3
6/7/2025 22:00,-4
6/7/2025 22:15,-3
6/7/2025 22:30,-3
6/7/2025 22:45,-3
6/7/2025 23:00,-3
6/7/2025 23:15,-3
6/7/2025 23:30,-3
6/7/2025 23:45,-3
6/8/2025 0:00,-2
6/8/2025 0:15,-2
6/8/2025 0:30,-3
6/8/2025 0:45,-3
6/8/2025 1:00,-3
6/8/2025 1:15,-2
6/8/2025 1:30,-2
6/8/2025 1:45,-3
6/8/2025 2:00,-3
6/8/2025 2:15,-3
6/8/2025 2:30,-2
6/8/2025 2:45,-3
6/8/2025 3:00,-3
6/8/2025 3:15,-3
6/8/2025 3:30,-3
6/8/2025 3:45,-2
6/8/2025 4:00,-2
6/8/2025 4:15,-2
6/8/2025 4:30,-2
6/8/2025 4:45,-2
6/8/2025 5:00,-2
6/8/2025 5:15,-3
6/8/2025 5:30,-3
6/8/2025 5:45,-3
6/8/2025 6:00,-16
6/8/2025 6:15,-69
6/8/2025 6:30,-185
6/8/2025 6:45,-354
6/8/2025 7:00,-551
6/8/2025 7:15,-748
6/8/2025 7:30,-951
6/8/2025 7:45,-1121
6/8/2025 8:00,-1228
6/8/2025 8:15,-1305
6/8/2025 8:30,-1357
6/8/2025 8:45,-1405
6/8/2025 9:00,-1443
6/8/2025 9:15,-1484
6/8/2025 9:30,-1435
6/8/2025 9:45,-1410
6/8/2025 10:00,-1464
6/8/2025 10:15,-1451
6/8/2025 10:30,-1483
6/8/2025 10:45,-1507
6/8/2025 11:00,-1469
6/8/2025 11:15,-1420
6/8/2025 11:30,-1494
6/8/2025 11:45,-1569
6/8/2025 12:00,-762
6/8/2025 12:15,-849
6/8/2025 12:30,-744
6/8/2025 12:45,-317
6/8/2025 13:00,-1669
6/8/2025 13:15,-1536
6/8/2025 13:30,-1399
6/8/2025 13:45,-1530
6/8/2025 14:00,-1371
6/8/2025 14:15,-698
6/8/2025 14:30,-1589
6/8/2025 14:45,-942
6/8/2025 15:00,-1669
6/8/2025 15:15,-1665
6/8/2025 15:30,-1575
6/8/2025 15:45,-1660
6/8/2025 16:00,-1660
6/8/2025 16:15,-1614
6/8/2025 16:30,-1626
6/8/2025 16:45,-1633
6/8/2025 17:00,-1497
6/8/2025 17:15,-1550
6/8/2025 17:30,-1502
6/8/2025 17:45,-474
6/8/2025 18:00,-1375
6/8/2025 18:15,-1282
6/8/2025 18:30,-1157
6/8/2025 18:45,-937
6/8/2025 19:00,-699
6/8/2025 19:15,-463
6/8/2025 19:30,-316
6/8/2025 19:45,-196
6/8/2025 20:00,-96
6/8/2025 20:15,-32
6/8/2025 20:30,-8
6/8/2025 20:45,-3
6/8/2025 21:00,-4
6/8/2025 21:15,-3
6/8/2025 21:30,-4
6/8/2025 21:45,-4
6/8/2025 22:00,-4
6/8/2025 22:15,-2
6/8/2025 22:30,-3
6/8/2025 22:45,-3
6/8/2025 23:00,-2
6/8/2025 23:15,-3
6/8/2025 23:30,-3
6/8/2025 23:45,-3
6/9/2025 0:00,-3
6/9/2025 0:15,-2
6/9/2025 0:30,-2
6/9/2025 0:45,-2
6/9/2025 1:00,-3
6/9/2025 1:15,-3
6/9/2025 1:30,-2
6/9/2025 1:45,-2
6/9/2025 2:00,-3
6/9/2025 2:15,-2
6/9/2025 2:30,-2
6/9/2025 2:45,-3
6/9/2025 3:00,-2
6/9/2025 3:15,-2
6/9/2025 3:30,-3
6/9/2025 3:45,-3
6/9/2025 4:00,-2
6/9/2025 4:15,-2
6/9/2025 4:30,-3
6/9/2025 4:45,-3
6/9/2025 5:00,-3
6/9/2025 5:15,-3
6/9/2025 5:30,-2
6/9/2025 5:45,-3
6/9/2025 6:00,-15
6/9/2025 6:15,-58
6/9/2025 6:30,-199
6/9/2025 6:45,-368
6/9/2025 7:00,-556
6/9/2025 7:15,-751
6/9/2025 7:30,-945
6/9/2025 7:45,-1108
6/9/2025 8:00,-1206
6/9/2025 8:15,-1295
6/9/2025 8:30,-1390
6/9/2025 8:45,-1137
6/9/2025 9:00,-668
6/9/2025 9:15,-1607
6/9/2025 9:30,-1261
6/9/2025 9:45,-532
6/9/2025 10:00,-824
6/9/2025 10:15,-1654
6/9/2025 10:30,-1654
6/9/2025 10:45,-1083
6/9/2025 11:00,-700
6/9/2025 11:15,-1594
6/9/2025 11:30,-1652
6/9/2025 11:45,-970
6/9/2025 12:00,-977
6/9/2025 12:15,-730
6/9/2025 12:30,-775
6/9/2025 12:45,-1654
6/9/2025 13:00,-1660
6/9/2025 13:15,-1617
6/9/2025 13:30,-1491
6/9/2025 13:45,-1118
6/9/2025 14:00,-996
6/9/2025 14:15,-1121
6/9/2025 14:30,-474
6/9/2025 14:45,-567
6/9/2025 15:00,-477
6/9/2025 15:15,-477
6/9/2025 15:30,-531
6/9/2025 15:45,-1006
6/9/2025 16:00,-1606
6/9/2025 16:15,-1599
6/9/2025 16:30,-1518
6/9/2025 16:45,-1027
6/9/2025 17:00,-1235
6/9/2025 17:15,-1079
6/9/2025 17:30,-918
6/9/2025 17:45,-778
6/9/2025 18:00,-704
6/9/2025 18:15,-578
6/9/2025 18:30,-498
6/9/2025 18:45,-357
6/9/2025 19:00,-270
6/9/2025 19:15,-193
6/9/2025 19:30,-127
6/9/2025 19:45,-88
6/9/2025 20:00,-51
6/9/2025 20:15,-20
6/9/2025 20:30,-3
6/9/2025 20:45,-3
6/9/2025 21:00,-2
6/9/2025 21:15,-2
6/9/2025 21:30,-3
6/9/2025 21:45,-2
6/9/2025 22:00,-2
6/9/2025 22:15,-3
6/9/2025 22:30,-3
6/9/2025 22:45,-3
6/9/2025 23:00,-4
6/9/2025 23:15,-3
6/9/2025 23:30,-2
6/9/2025 23:45,-3
6/10/2025 0:00,-3
6/10/2025 0:15,-3
6/10/2025 0:30,-3
6/10/2025 0:45,-2
6/10/2025 1:00,-3
6/10/2025 1:15,-2
6/10/2025 1:30,-3
6/10/2025 1:45,-3
6/10/2025 2:00,-3
6/10/2025 2:15,-3
6/10/2025 2:30,-2
6/10/2025 2:45,-3
6/10/2025 3:00,-3
6/10/2025 3:15,-3
6/10/2025 3:30,-3
6/10/2025 3:45,-3
6/10/2025 4:00,-2
6/10/2025 4:15,-3
6/10/2025 4:30,-3
6/10/2025 4:45,-3
6/10/2025 5:00,-3
6/10/2025 5:15,-3
6/10/2025 5:30,-2
6/10/2025 5:45,-3
6/10/2025 6:00,-15
6/10/2025 6:15,-35
6/10/2025 6:30,-131
6/10/2025 6:45,-270
6/10/2025 7:00,-463
6/10/2025 7:15,-677
6/10/2025 7:30,-625
6/10/2025 7:45,-711
6/10/2025 8:00,-710
6/10/2025 8:15,-1097
6/10/2025 8:30,-1360
6/10/2025 8:45,-1304
6/10/2025 9:00,-1197
6/10/2025 9:15,-1470
6/10/2025 9:30,-1516
6/10/2025 9:45,-1546
6/10/2025 10:00,-1574
6/10/2025 10:15,-1595
6/10/2025 10:30,-1616
6/10/2025 10:45,-1632
6/10/2025 11:00,-1647
6/10/2025 11:15,-1655
6/10/2025 11:30,-1657
6/10/2025 11:45,-1666
6/10/2025 12:00,-1669
6/10/2025 12:15,-1664
6/10/2025 12:30,-1666
6/10/2025 12:45,-1589
6/10/2025 13:00,-1608
6/10/2025 13:15,-331
6/10/2025 13:30,-251
6/10/2025 13:45,-273
6/10/2025 14:00,-379
6/10/2025 14:15,-457
6/10/2025 14:30,-465
6/10/2025 14:45,-414
6/10/2025 15:00,-400
6/10/2025 15:15,-329
6/10/2025 15:30,-268
6/10/2025 15:45,-205
6/10/2025 16:00,-174
6/10/2025 16:15,-154
6/10/2025 16:30,-150
6/10/2025 16:45,-162
6/10/2025 17:00,-234
6/10/2025 17:15,-526
6/10/2025 17:30,-631
6/10/2025 17:45,-467
6/10/2025 18:00,-879
6/10/2025 18:15,-959
6/10/2025 18:30,-994
6/10/2025 18:45,-1077
6/10/2025 19:00,-761
6/10/2025 19:15,-526
6/10/2025 19:30,-345
6/10/2025 19:45,-208
6/10/2025 20:00,-71
6/10/2025 20:15,-36
6/10/2025 20:30,-12
6/10/2025 20:45,-2
6/10/2025 21:00,-3
6/10/2025 21:15,-2
6/10/2025 21:30,-3
6/10/2025 21:45,-2
6/10/2025 22:00,-4
6/10/2025 22:15,-3
6/10/2025 22:30,-2
6/10/2025 22:45,-3
6/10/2025 23:00,-2
6/10/2025 23:15,-3
6/10/2025 23:30,-3
6/10/2025 23:45,-2
6/11/2025 0:00,-2
6/11/2025 0:15,-1
6/11/2025 0:30,-2
6/11/2025 0:45,-3
6/11/2025 1:00,-2
6/11/2025 1:15,-3
6/11/2025 1:30,-2
6/11/2025 1:45,-2
6/11/2025 2:00,-3
6/11/2025 2:15,-3
6/11/2025 2:30,-2
6/11/2025 2:45,-2
6/11/2025 3:00,-2
6/11/2025 3:15,-2
6/11/2025 3:30,-2
6/11/2025 3:45,-2
6/11/2025 4:00,-2
6/11/2025 4:15,-2
6/11/2025 4:30,-2
6/11/2025 4:45,-2
6/11/2025 5:00,-2
6/11/2025 5:15,-2
6/11/2025 5:30,-2
6/11/2025 5:45,-3
6/11/2025 6:00,-16
6/11/2025 6:15,-70
6/11/2025 6:30,-186
6/11/2025 6:45,-352
6/11/2025 7:00,-544
6/11/2025 7:15,-740
6/11/2025 7:30,-932
6/11/2025 7:45,-1108
6/11/2025 8:00,-1211
6/11/2025 8:15,-1298
6/11/2025 8:30,-1349
6/11/2025 8:45,-1393
6/11/2025 9:00,-1438
6/11/2025 9:15,-1478
6/11/2025 9:30,-1515
6/11/2025 9:45,-1543
6/11/2025 10:00,-1572
6/11/2025 10:15,-1593
6/11/2025 10:30,-1612
6/11/2025 10:45,-1625
6/11/2025 11:00,-1642
6/11/2025 11:15,-1655
6/11/2025 11:30,-1659
6/11/2025 11:45,-1662
6/11/2025 12:00,-1669
6/11/2025 12:15,-1669
6/11/2025 12:30,-1670
6/11/2025 12:45,-1667
6/11/2025 13:00,-526
6/11/2025 13:15,-1669
6/11/2025 13:30,-797
6/11/2025 13:45,-1005
6/11/2025 14:00,-546
6/11/2025 14:15,-501
6/11/2025 14:30,-567
6/11/2025 15:00,-1366
6/11/2025 15:15,-1650
6/11/2025 15:30,-1649
6/11/2025 15:45,-495
6/11/2025 16:00,-408
6/11/2025 16:15,-426
6/11/2025 16:30,-436
6/11/2025 16:45,-430
6/11/2025 17:00,-1277
6/11/2025 17:30,-335
6/11/2025 17:45,-342
6/11/2025 18:00,-436
6/11/2025 18:15,-412
6/11/2025 18:30,-476
6/11/2025 18:45,-1242
6/11/2025 19:00,-939
6/11/2025 19:15,-629
6/11/2025 19:30,-398
6/11/2025 19:45,-99
6/11/2025 20:00,-59
6/11/2025 20:15,-26
6/11/2025 20:30,-2
6/11/2025 20:45,-4
6/11/2025 21:00,-3
6/11/2025 21:15,-4
6/11/2025 21:30,-3
6/11/2025 21:45,-3
6/11/2025 22:00,-4
6/11/2025 22:15,-3
6/11/2025 22:30,-4
6/11/2025 22:45,-4
6/11/2025 23:00,-2
6/11/2025 23:15,-3
6/11/2025 23:30,-3
6/11/2025 23:45,-3
6/12/2025 0:00,-3
6/12/2025 0:15,-2
6/12/2025 0:30,-3
6/12/2025 0:45,-3
6/12/2025 1:00,-3
6/12/2025 1:15,-3
6/12/2025 1:30,-3
6/12/2025 1:45,-3
6/12/2025 2:00,-3
6/12/2025 2:15,-3
6/12/2025 2:30,-3
6/12/2025 2:45,-3
6/12/2025 3:00,-2
6/12/2025 3:15,-3
6/12/2025 3:30,-2
6/12/2025 3:45,-2
6/12/2025 4:00,-2
6/12/2025 4:15,-2
6/12/2025 4:30,-2
6/12/2025 4:45,-3
6/12/2025 5:00,-2
6/12/2025 5:15,-2
6/12/2025 5:30,-2
6/12/2025 5:45,-3
6/12/2025 6:00,-15
6/12/2025 6:15,-54
6/12/2025 6:30,-175
6/12/2025 6:45,-347
6/12/2025 7:00,-550
6/12/2025 7:15,-735
6/12/2025 7:30,-927
6/12/2025 7:45,-1103
6/12/2025 8:00,-1199
6/12/2025 8:15,-1301
6/12/2025 8:30,-1355
6/12/2025 8:45,-1393
6/12/2025 9:00,-1434
6/12/2025 9:15,-1472
6/12/2025 9:30,-1512
6/12/2025 9:45,-1551
6/12/2025 10:00,-1578
6/12/2025 10:15,-1588
6/12/2025 10:30,-1607
6/12/2025 10:45,-1620
6/12/2025 11:00,-1635
6/12/2025 11:15,-1650
6/12/2025 11:30,-1657
6/12/2025 11:45,-1661
6/12/2025 12:00,-1665
6/12/2025 12:15,-1648
6/12/2025 12:30,-1636
6/12/2025 12:45,-1633
6/12/2025 13:00,-1640
6/12/2025 13:15,-1649
6/12/2025 13:30,-754
6/12/2025 13:45,-1661
6/12/2025 14:00,-1649
6/12/2025 14:15,-1609
6/12/2025 14:30,-1616
6/12/2025 14:45,-1594
6/12/2025 15:00,-1623
6/12/2025 15:15,-1641
6/12/2025 15:30,-823
6/12/2025 15:45,-1608
6/12/2025 16:00,-1609
6/12/2025 16:15,-1585
6/12/2025 16:30,-1570
6/12/2025 16:45,-1554
6/12/2025 17:00,-1513
6/12/2025 17:15,-1481
6/12/2025 17:30,-1452
6/12/2025 17:45,-1397
6/12/2025 18:00,-1338
6/12/2025 18:15,-1237
6/12/2025 18:30,-1137
6/12/2025 18:45,-950
6/12/2025 19:00,-724
6/12/2025 19:15,-504
6/12/2025 19:30,-325
6/12/2025 19:45,-201
6/12/2025 20:00,-94
6/12/2025 20:15,-33
6/12/2025 20:30,-10
6/12/2025 20:45,-4
6/12/2025 21:00,-4
6/12/2025 21:15,-4
6/12/2025 21:30,-3
6/12/2025 21:45,-4
6/12/2025 22:00,-3
6/12/2025 22:15,-3
6/12/2025 22:30,-2
6/12/2025 22:45,-3
6/12/2025 23:00,-2
6/12/2025 23:15,-2
6/12/2025 23:30,-2
6/12/2025 23:45,-2
6/13/2025 0:00,-2
6/13/2025 0:15,-2
6/13/2025 0:30,-3
6/13/2025 0:45,-3
6/13/2025 1:00,-3
6/13/2025 1:15,-2
6/13/2025 1:30,-2
6/13/2025 1:45,-3
6/13/2025 2:00,-3
6/13/2025 2:15,-3
6/13/2025 2:30,-2
6/13/2025 2:45,-3
6/13/2025 3:00,-2
6/13/2025 3:15,-2
6/13/2025 3:30,-2
6/13/2025 3:45,-3
6/13/2025 4:00,-3
6/13/2025 4:15,-2
6/13/2025 4:30,-2
6/13/2025 4:45,-3
6/13/2025 5:00,-3
6/13/2025 5:15,-3
6/13/2025 5:30,-3
6/13/2025 5:45,-3
6/13/2025 6:00,-18
6/13/2025 6:15,-73
6/13/2025 6:30,-187
6/13/2025 6:45,-349
6/13/2025 7:00,-551
6/13/2025 7:15,-742
6/13/2025 7:30,-938
6/13/2025 7:45,-1109
6/13/2025 8:00,-1216
6/13/2025 8:15,-1301
6/13/2025 8:30,-1353
6/13/2025 8:45,-1397
6/13/2025 9:00,-1441
6/13/2025 9:15,-1480
6/13/2025 9:30,-1514
6/13/2025 9:45,-1548
6/13/2025 10:00,-1571
6/13/2025 10:15,-1594
6/13/2025 10:30,-1612
6/13/2025 10:45,-1629
6/13/2025 11:00,-1646
6/13/2025 11:15,-1654
6/13/2025 11:30,-1658
6/13/2025 11:45,-1662
6/13/2025 12:00,-1666
6/13/2025 12:15,-1668
6/13/2025 12:30,-1667
6/13/2025 12:45,-1669
6/13/2025 13:00,-1669
6/13/2025 13:15,-1668
6/13/2025 13:30,-1668
6/13/2025 13:45,-1667
6/13/2025 14:00,-1667
6/13/2025 14:15,-1668
6/13/2025 14:30,-1667
6/13/2025 14:45,-1668
6/13/2025 15:00,-1636
6/13/2025 15:15,-1632
6/13/2025 15:30,-1634
6/13/2025 15:45,-1638
6/13/2025 16:00,-1618
6/13/2025 16:15,-1599
6/13/2025 16:30,-1575
6/13/2025 16:45,-1546
6/13/2025 17:00,-1515
6/13/2025 17:15,-1477
6/13/2025 17:30,-1431
6/13/2025 17:45,-1386
6/13/2025 18:00,-1336
6/13/2025 18:15,-1254
6/13/2025 18:30,-1150
6/13/2025 18:45,-963
6/13/2025 19:00,-697
6/13/2025 19:15,-501
6/13/2025 19:30,-328
6/13/2025 19:45,-207
6/13/2025 20:00,-100
6/13/2025 20:15,-34
6/13/2025 20:30,-10
6/13/2025 20:45,-3
6/13/2025 21:00,-4
6/13/2025 21:15,-4
6/13/2025 21:30,-3
6/13/2025 21:45,-4
6/13/2025 22:00,-3
6/13/2025 22:15,-2
6/13/2025 22:30,-2
6/13/2025 22:45,-3
6/13/2025 23:00,-2
6/13/2025 23:15,-3
6/13/2025 23:30,-2
6/13/2025 23:45,-3
6/14/2025 0:00,-3
6/14/2025 0:15,-3
6/14/2025 0:30,-2
6/14/2025 0:45,-2
6/14/2025 1:00,-3
6/14/2025 1:15,-4
6/14/2025 1:30,-3
6/14/2025 1:45,-3
6/14/2025 2:00,-3
6/14/2025 2:15,-3
6/14/2025 2:30,-3
6/14/2025 2:45,-2
6/14/2025 3:00,-2
6/14/2025 3:15,-3
6/14/2025 3:30,-3
6/14/2025 3:45,-3
6/14/2025 4:00,-3
6/14/2025 4:15,-2
6/14/2025 4:30,-2
6/14/2025 4:45,-3
6/14/2025 5:00,-3
6/14/2025 5:15,-1
6/14/2025 5:30,-2
6/14/2025 5:45,-2
6/14/2025 6:00,-20
6/14/2025 6:15,-93
6/14/2025 6:30,-275
6/14/2025 6:45,-371
6/14/2025 7:00,-614
6/14/2025 7:15,-463
6/14/2025 7:30,-989
6/14/2025 7:45,-1151
6/14/2025 8:00,-1256
6/14/2025 8:15,-1325
6/14/2025 8:30,-1400
6/14/2025 8:45,-1430
6/14/2025 9:00,-1459
6/14/2025 9:15,-1420
6/14/2025 9:30,-1452
6/14/2025 9:45,-1480
6/14/2025 10:00,-1585
6/14/2025 10:15,-1589
6/14/2025 10:30,-1613
6/14/2025 10:45,-1634
6/14/2025 11:00,-1598
6/14/2025 11:15,-1647
6/14/2025 11:30,-1659
6/14/2025 11:45,-1663
6/14/2025 12:00,-1632
6/14/2025 12:15,-1584
6/14/2025 12:30,-1648
6/14/2025 12:45,-1593
6/14/2025 13:00,-1668
6/14/2025 13:15,-1668
6/14/2025 13:30,-1667
6/14/2025 13:45,-1667
6/14/2025 14:00,-1666
6/14/2025 14:15,-1667
6/14/2025 14:30,-1668
6/14/2025 14:45,-1596
6/14/2025 15:00,-1667
6/14/2025 15:15,-1663
6/14/2025 15:30,-1660
6/14/2025 15:45,-1655
6/14/2025 16:00,-1635
6/14/2025 16:15,-1601
6/14/2025 16:30,-1578
6/14/2025 16:45,-1552
6/14/2025 17:00,-1518
6/14/2025 17:15,-1481
6/14/2025 17:30,-1440
6/14/2025 17:45,-1399
6/14/2025 18:00,-1346
6/14/2025 18:15,-1248
6/14/2025 18:30,-1157
6/14/2025 18:45,-986
6/14/2025 19:00,-770
6/14/2025 19:15,-514
6/14/2025 19:30,-356
6/14/2025 19:45,-211
6/14/2025 20:00,-101
6/14/2025 20:15,-32
6/14/2025 20:30,-10
6/14/2025 20:45,-3
6/14/2025 21:00,-4
6/14/2025 21:15,-4
6/14/2025 21:30,-4
6/14/2025 21:45,-3
6/14/2025 22:00,-3
6/14/2025 22:15,-3
6/14/2025 22:30,-3
6/14/2025 22:45,-3
6/14/2025 23:00,-3
6/14/2025 23:15,-3
6/14/2025 23:30,-3
6/14/2025 23:45,-3
6/15/2025 0:00,-3
6/15/2025 0:15,-2
6/15/2025 0:30,-2
6/15/2025 0:45,-3
6/15/2025 1:00,-2
6/15/2025 1:15,-3
6/15/2025 1:30,-3
6/15/2025 1:45,-2
6/15/2025 2:00,-2
6/15/2025 2:15,-3
6/15/2025 2:30,-2
6/15/2025 2:45,-3
6/15/2025 3:00,-3
6/15/2025 3:15,-2
6/15/2025 3:30,-2
6/15/2025 3:45,-3
6/15/2025 4:00,-2
6/15/2025 4:15,-2
6/15/2025 4:30,-2
6/15/2025 4:45,-2
6/15/2025 5:00,-2
6/15/2025 5:15,-2
6/15/2025 5:30,-2
6/15/2025 5:45,-2
6/15/2025 6:00,-17
6/15/2025 6:15,-77
6/15/2025 6:30,-209
6/15/2025 6:45,-386
6/15/2025 7:00,-606
6/15/2025 7:15,-791
6/15/2025 7:30,-989
6/15/2025 7:45,-1162
6/15/2025 8:00,-1259
6/15/2025 8:15,-1317
6/15/2025 8:30,-1367
6/15/2025 8:45,-1414
6/15/2025 9:00,-1457
6/15/2025 9:15,-1493
6/15/2025 9:30,-1485
6/15/2025 9:45,-1503
6/15/2025 10:00,-1582
6/15/2025 10:15,-1598
6/15/2025 10:30,-1618
6/15/2025 10:45,-1618
6/15/2025 11:00,-1644
6/15/2025 11:15,-1599
6/15/2025 11:30,-1657
6/15/2025 11:45,-1662
6/15/2025 12:00,-1615
6/15/2025 12:15,-1594
6/15/2025 12:30,-1650
6/15/2025 12:45,-1639
6/15/2025 13:00,-1644
6/15/2025 13:15,-1667
6/15/2025 13:30,-1632
6/15/2025 13:45,-1657
6/15/2025 14:00,-1623
6/15/2025 14:15,-1639
6/15/2025 14:30,-1601
6/15/2025 14:45,-1657
6/15/2025 15:00,-1646
6/15/2025 15:15,-1640
6/15/2025 15:30,-1635
6/15/2025 15:45,-1635
6/15/2025 16:00,-1617
6/15/2025 16:15,-1595
6/15/2025 16:30,-1576
6/15/2025 16:45,-1554
6/15/2025 17:00,-1526
6/15/2025 17:15,-1492
6/15/2025 17:30,-1451
6/15/2025 17:45,-1410
6/15/2025 18:00,-1363
6/15/2025 18:15,-1296
6/15/2025 18:30,-1191
6/15/2025 18:45,-1005
6/15/2025 19:00,-760
6/15/2025 19:15,-544
6/15/2025 19:30,-355
6/15/2025 19:45,-222
6/15/2025 20:00,-103
6/15/2025 20:15,-34
6/15/2025 20:30,-10
6/15/2025 20:45,-3
6/15/2025 21:00,-4
6/15/2025 21:15,-4
6/15/2025 21:30,-4
6/15/2025 21:45,-2
6/15/2025 22:00,-2
6/15/2025 22:15,-3
6/15/2025 22:30,-3
6/15/2025 22:45,-3
6/15/2025 23:00,-3
6/15/2025 23:15,-3
6/15/2025 23:30,-2
6/15/2025 23:45,-3
6/16/2025 0:00,-3
6/16/2025 0:15,-2
6/16/2025 0:30,-3
6/16/2025 0:45,-3
6/16/2025 1:00,-3
6/16/2025 1:15,-2
6/16/2025 1:30,-2
6/16/2025 1:45,-3
6/16/2025 2:00,-2
6/16/2025 2:15,-2
6/16/2025 2:30,-2
6/16/2025 2:45,-2
6/16/2025 3:00,-2
6/16/2025 3:15,-2
6/16/2025 3:30,-2
6/16/2025 3:45,-2
6/16/2025 4:00,-2
6/16/2025 4:15,-3
6/16/2025 4:30,-2
6/16/2025 4:45,-2
6/16/2025 5:00,-2
6/16/2025 5:15,-2
6/16/2025 5:30,-2
6/16/2025 5:45,-2
6/16/2025 6:00,-19
6/16/2025 6:15,-78
6/16/2025 6:30,-204
6/16/2025 6:45,-383
6/16/2025 7:00,-592
6/16/2025 7:15,-781
6/16/2025 7:30,-984
6/16/2025 7:45,-1139
6/16/2025 8:00,-1241
6/16/2025 8:15,-1310
6/16/2025 8:30,-1359
6/16/2025 8:45,-1407
6/16/2025 9:00,-1449
6/16/2025 9:15,-1488
6/16/2025 9:30,-1522
6/16/2025 9:45,-1551
6/16/2025 10:00,-1580
6/16/2025 10:15,-1604
6/16/2025 10:30,-1618
6/16/2025 10:45,-1634
6/16/2025 11:00,-1649
6/16/2025 11:15,-1653
6/16/2025 11:30,-1658
6/16/2025 11:45,-1662
6/16/2025 12:00,-1469
6/16/2025 12:15,-1667
6/16/2025 12:30,-1667
6/16/2025 12:45,-1666
6/16/2025 13:00,-1668
6/16/2025 13:15,-1668
6/16/2025 13:30,-1668
6/16/2025 13:45,-1667
6/16/2025 14:00,-1666
6/16/2025 14:15,-1667
6/16/2025 14:30,-1666
6/16/2025 14:45,-1667
6/16/2025 15:00,-1665
6/16/2025 15:15,-1660
6/16/2025 15:30,-1655
6/16/2025 15:45,-1648
6/16/2025 16:00,-1626
6/16/2025 16:15,-1604
6/16/2025 16:30,-1585
6/16/2025 16:45,-1555
6/16/2025 17:00,-1525
6/16/2025 17:15,-1492
6/16/2025 17:30,-1450
6/16/2025 17:45,-1410
6/16/2025 18:00,-1343
6/16/2025 18:15,-1287
6/16/2025 18:30,-1190
6/16/2025 18:45,-1010
6/16/2025 19:00,-781
6/16/2025 19:15,-515
6/16/2025 19:30,-351
6/16/2025 19:45,-218
6/16/2025 20:00,-104
6/16/2025 20:15,-36
6/16/2025 20:30,-8
6/16/2025 20:45,-4
6/16/2025 21:00,-4
6/16/2025 21:15,-3
6/16/2025 21:30,-3
6/16/2025 21:45,-2
6/16/2025 22:00,-2
6/16/2025 22:15,-3
6/16/2025 22:30,-3
6/16/2025 22:45,-3
6/16/2025 23:00,-3
6/16/2025 23:15,-3
6/16/2025 23:30,-3
6/16/2025 23:45,-4
6/17/2025 0:00,-2
6/17/2025 0:15,-3
6/17/2025 0:30,-3
6/17/2025 0:45,-3
6/17/2025 1:00,-3
6/17/2025 1:15,-3
6/17/2025 1:30,-2
6/17/2025 1:45,-3
6/17/2025 2:00,-3
6/17/2025 2:15,-2
6/17/2025 2:30,-2
6/17/2025 2:45,-3
6/17/2025 3:00,-3
6/17/2025 3:15,-2
6/17/2025 3:30,-3
6/17/2025 3:45,-3
6/17/2025 4:00,-3
6/17/2025 4:15,-3
6/17/2025 4:30,-2
6/17/2025 4:45,-2
6/17/2025 5:00,-2
6/17/2025 5:15,-2
6/17/2025 5:30,-3
6/17/2025 5:45,-2
6/17/2025 6:00,-15
6/17/2025 6:15,-36
6/17/2025 6:30,-85
6/17/2025 6:45,-358
6/17/2025 7:00,-556
6/17/2025 7:15,-724
6/17/2025 7:30,-927
6/17/2025 7:45,-1099
6/17/2025 8:00,-1207
6/17/2025 8:15,-1300
6/17/2025 8:30,-1356
6/17/2025 8:45,-1398
6/17/2025 9:00,-1441
6/17/2025 9:15,-1482
6/17/2025 9:30,-1518
6/17/2025 9:45,-1550
6/17/2025 10:00,-1578
6/17/2025 10:15,-1598
6/17/2025 10:30,-1616
6/17/2025 10:45,-1630
6/17/2025 11:00,-1644
6/17/2025 11:15,-1655
6/17/2025 11:30,-1658
6/17/2025 11:45,-1617
6/17/2025 12:00,-1637
6/17/2025 12:15,-1641
6/17/2025 12:30,-1627
6/17/2025 12:45,-1645
6/17/2025 13:00,-1651
6/17/2025 13:15,-1664
6/17/2025 13:30,-1668
6/17/2025 13:45,-1667
6/17/2025 14:00,-1626
6/17/2025 14:15,-1616
6/17/2025 14:30,-1616
6/17/2025 14:45,-1619
6/17/2025 15:00,-1658
6/17/2025 15:15,-1629
6/17/2025 15:30,-1648
6/17/2025 15:45,-1635
6/17/2025 16:00,-1625
6/17/2025 16:15,-1540
6/17/2025 16:30,-1574
6/17/2025 16:45,-1549
6/17/2025 17:00,-1519
6/17/2025 17:15,-1476
6/17/2025 17:30,-1435
6/17/2025 17:45,-1392
6/17/2025 18:00,-1322
6/17/2025 18:15,-1225
6/17/2025 18:30,-1116
6/17/2025 18:45,-941
6/17/2025 19:00,-719
6/17/2025 19:15,-498
6/17/2025 19:30,-340
6/17/2025 19:45,-214
6/17/2025 20:00,-108
6/17/2025 20:15,-45
6/17/2025 20:30,-14
6/17/2025 20:45,-3
6/17/2025 21:00,-4
6/17/2025 21:15,-3
6/17/2025 21:30,-4
6/17/2025 21:45,-2
6/17/2025 22:00,-4
6/17/2025 22:15,-2
6/17/2025 22:30,-2
6/17/2025 22:45,-4
6/17/2025 23:00,-3
6/17/2025 23:15,-3
6/17/2025 23:30,-3
6/17/2025 23:45,-2
6/18/2025 0:00,-3
6/18/2025 0:15,-2
6/18/2025 0:30,-3
6/18/2025 0:45,-3
6/18/2025 1:00,-3
6/18/2025 1:15,-3
6/18/2025 1:30,-2
6/18/2025 1:45,-2
6/18/2025 2:00,-2
6/18/2025 2:15,-2
6/18/2025 2:30,-3
6/18/2025 2:45,-2
6/18/2025 3:00,-2
6/18/2025 3:15,-3
6/18/2025 3:30,-2
6/18/2025 3:45,-3
6/18/2025 4:00,-3
6/18/2025 4:15,-3
6/18/2025 4:30,-3
6/18/2025 4:45,-3
6/18/2025 5:00,-3
6/18/2025 5:15,-3
6/18/2025 5:30,-3
6/18/2025 5:45,-3
6/18/2025 6:00,-20
6/18/2025 6:15,-76
6/18/2025 6:30,-197
6/18/2025 6:45,-364
6/18/2025 7:00,-566
6/18/2025 7:15,-766
6/18/2025 7:30,-969
6/18/2025 7:45,-1125
6/18/2025 8:00,-1228
6/18/2025 8:15,-1309
6/18/2025 8:30,-1361
6/18/2025 8:45,-1407
6/18/2025 9:00,-1449
6/18/2025 9:15,-1486
6/18/2025 9:30,-1525
6/18/2025 9:45,-1554
6/18/2025 10:00,-1580
6/18/2025 10:15,-1602
6/18/2025 10:30,-1620
6/18/2025 10:45,-1636
6/18/2025 11:00,-1647
6/18/2025 11:15,-1654
6/18/2025 11:30,-1657
6/18/2025 11:45,-1662
6/18/2025 12:00,-1666
6/18/2025 12:15,-1668
6/18/2025 12:30,-1667
6/18/2025 12:45,-1667
6/18/2025 13:00,-1668
6/18/2025 13:15,-1667
6/18/2025 13:30,-1666
6/18/2025 13:45,-1666
6/18/2025 14:00,-1664
6/18/2025 14:15,-1662
6/18/2025 14:30,-1664
6/18/2025 14:45,-1663
6/18/2025 15:00,-1655
6/18/2025 15:15,-1657
6/18/2025 15:30,-1649
6/18/2025 15:45,-1634
6/18/2025 16:00,-1615
6/18/2025 16:15,-1591
6/18/2025 16:30,-1570
6/18/2025 16:45,-1535
6/18/2025 17:00,-1505
6/18/2025 17:15,-1467
6/18/2025 17:30,-1426
6/18/2025 17:45,-1372
6/18/2025 18:00,-1307
6/18/2025 18:15,-1229
6/18/2025 18:30,-1130
6/18/2025 18:45,-960
6/18/2025 19:00,-733
6/18/2025 19:15,-516
6/18/2025 19:30,-333
6/18/2025 19:45,-214
6/18/2025 20:00,-114
6/18/2025 20:15,-47
6/18/2025 20:30,-17
6/18/2025 20:45,-3
6/18/2025 21:00,-3
6/18/2025 21:15,-4
6/18/2025 21:30,-3
6/18/2025 21:45,-3
6/18/2025 22:00,-3
6/18/2025 22:15,-3
6/18/2025 22:30,-3
6/18/2025 22:45,-3
6/18/2025 23:00,-3
6/18/2025 23:15,-4
6/18/2025 23:30,-2
6/18/2025 23:45,-2
6/19/2025 0:00,-3
6/19/2025 0:15,-2
6/19/2025 0:30,-3
6/19/2025 0:45,-2
6/19/2025 1:00,-2
6/19/2025 1:15,-3
6/19/2025 1:30,-3
6/19/2025 1:45,-3
6/19/2025 2:00,-2
6/19/2025 2:15,-3
6/19/2025 2:30,-3
6/19/2025 2:45,-3
6/19/2025 3:00,-3
6/19/2025 3:15,-3
6/19/2025 3:30,-2
6/19/2025 3:45,-3
6/19/2025 4:00,-3
6/19/2025 4:15,-2
6/19/2025 4:30,-3
6/19/2025 4:45,-3
6/19/2025 5:00,-3
6/19/2025 5:15,-3
6/19/2025 5:30,-2
6/19/2025 5:45,-3
6/19/2025 6:00,-8
6/19/2025 6:15,-75
6/19/2025 6:30,-196
6/19/2025 6:45,-367
6/19/2025 7:00,-560
6/19/2025 7:15,-757
6/19/2025 7:30,-949
6/19/2025 7:45,-1108
6/19/2025 8:00,-1218
6/19/2025 8:15,-1303
6/19/2025 8:30,-1351
6/19/2025 8:45,-1396
6/19/2025 9:00,-1438
6/19/2025 9:15,-1477
6/19/2025 9:30,-1513
6/19/2025 9:45,-1545
6/19/2025 10:00,-1575
6/19/2025 10:15,-1598
6/19/2025 10:30,-1614
6/19/2025 10:45,-1629
6/19/2025 11:00,-1641
6/19/2025 11:15,-1653
6/19/2025 11:30,-1656
6/19/2025 11:45,-1660
6/19/2025 12:00,-1663
6/19/2025 12:15,-1664
6/19/2025 12:30,-1667
6/19/2025 12:45,-1604
6/19/2025 13:00,-1628
6/19/2025 13:15,-1654
6/19/2025 13:30,-1652
6/19/2025 13:45,-1653
6/19/2025 14:00,-1661
6/19/2025 14:15,-480
6/19/2025 14:30,-574
6/19/2025 14:45,-1648
6/19/2025 15:00,-585
6/19/2025 15:15,-1635
6/19/2025 15:30,-1627
6/19/2025 15:45,-1625
6/19/2025 16:00,-1626
6/19/2025 16:15,-711
6/19/2025 16:30,-1586
6/19/2025 16:45,-1542
6/19/2025 17:00,-1503
6/19/2025 17:15,-1459
6/19/2025 17:30,-1408
6/19/2025 17:45,-1334
6/19/2025 18:00,-1255
6/19/2025 18:15,-1158
6/19/2025 18:30,-1057
6/19/2025 18:45,-889
6/19/2025 19:00,-666
6/19/2025 19:15,-467
6/19/2025 19:30,-298
6/19/2025 19:45,-196
6/19/2025 20:00,-102
6/19/2025 20:15,-44
6/19/2025 20:30,-14
6/19/2025 20:45,-4
6/19/2025 21:00,-3
6/19/2025 21:15,-4
6/19/2025 21:30,-4
6/19/2025 21:45,-4
6/19/2025 22:00,-3
6/19/2025 22:15,-3
6/19/2025 22:30,-4
6/19/2025 22:45,-3
6/19/2025 23:00,-3
6/19/2025 23:15,-3
6/19/2025 23:30,-3
6/19/2025 23:45,-3
6/20/2025 0:00,-4
6/20/2025 0:15,-3
6/20/2025 0:30,-3
6/20/2025 0:45,-4
6/20/2025 1:00,-3
6/20/2025 1:15,-3
6/20/2025 1:30,-3
6/20/2025 1:45,-3
6/20/2025 2:00,-3
6/20/2025 2:15,-3
6/20/2025 2:30,-3
6/20/2025 2:45,-3
6/20/2025 3:00,-3
6/20/2025 3:15,-3
6/20/2025 3:30,-2
6/20/2025 3:45,-3
6/20/2025 4:00,-3
6/20/2025 4:15,-3
6/20/2025 4:30,-3
6/20/2025 4:45,-3
6/20/2025 5:00,-3
6/20/2025 5:15,-3
6/20/2025 5:30,-3
6/20/2025 5:45,-3
6/20/2025 6:00,-9
6/20/2025 6:15,-31
6/20/2025 6:30,-57
6/20/2025 6:45,-119
6/20/2025 7:00,-513
6/20/2025 7:15,-710
6/20/2025 7:30,-916
6/20/2025 7:45,-1064
6/20/2025 8:00,-1155
6/20/2025 8:15,-1266
6/20/2025 8:30,-1339
6/20/2025 8:45,-1381
6/20/2025 9:00,-1423
6/20/2025 9:15,-1464
6/20/2025 9:30,-1500
6/20/2025 9:45,-1534
6/20/2025 10:00,-1558
6/20/2025 10:15,-1586
6/20/2025 10:30,-1605
6/20/2025 10:45,-1618
6/20/2025 11:00,-1638
6/20/2025 11:15,-1649
6/20/2025 11:30,-1655
6/20/2025 11:45,-1661
6/20/2025 12:00,-1664
6/20/2025 12:15,-963
6/20/2025 12:30,-1670
6/20/2025 12:45,-1669
6/20/2025 13:00,-1666
6/20/2025 13:15,-697
6/20/2025 13:30,-1664
6/20/2025 13:45,-1643
6/20/2025 14:00,-1640
6/20/2025 14:15,-1620
6/20/2025 14:30,-1647
6/20/2025 14:45,-1662
6/20/2025 15:00,-1664
6/20/2025 15:15,-1652
6/20/2025 15:30,-1665
6/20/2025 15:45,-481
6/20/2025 16:00,-1644
6/20/2025 16:15,-1616
6/20/2025 16:30,-1601
6/20/2025 16:45,-1568
6/20/2025 17:00,-1538
6/20/2025 17:15,-1490
6/20/2025 17:30,-1458
6/20/2025 17:45,-1390
6/20/2025 18:00,-1318
6/20/2025 18:15,-1232
6/20/2025 18:30,-1141
6/20/2025 18:45,-969
6/20/2025 19:00,-730
6/20/2025 19:15,-522
6/20/2025 19:30,-332
6/20/2025 19:45,-208
6/20/2025 20:00,-107
6/20/2025 20:15,-42
6/20/2025 20:30,-10
6/20/2025 20:45,-4
6/20/2025 21:00,-4
6/20/2025 21:15,-3
6/20/2025 21:30,-4
6/20/2025 21:45,-4
6/20/2025 22:00,-4
6/20/2025 22:15,-4
6/20/2025 22:30,-3
6/20/2025 22:45,-4
6/20/2025 23:00,-4
6/20/2025 23:15,-3
6/20/2025 23:30,-3
6/20/2025 23:45,-3
6/21/2025 0:00,-4
6/21/2025 0:15,-3
6/21/2025 0:30,-3
6/21/2025 0:45,-3
6/21/2025 1:00,-3
6/21/2025 1:15,-4
6/21/2025 1:30,-3
6/21/2025 1:45,-3
6/21/2025 2:00,-3
6/21/2025 2:15,-2
6/21/2025 2:30,-3
6/21/2025 2:45,-3
6/21/2025 3:00,-3
6/21/2025 3:15,-3
6/21/2025 3:30,-3
6/21/2025 3:45,-2
6/21/2025 4:00,-2
6/21/2025 4:15,-2
6/21/2025 4:30,-3
6/21/2025 4:45,-3
6/21/2025 5:00,-3
6/21/2025 5:15,-2
6/21/2025 5:30,-3
6/21/2025 5:45,-3
6/21/2025 6:00,-23
6/21/2025 6:15,-74
6/21/2025 6:30,-189
6/21/2025 6:45,-346
6/21/2025 7:00,-531
6/21/2025 7:15,-731
6/21/2025 7:30,-926
6/21/2025 7:45,-1097
6/21/2025 8:00,-1199
6/21/2025 8:15,-1289
6/21/2025 8:30,-1347
6/21/2025 8:45,-1395
6/21/2025 9:00,-1439
6/21/2025 9:15,-1481
6/21/2025 9:30,-1520
6/21/2025 9:45,-1551
6/21/2025 10:00,-1580
6/21/2025 10:15,-1602
6/21/2025 10:30,-1613
6/21/2025 10:45,-1615
6/21/2025 11:00,-1630
6/21/2025 11:15,-1634
6/21/2025 11:30,-1648
6/21/2025 11:45,-1654
6/21/2025 12:00,-1664
6/21/2025 12:15,-1666
6/21/2025 12:30,-1666
6/21/2025 12:45,-1667
6/21/2025 13:00,-1667
6/21/2025 13:15,-1666
6/21/2025 13:30,-1666
6/21/2025 13:45,-1668
6/21/2025 14:00,-1667
6/21/2025 14:15,-1668
6/21/2025 14:30,-1666
6/21/2025 14:45,-1667
6/21/2025 15:00,-1664
6/21/2025 15:15,-1661
6/21/2025 15:30,-1658
6/21/2025 15:45,-1643
6/21/2025 16:00,-1627
6/21/2025 16:15,-1612
6/21/2025 16:30,-1589
6/21/2025 16:45,-1555
6/21/2025 17:00,-1529
6/21/2025 17:15,-1494
6/21/2025 17:30,-1451
6/21/2025 17:45,-1410
6/21/2025 18:00,-1359
6/21/2025 18:15,-1287
6/21/2025 18:30,-1187
6/21/2025 18:45,-1013
6/21/2025 19:00,-782
6/21/2025 19:15,-568
6/21/2025 19:30,-362
6/21/2025 19:45,-220
6/21/2025 20:00,-111
6/21/2025 20:15,-41
6/21/2025 20:30,-14
6/21/2025 20:45,-4
6/21/2025 21:00,-4
6/21/2025 21:15,-4
6/21/2025 21:45,-4
6/21/2025 22:00,-3
6/21/2025 22:15,-4
6/21/2025 22:30,-2
6/21/2025 22:45,-4
6/21/2025 23:00,-4
6/21/2025 23:15,-4
6/21/2025 23:30,-4
6/21/2025 23:45,-4
6/22/2025 0:00,-3
6/22/2025 0:15,-4
6/22/2025 0:30,-4
6/22/2025 0:45,-4
6/22/2025 1:00,-3
6/22/2025 1:15,-2
6/22/2025 1:30,-3
6/22/2025 1:45,-3
6/22/2025 2:00,-2
6/22/2025 2:15,-3
6/22/2025 2:30,-3
6/22/2025 2:45,-3
6/22/2025 3:00,-3
6/22/2025 3:15,-2
6/22/2025 3:30,-2
6/22/2025 3:45,-3
6/22/2025 4:00,-3
6/22/2025 4:15,-2
6/22/2025 4:30,-2
6/22/2025 4:45,-3
6/22/2025 5:00,-2
6/22/2025 5:15,-3
6/22/2025 5:30,-3
6/22/2025 5:45,-3
6/22/2025 6:00,-14
6/22/2025 6:15,-64
6/22/2025 6:30,-177
6/22/2025 6:45,-347
6/22/2025 7:00,-534
6/22/2025 7:15,-736
6/22/2025 7:30,-928
6/22/2025 7:45,-1093
6/22/2025 8:00,-1199
6/22/2025 8:15,-1292
6/22/2025 8:30,-1346
6/22/2025 8:45,-1392
6/22/2025 9:00,-1438
6/22/2025 9:15,-1480
6/22/2025 9:30,-1473
6/22/2025 9:45,-1530
6/22/2025 10:00,-1588
6/22/2025 10:15,-1612
6/22/2025 10:30,-1619
6/22/2025 10:45,-1643
6/22/2025 11:00,-1649
6/22/2025 11:15,-1654
6/22/2025 11:30,-1659
6/22/2025 11:45,-1663
6/22/2025 12:00,-1668
6/22/2025 12:15,-1670
6/22/2025 12:30,-1669
6/22/2025 12:45,-1668
6/22/2025 13:00,-1668
6/22/2025 13:15,-1668
6/22/2025 13:30,-1669
6/22/2025 13:45,-1668
6/22/2025 14:00,-1668
6/22/2025 14:15,-1668
6/22/2025 14:30,-1667
6/22/2025 14:45,-1666
6/22/2025 15:00,-1666
6/22/2025 15:15,-1663
6/22/2025 15:30,-1660
6/22/2025 15:45,-1652
6/22/2025 16:00,-1632
6/22/2025 16:15,-1615
6/22/2025 16:30,-1589
6/22/2025 16:45,-1561
6/22/2025 17:00,-1532
6/22/2025 17:15,-1495
6/22/2025 17:30,-1456
6/22/2025 17:45,-1411
6/22/2025 18:00,-1365
6/22/2025 18:15,-1288
6/22/2025 18:30,-1198
6/22/2025 18:45,-1026
6/22/2025 19:00,-784
6/22/2025 19:15,-561
6/22/2025 19:30,-356
6/22/2025 19:45,-229
6/22/2025 20:00,-112
6/22/2025 20:15,-41
6/22/2025 20:30,-13
6/22/2025 20:45,-3
6/22/2025 21:00,-4
6/22/2025 21:15,-4
6/22/2025 21:30,-2
6/22/2025 21:45,-4
6/22/2025 22:00,-3
6/22/2025 22:15,-3
6/22/2025 22:30,-3
6/22/2025 22:45,-3
6/22/2025 23:00,-3
6/22/2025 23:15,-2
6/22/2025 23:30,-3
6/22/2025 23:45,-3
6/23/2025 0:00,-3
6/23/2025 0:15,-3
6/23/2025 0:30,-3
6/23/2025 0:45,-2
6/23/2025 1:00,-3
6/23/2025 1:15,-3
6/23/2025 1:30,-3
6/23/2025 1:45,-3
6/23/2025 2:00,-2
6/23/2025 2:15,-3
6/23/2025 2:30,-3
6/23/2025 2:45,-3
6/23/2025 3:00,-3
6/23/2025 3:15,-3
6/23/2025 3:30,-3
6/23/2025 3:45,-3
6/23/2025 4:00,-3
6/23/2025 4:15,-3
6/23/2025 4:30,-3
6/23/2025 4:45,-3
6/23/2025 5:00,-2
6/23/2025 5:15,-3
6/23/2025 5:30,-3
6/23/2025 5:45,-3
6/23/2025 6:00,-19
6/23/2025 6:15,-73
6/23/2025 6:30,-193
6/23/2025 6:45,-370
6/23/2025 7:00,-562
6/23/2025 7:15,-769
6/23/2025 7:30,-968
6/23/2025 7:45,-1135
6/23/2025 8:00,-1239
6/23/2025 8:15,-1308
6/23/2025 8:30,-1355
6/23/2025 8:45,-1400
6/23/2025 9:00,-1447
6/23/2025 9:15,-1486
6/23/2025 9:30,-1522
6/23/2025 9:45,-1551
6/23/2025 10:00,-1579
6/23/2025 10:15,-1602
6/23/2025 10:30,-1618
6/23/2025 10:45,-1638
6/23/2025 11:00,-1650
6/23/2025 11:15,-1658
6/23/2025 11:30,-1658
6/23/2025 11:45,-1662
6/23/2025 12:00,-1668
6/23/2025 12:15,-1668
6/23/2025 12:30,-1668
6/23/2025 12:45,-1669
6/23/2025 13:00,-1667
6/23/2025 13:15,-1668
6/23/2025 13:30,-1669
6/23/2025 13:45,-1667
6/23/2025 14:00,-1667
6/23/2025 14:15,-1666
6/23/2025 14:30,-1667
6/23/2025 14:45,-1668
6/23/2025 15:00,-1664
6/23/2025 15:15,-1661
6/23/2025 15:30,-1657
6/23/2025 15:45,-1645
6/23/2025 16:00,-1625
6/23/2025 16:15,-1596
6/23/2025 16:30,-1578
6/23/2025 16:45,-1440
6/23/2025 17:00,-1522
6/23/2025 17:15,-1295
6/23/2025 17:30,-250
6/23/2025 17:45,-232
6/23/2025 18:00,-174
6/23/2025 18:15,-1343
6/23/2025 18:30,-698
6/23/2025 18:45,-374
6/23/2025 19:00,-279
6/23/2025 19:15,-614
6/23/2025 19:30,-140
6/23/2025 19:45,-226
6/23/2025 20:00,-133
6/23/2025 20:15,-59
6/23/2025 20:30,-28
6/23/2025 20:45,-4
6/23/2025 21:00,-4
6/23/2025 21:15,-4
6/23/2025 21:30,-4
6/23/2025 21:45,-4
6/23/2025 22:00,-3
6/23/2025 22:15,-3
6/23/2025 22:30,-3
6/23/2025 22:45,-4
6/23/2025 23:00,-3
6/23/2025 23:15,-2
6/23/2025 23:30,-3
6/23/2025 23:45,-3
6/24/2025 0:00,-2
6/24/2025 0:15,-4
6/24/2025 0:30,-4
6/24/2025 0:45,-2
6/24/2025 1:00,-3
6/24/2025 1:15,-3
6/24/2025 1:30,-2
6/24/2025 1:45,-3
6/24/2025 2:00,-3
6/24/2025 2:15,-2
6/24/2025 2:30,-3
6/24/2025 2:45,-4
6/24/2025 3:00,-2
6/24/2025 3:15,-2
6/24/2025 3:30,-4
6/24/2025 3:45,-3
6/24/2025 4:00,-3
6/24/2025 4:15,-3
6/24/2025 4:30,-2
6/24/2025 4:45,-3
6/24/2025 5:00,-3
6/24/2025 5:15,-3
6/24/2025 5:30,-3
6/24/2025 5:45,-3
6/24/2025 6:00,-2
6/24/2025 6:15,-14
6/24/2025 6:30,-20
6/24/2025 6:45,-70
6/24/2025 7:00,-126
6/24/2025 7:15,-138
6/24/2025 7:30,-131
6/24/2025 7:45,-188
6/24/2025 8:00,-399
6/24/2025 8:15,-213
6/24/2025 8:30,-591
6/24/2025 8:45,-229
6/24/2025 9:00,-1454
6/24/2025 9:15,-1476
6/24/2025 9:30,-1498
6/24/2025 9:45,-1553
6/24/2025 10:00,-1464
6/24/2025 10:15,-626
6/24/2025 10:30,-421
6/24/2025 10:45,-627
6/24/2025 11:00,-886
6/24/2025 11:15,-1083
6/24/2025 11:30,-741
6/24/2025 11:45,-1669
6/24/2025 12:00,-1260
6/24/2025 12:15,-803
6/24/2025 12:30,-1057
6/24/2025 12:45,-793
6/24/2025 13:00,-1670
6/24/2025 13:15,-1628
6/24/2025 13:30,-1630
6/24/2025 13:45,-1623
6/24/2025 14:00,-1640
6/24/2025 14:15,-1635
6/24/2025 14:30,-1667
6/24/2025 14:45,-1666
6/24/2025 15:00,-1664
6/24/2025 15:15,-850
6/24/2025 15:30,-1658
6/24/2025 15:45,-1649
6/24/2025 16:00,-1635
6/24/2025 16:15,-1653
6/24/2025 16:30,-525
6/24/2025 16:45,-1012
6/24/2025 17:00,-726
6/24/2025 17:15,-434
6/24/2025 17:30,-306
6/24/2025 17:45,-174
6/24/2025 18:00,-204
6/24/2025 18:15,-290
6/24/2025 18:30,-236
6/24/2025 18:45,-1020
6/24/2025 19:00,-750
6/24/2025 19:15,-354
6/24/2025 19:30,-76
6/24/2025 19:45,-43
6/24/2025 20:00,-34
6/24/2025 20:15,-21
6/24/2025 20:30,-9
6/24/2025 20:45,-4
6/24/2025 21:00,-2
6/24/2025 21:15,-3
6/24/2025 21:30,-4
6/24/2025 21:45,-4
6/24/2025 22:00,-4
6/24/2025 22:15,-4
6/24/2025 22:30,-3
6/24/2025 22:45,-3
6/24/2025 23:00,-4
6/24/2025 23:15,-3
6/24/2025 23:30,-3
6/24/2025 23:45,-3
6/25/2025 0:00,-2
6/25/2025 0:15,-2
6/25/2025 0:30,-3
6/25/2025 0:45,-2
6/25/2025 1:00,-3
6/25/2025 1:15,-3
6/25/2025 1:30,-3
6/25/2025 1:45,-3
6/25/2025 2:00,-4
6/25/2025 2:15,-2
6/25/2025 2:30,-2
6/25/2025 2:45,-3
6/25/2025 3:00,-4
6/25/2025 3:15,-3
6/25/2025 3:30,-3
6/25/2025 3:45,-3
6/25/2025 4:00,-3
6/25/2025 4:15,-3
6/25/2025 4:30,-3
6/25/2025 4:45,-3
6/25/2025 5:00,-3
6/25/2025 5:15,-3
6/25/2025 5:30,-3
6/25/2025 5:45,-3
6/25/2025 6:00,-11
6/25/2025 6:15,-47
6/25/2025 6:30,-227
6/25/2025 6:45,-366
6/25/2025 7:00,-238
6/25/2025 7:15,-802
6/25/2025 7:30,-759
6/25/2025 7:45,-925
6/25/2025 8:00,-594
6/25/2025 8:15,-1297
6/25/2025 8:30,-1417
6/25/2025 8:45,-581
6/25/2025 9:00,-1450
6/25/2025 9:15,-1502
6/25/2025 9:30,-1537
6/25/2025 9:45,-1539
6/25/2025 10:00,-1566
6/25/2025 10:15,-1593
6/25/2025 10:30,-1611
6/25/2025 10:45,-1630
6/25/2025 11:00,-1641
6/25/2025 11:15,-1654
6/25/2025 11:30,-1662
6/25/2025 11:45,-1665
6/25/2025 12:00,-487
6/25/2025 12:15,-1323
6/25/2025 12:30,-376
6/25/2025 12:45,-531
6/25/2025 13:00,-1634
6/25/2025 13:15,-1421
6/25/2025 13:30,-609
6/25/2025 13:45,-1609
6/25/2025 14:00,-1381
6/25/2025 14:15,-835
6/25/2025 14:30,-574
6/25/2025 14:45,-1639
6/25/2025 15:00,-579
6/25/2025 15:15,-1622
6/25/2025 15:30,-1638
6/25/2025 15:45,-1635
6/25/2025 16:00,-1629
6/25/2025 16:15,-1631
6/25/2025 16:30,-1622
6/25/2025 16:45,-1579
6/25/2025 17:00,-1280
6/25/2025 17:15,-1548
6/25/2025 17:30,-1486
6/25/2025 17:45,-1422
6/25/2025 18:00,-897
6/25/2025 18:15,-236
6/25/2025 18:30,-1256
6/25/2025 18:45,-1098
6/25/2025 19:00,-846
6/25/2025 19:15,-157
6/25/2025 19:30,-358
6/25/2025 19:45,-267
6/25/2025 20:00,-143
6/25/2025 20:15,-60
6/25/2025 20:30,-16
6/25/2025 20:45,-4
6/25/2025 21:00,-4
6/25/2025 21:15,-3
6/25/2025 21:30,-4
6/25/2025 21:45,-3
6/25/2025 22:00,-3
6/25/2025 22:15,-3
6/25/2025 22:30,-3
6/25/2025 22:45,-3
6/25/2025 23:00,-3
6/25/2025 23:15,-2
6/25/2025 23:30,-3
6/25/2025 23:45,-3
6/26/2025 0:00,-3
6/26/2025 0:15,-3
6/26/2025 0:30,-3
6/26/2025 0:45,-3
6/26/2025 1:00,-3
6/26/2025 1:15,-2
6/26/2025 1:30,-2
6/26/2025 1:45,-2
6/26/2025 2:00,-3
6/26/2025 2:15,-3
6/26/2025 2:30,-2
6/26/2025 2:45,-2
6/26/2025 3:00,-3
6/26/2025 3:15,-2
6/26/2025 3:30,-3
6/26/2025 3:45,-2
6/26/2025 4:00,-2
6/26/2025 4:15,-2
6/26/2025 4:30,-3
6/26/2025 4:45,-3
6/26/2025 5:00,-2
6/26/2025 5:15,-3
6/26/2025 5:30,-2
6/26/2025 5:45,-2
6/26/2025 6:00,-16
6/26/2025 6:15,-67
6/26/2025 6:30,-181
6/26/2025 6:45,-346
6/26/2025 7:00,-540
6/26/2025 7:15,-736
6/26/2025 7:30,-975
6/26/2025 7:45,-1178
6/26/2025 8:00,-792
6/26/2025 8:15,-1345
6/26/2025 8:30,-459
6/26/2025 8:45,-1388
6/26/2025 9:00,-1442
6/26/2025 9:15,-1467
6/26/2025 9:30,-1509
6/26/2025 9:45,-1531
6/26/2025 10:00,-1565
6/26/2025 10:15,-1600
6/26/2025 10:30,-1612
6/26/2025 10:45,-859
6/26/2025 11:00,-1282
6/26/2025 11:15,-1664
6/26/2025 11:30,-1662
6/26/2025 11:45,-1667
6/26/2025 12:00,-1265
6/26/2025 12:15,-1668
6/26/2025 12:30,-1668
6/26/2025 12:45,-1668
6/26/2025 13:00,-706
6/26/2025 13:15,-1651
6/26/2025 13:30,-1652
6/26/2025 13:45,-1660
6/26/2025 14:00,-1653
6/26/2025 14:15,-1640
6/26/2025 14:30,-1661
6/26/2025 14:45,-1665
6/26/2025 15:00,-630
6/26/2025 15:15,-491
6/26/2025 15:30,-1668
6/26/2025 15:45,-1489
6/26/2025 16:00,-1647
6/26/2025 16:15,-1610
6/26/2025 16:30,-1588
6/26/2025 16:45,-1556
6/26/2025 17:00,-1518
6/26/2025 17:15,-1490
6/26/2025 17:30,-1444
6/26/2025 17:45,-684
6/26/2025 18:00,-1356
6/26/2025 18:15,-1284
6/26/2025 18:30,-1246
6/26/2025 18:45,-217
6/26/2025 19:00,-208
6/26/2025 19:15,-628
6/26/2025 19:30,-422
6/26/2025 19:45,-264
6/26/2025 20:00,-142
6/26/2025 20:15,-64
6/26/2025 20:30,-16
6/26/2025 20:45,-4
6/26/2025 21:00,-4
6/26/2025 21:15,-3
6/26/2025 21:30,-4
6/26/2025 21:45,-3
6/26/2025 22:00,-3
6/26/2025 22:15,-3
6/26/2025 22:30,-3
6/26/2025 22:45,-3
6/26/2025 23:00,-3
6/26/2025 23:15,-3
6/26/2025 23:30,-3
6/26/2025 23:45,-3
6/27/2025 0:00,-2
6/27/2025 0:15,-3
6/27/2025 0:30,-3
6/27/2025 0:45,-3
6/27/2025 1:00,-3
6/27/2025 1:15,-2
6/27/2025 1:30,-2
6/27/2025 1:45,-3
6/27/2025 2:00,-2
6/27/2025 2:15,-2
6/27/2025 2:30,-3
6/27/2025 2:45,-2
6/27/2025 3:00,-3
6/27/2025 3:15,-2
6/27/2025 3:30,-2
6/27/2025 3:45,-3
6/27/2025 4:00,-2
6/27/2025 4:15,-2
6/27/2025 4:30,-2
6/27/2025 4:45,-2
6/27/2025 5:00,-3
6/27/2025 5:15,-3
6/27/2025 5:30,-2
6/27/2025 5:45,-2
6/27/2025 6:00,-14
6/27/2025 6:15,-67
6/27/2025 6:30,-132
6/27/2025 6:45,-426
6/27/2025 7:00,-631
6/27/2025 7:15,-199
6/27/2025 7:30,-252
6/27/2025 7:45,-320
6/27/2025 8:00,-1010
6/27/2025 8:15,-1328
6/27/2025 8:30,-1286
6/27/2025 8:45,-1394
6/27/2025 9:00,-1437
6/27/2025 9:15,-1476
6/27/2025 9:30,-1511
6/27/2025 9:45,-1542
6/27/2025 10:00,-1571
6/27/2025 10:15,-1597
6/27/2025 10:30,-1613
6/27/2025 10:45,-1628
6/27/2025 11:00,-1641
6/27/2025 11:15,-1653
6/27/2025 11:30,-1657
6/27/2025 11:45,-1661
6/27/2025 12:00,-1286
6/27/2025 12:15,-492
6/27/2025 12:30,-1666
6/27/2025 12:45,-1666
6/27/2025 13:00,-1669
6/27/2025 13:15,-1667
6/27/2025 13:30,-1665
6/27/2025 13:45,-592
6/27/2025 14:15,-1668
6/27/2025 14:30,-414
6/27/2025 14:45,-1668
6/27/2025 15:00,-472
6/27/2025 15:15,-415
6/27/2025 15:30,-1624
6/27/2025 15:45,-1647
6/27/2025 16:00,-1647
6/27/2025 16:15,-1626
6/27/2025 16:30,-1603
6/27/2025 16:45,-1573
6/27/2025 17:00,-1099
6/27/2025 17:15,-1630
6/27/2025 17:30,-1620
6/27/2025 17:45,-1552
6/27/2025 18:00,-1605
6/27/2025 18:15,-1576
6/27/2025 18:30,-1506
6/27/2025 18:45,-1318
6/27/2025 19:00,-951
6/27/2025 19:15,-616
6/27/2025 19:30,-393
6/27/2025 19:45,-245
6/27/2025 20:00,-117
6/27/2025 20:15,-41
6/27/2025 20:30,-13
6/27/2025 20:45,-4
6/27/2025 21:00,-3
6/27/2025 21:15,-3
6/27/2025 21:30,-3
6/27/2025 21:45,-3
6/27/2025 22:00,-3
6/27/2025 22:15,-4
6/27/2025 22:30,-4
6/27/2025 22:45,-3
6/27/2025 23:00,-4
6/27/2025 23:15,-3
6/27/2025 23:30,-2
6/27/2025 23:45,-3
6/28/2025 0:00,-2
6/28/2025 0:15,-3
6/28/2025 0:30,-3
6/28/2025 0:45,-3
6/28/2025 1:00,-3
6/28/2025 1:15,-3
6/28/2025 1:30,-3
6/28/2025 1:45,-2
6/28/2025 2:00,-3
6/28/2025 2:15,-3
6/28/2025 2:30,-2
6/28/2025 2:45,-2
6/28/2025 3:00,-3
6/28/2025 3:15,-2
6/28/2025 3:30,-3
6/28/2025 3:45,-3
6/28/2025 4:00,-3
6/28/2025 4:15,-3
6/28/2025 4:30,-3
6/28/2025 4:45,-2
6/28/2025 5:00,-2
6/28/2025 5:15,-2
6/28/2025 5:30,-3
6/28/2025 5:45,-3
6/28/2025 6:00,-18
6/28/2025 6:15,-66
6/28/2025 6:30,-221
6/28/2025 6:45,-470
6/28/2025 7:00,-763
6/28/2025 7:15,-1024
6/28/2025 7:30,-1303
6/28/2025 7:45,-1539
6/28/2025 8:00,-1604
6/28/2025 8:15,-1670
6/28/2025 8:30,-1672
6/28/2025 8:45,-1673
6/28/2025 9:00,-1671
6/28/2025 9:15,-1672
6/28/2025 9:30,-1628
6/28/2025 9:45,-1663
6/28/2025 10:00,-1647
6/28/2025 10:15,-1670
6/28/2025 10:30,-1670
6/28/2025 10:45,-1665
6/28/2025 11:00,-1669
6/28/2025 11:15,-1669
6/28/2025 11:30,-1668
6/28/2025 11:45,-1662
6/28/2025 12:00,-1651
6/28/2025 12:15,-1654
6/28/2025 12:30,-1653
6/28/2025 12:45,-1632
6/28/2025 13:00,-1646
6/28/2025 13:15,-413
6/28/2025 13:30,-1548
6/28/2025 13:45,-1653
6/28/2025 14:00,-407
6/28/2025 14:15,-1665
6/28/2025 14:30,-751
6/28/2025 14:45,-1404
6/28/2025 15:00,-1666
6/28/2025 15:15,-1451
6/28/2025 15:30,-1668
6/28/2025 15:45,-1666
6/28/2025 16:00,-1666
6/28/2025 16:15,-1647
6/28/2025 16:30,-1648
6/28/2025 16:45,-1668
6/28/2025 17:00,-1668
6/28/2025 17:15,-1667
6/28/2025 17:30,-1664
6/28/2025 17:45,-1638
6/28/2025 18:00,-1618
6/28/2025 18:15,-1577
6/28/2025 18:30,-1503
6/28/2025 18:45,-1296
6/28/2025 19:00,-909
6/28/2025 19:15,-608
6/28/2025 19:30,-393
6/28/2025 19:45,-246
6/28/2025 20:00,-113
6/28/2025 20:15,-38
6/28/2025 20:30,-13
6/28/2025 20:45,-2
6/28/2025 21:00,-4
6/28/2025 21:15,-4
6/28/2025 21:30,-4
6/28/2025 21:45,-2
6/28/2025 22:00,-4
6/28/2025 22:15,-3
6/28/2025 22:30,-2
6/28/2025 22:45,-3
6/28/2025 23:00,-4
6/28/2025 23:15,-3
6/28/2025 23:30,-2
6/28/2025 23:45,-3
6/29/2025 0:00,-3
6/29/2025 0:15,-3
6/29/2025 0:30,-3
6/29/2025 0:45,-2
6/29/2025 1:00,-2
6/29/2025 1:15,-3
6/29/2025 1:30,-4
6/29/2025 1:45,-3
6/29/2025 2:00,-3
6/29/2025 2:15,-2
6/29/2025 2:30,-2
6/29/2025 2:45,-2
6/29/2025 3:00,-2
6/29/2025 3:15,-2
6/29/2025 3:30,-3
6/29/2025 3:45,-3
6/29/2025 4:00,-3
6/29/2025 4:15,-2
6/29/2025 4:30,-3
6/29/2025 4:45,-3
6/29/2025 5:00,-3
6/29/2025 5:15,-2
6/29/2025 5:30,-2
6/29/2025 5:45,-4
6/29/2025 6:00,-17
6/29/2025 6:15,-65
6/29/2025 6:30,-209
6/29/2025 6:45,-448
6/29/2025 7:00,-694
6/29/2025 7:15,-962
6/29/2025 7:30,-1262
6/29/2025 7:45,-1497
6/29/2025 8:00,-1574
6/29/2025 8:15,-1626
6/29/2025 8:30,-1673
6/29/2025 8:45,-1671
6/29/2025 9:00,-1672
6/29/2025 9:15,-1671
6/29/2025 9:30,-1645
6/29/2025 9:45,-1607
6/29/2025 10:00,-1568
6/29/2025 10:15,-1601
6/29/2025 10:30,-1567
6/29/2025 10:45,-1568
6/29/2025 11:00,-1614
6/29/2025 11:15,-1662
6/29/2025 11:30,-1662
6/29/2025 11:45,-1666
6/29/2025 12:00,-1667
6/29/2025 12:15,-1667
6/29/2025 12:30,-1669
6/29/2025 12:45,-1666
6/29/2025 13:00,-691
6/29/2025 13:15,-1606
6/29/2025 13:30,-1546
6/29/2025 13:45,-1557
6/29/2025 14:00,-1548
6/29/2025 14:15,-502
6/29/2025 14:30,-841
6/29/2025 14:45,-805
6/29/2025 15:00,-569
6/29/2025 15:15,-469
6/29/2025 15:30,-1062
6/29/2025 15:45,-1559
6/29/2025 16:00,-1561
6/29/2025 16:15,-1561
6/29/2025 16:30,-1559
6/29/2025 16:45,-1566
6/29/2025 17:00,-1566
6/29/2025 17:15,-1556
6/29/2025 17:30,-1566
6/29/2025 17:45,-1552
6/29/2025 18:00,-1483
6/29/2025 18:15,-1387
6/29/2025 18:30,-1291
6/29/2025 18:45,-1081
6/29/2025 19:00,-778
6/29/2025 19:15,-502
6/29/2025 19:30,-319
6/29/2025 19:45,-200
6/29/2025 20:00,-95
6/29/2025 20:15,-37
6/29/2025 20:30,-12
6/29/2025 20:45,-4
6/29/2025 21:00,-4
6/29/2025 21:15,-3
6/29/2025 21:30,-4
6/29/2025 21:45,-2
6/29/2025 22:00,-3
6/29/2025 22:15,-3
6/29/2025 22:30,-2
6/29/2025 22:45,-3
6/29/2025 23:00,-4
6/29/2025 23:15,-3
6/29/2025 23:30,-3
6/29/2025 23:45,-4
6/30/2025 0:00,-3
6/30/2025 0:15,-3
6/30/2025 0:30,-4
6/30/2025 0:45,-2
6/30/2025 1:00,-4
6/30/2025 1:15,-2
6/30/2025 1:30,-3
6/30/2025 1:45,-3
6/30/2025 2:00,-3
6/30/2025 2:15,-2
6/30/2025 2:30,-3
6/30/2025 2:45,-3
6/30/2025 3:00,-3
6/30/2025 3:15,-3
6/30/2025 3:30,-3
6/30/2025 3:45,-3
6/30/2025 4:00,-3
6/30/2025 4:15,-2
6/30/2025 4:30,-3
6/30/2025 4:45,-3
6/30/2025 5:00,-2
6/30/2025 5:15,-2
6/30/2025 5:30,-3
6/30/2025 5:45,-3
6/30/2025 6:00,-17
6/30/2025 6:15,-52
6/30/2025 6:30,-157
6/30/2025 6:45,-350
6/30/2025 7:00,-580
6/30/2025 7:15,-830
6/30/2025 7:30,-1081
6/30/2025 7:45,-1302
6/30/2025 8:00,-1410
6/30/2025 8:15,-1492
6/30/2025 8:30,-1541
6/30/2025 8:45,-1570
6/30/2025 9:00,-1573
6/30/2025 9:15,-1572
6/30/2025 9:30,-1572
6/30/2025 9:45,-1570
6/30/2025 10:00,-1570
6/30/2025 10:15,-1571
6/30/2025 10:30,-1570
6/30/2025 10:45,-1571
6/30/2025 11:00,-786
6/30/2025 11:15,-1078
6/30/2025 11:30,-1077
6/30/2025 11:45,-1078
6/30/2025 12:00,-1078
6/30/2025 12:15,-1076
6/30/2025 12:30,-1076
6/30/2025 12:45,-1077
6/30/2025 13:00,-999
6/30/2025 13:15,-923
6/30/2025 13:30,-1561
6/30/2025 13:45,-1557
6/30/2025 14:00,-804
6/30/2025 14:15,-781
6/30/2025 14:30,-934
6/30/2025 14:45,-476
6/30/2025 15:00,-318
6/30/2025 15:15,-115
6/30/2025 15:30,-82
6/30/2025 15:45,-64
6/30/2025 16:00,-112
6/30/2025 16:15,-129
6/30/2025 16:30,-195
6/30/2025 16:45,-350
6/30/2025 17:00,-458
6/30/2025 17:15,-508
6/30/2025 17:30,-652
6/30/2025 17:45,-1077
6/30/2025 18:00,-1039
6/30/2025 18:15,-1407
6/30/2025 18:30,-1410
6/30/2025 18:45,-344
6/30/2025 19:00,-223
6/30/2025 19:15,-255
6/30/2025 19:30,-352
6/30/2025 19:45,-117
6/30/2025 20:00,-120
6/30/2025 20:15,-46
6/30/2025 20:30,-12
6/30/2025 20:45,-4
6/30/2025 21:00,-4
6/30/2025 21:15,-2
6/30/2025 21:30,-4
6/30/2025 21:45,-3
6/30/2025 22:00,-3
6/30/2025 22:15,-4
6/30/2025 22:30,-2
6/30/2025 22:45,-3
6/30/2025 23:00,-3
6/30/2025 23:15,-3
6/30/2025 23:30,-2
6/30/2025 23:45,-3
7/1/2025 0:00,-3
7/1/2025 0:15,-3
7/1/2025 0:30,-3
7/1/2025 0:45,-2
7/1/2025 1:00,-4
7/1/2025 1:15,-2
7/1/2025 1:30,-3
7/1/2025 1:45,-2
7/1/2025 2:00,-3
7/1/2025 2:15,-3
7/1/2025 2:30,-3
7/1/2025 2:45,-3
7/1/2025 3:00,-3
7/1/2025 3:15,-3
7/1/2025 3:30,-3
7/1/2025 3:45,-2
7/1/2025 4:00,-3
7/1/2025 4:15,-3
7/1/2025 4:30,-3
7/1/2025 4:45,-3
7/1/2025 5:00,-3
7/1/2025 5:15,-3
7/1/2025 5:30,-3
7/1/2025 5:45,-3
7/1/2025 6:00,-2
7/1/2025 6:15,-41
7/1/2025 6:30,-79
7/1/2025 6:45,-124
7/1/2025 7:00,-171
7/1/2025 7:15,-289
7/1/2025 7:30,-830
7/1/2025 7:45,-1039
7/1/2025 8:00,-1245
7/1/2025 8:15,-1313
7/1/2025 8:30,-590
7/1/2025 8:45,-1223
7/1/2025 9:00,-1174
7/1/2025 9:15,-1326
7/1/2025 9:30,-1262
7/1/2025 9:45,-1345
7/1/2025 10:00,-1471
7/1/2025 10:15,-1235
7/1/2025 10:30,-1151
7/1/2025 10:45,-1328
7/1/2025 11:00,-1279
7/1/2025 11:15,-1191
7/1/2025 11:30,-1119
7/1/2025 11:45,-1161
7/1/2025 12:00,-1151
7/1/2025 12:15,-1280
7/1/2025 12:30,-1467
7/1/2025 12:45,-1468
7/1/2025 13:00,-1406
7/1/2025 13:15,-1440
7/1/2025 13:30,-1438
7/1/2025 13:45,-1454
7/1/2025 14:00,-1456
7/1/2025 14:15,-1464
7/1/2025 14:30,-1420
7/1/2025 14:45,-1103
7/1/2025 15:00,-1435
7/1/2025 15:15,-1447
7/1/2025 15:30,-936
7/1/2025 15:45,-1249
7/1/2025 16:00,-1444
7/1/2025 16:15,-458
7/1/2025 16:30,-430
7/1/2025 16:45,-509
7/1/2025 17:00,-1408
7/1/2025 17:15,-1230
7/1/2025 17:30,-1266
7/1/2025 17:45,-1103
7/1/2025 18:00,-1205
7/1/2025 18:15,-1320
7/1/2025 18:30,-1425
7/1/2025 18:45,-1221
7/1/2025 19:00,-914
7/1/2025 19:15,-231
7/1/2025 19:30,-118
7/1/2025 19:45,-77
7/1/2025 20:00,-78
7/1/2025 20:15,-36
7/1/2025 20:30,-9
7/1/2025 20:45,-3
7/1/2025 21:00,-4
7/1/2025 21:15,-2
7/1/2025 21:30,-3
7/1/2025 21:45,-3
7/1/2025 22:00,-3
7/1/2025 22:15,-4
7/1/2025 22:30,-3
7/1/2025 22:45,-3
7/1/2025 23:00,-3
7/1/2025 23:15,-3
7/1/2025 23:30,-2
7/1/2025 23:45,-3
7/2/2025 0:00,-3
7/2/2025 0:15,-2
7/2/2025 0:30,-2
7/2/2025 0:45,-2
7/2/2025 1:00,-2
7/2/2025 1:15,-2
7/2/2025 1:30,-3
7/2/2025 1:45,-3
7/2/2025 2:00,-3
7/2/2025 2:15,-2
7/2/2025 2:30,-3
7/2/2025 2:45,-3
7/2/2025 3:00,-3
7/2/2025 3:15,-2
7/2/2025 3:30,-3
7/2/2025 3:45,-3
7/2/2025 4:00,-3
7/2/2025 4:15,-2
7/2/2025 4:30,-3
7/2/2025 4:45,-3
7/2/2025 5:00,-3
7/2/2025 5:15,-3
7/2/2025 5:30,-3
7/2/2025 5:45,-3
7/2/2025 6:00,-14
7/2/2025 6:15,-52
7/2/2025 6:30,-174
7/2/2025 6:45,-401
7/2/2025 7:00,-645
7/2/2025 7:15,-905
7/2/2025 7:30,-1147
7/2/2025 7:45,-1379
7/2/2025 8:00,-1475
7/2/2025 8:15,-1531
7/2/2025 8:30,-1463
7/2/2025 8:45,-1463
7/2/2025 9:00,-1462
7/2/2025 9:15,-1469
7/2/2025 9:30,-1470
7/2/2025 9:45,-1372
7/2/2025 10:00,-1402
7/2/2025 10:15,-1470
7/2/2025 10:30,-1367
7/2/2025 10:45,-1467
7/2/2025 11:00,-1469
7/2/2025 11:15,-1469
7/2/2025 11:30,-1565
7/2/2025 11:45,-1467
7/2/2025 12:00,-1466
7/2/2025 12:15,-1504
7/2/2025 12:30,-1563
7/2/2025 12:45,-1565
7/2/2025 13:00,-1566
7/2/2025 13:15,-1563
7/2/2025 13:30,-1565
7/2/2025 13:45,-1564
7/2/2025 14:00,-1563
7/2/2025 14:15,-1563
7/2/2025 14:30,-1564
7/2/2025 14:45,-1563
7/2/2025 15:00,-1564
7/2/2025 15:15,-1563
7/2/2025 15:30,-1557
7/2/2025 15:45,-1542
7/2/2025 16:00,-1557
7/2/2025 16:15,-1564
7/2/2025 16:30,-1543
7/2/2025 16:45,-1055
7/2/2025 17:00,-774
7/2/2025 17:15,-1530
7/2/2025 17:30,-1492
7/2/2025 17:45,-1462
7/2/2025 18:00,-1525
7/2/2025 18:15,-1375
7/2/2025 18:30,-1332
7/2/2025 18:45,-1117
7/2/2025 19:00,-978
7/2/2025 19:15,-640
7/2/2025 19:30,-410
7/2/2025 19:45,-88
7/2/2025 20:00,-113
7/2/2025 20:15,-56
7/2/2025 20:30,-9
7/2/2025 20:45,-4
7/2/2025 21:00,-4
7/2/2025 21:15,-2
7/2/2025 21:30,-3
7/2/2025 21:45,-4
7/2/2025 22:00,-4
7/2/2025 22:15,-2
7/2/2025 22:30,-4
7/2/2025 22:45,-4
7/2/2025 23:00,-2
7/2/2025 23:15,-4
7/2/2025 23:30,-3
7/2/2025 23:45,-3
7/3/2025 0:00,-2
7/3/2025 0:15,-3
7/3/2025 0:30,-3
7/3/2025 0:45,-3
7/3/2025 1:00,-3
7/3/2025 1:15,-2
7/3/2025 1:30,-4
7/3/2025 1:45,-2
7/3/2025 2:00,-2
7/3/2025 2:15,-4
7/3/2025 2:30,-3
7/3/2025 2:45,-3
7/3/2025 3:00,-3
7/3/2025 3:15,-3
7/3/2025 3:30,-4
7/3/2025 3:45,-3
7/3/2025 4:00,-3
7/3/2025 4:15,-3
7/3/2025 4:30,-3
7/3/2025 4:45,-3
7/3/2025 5:00,-3
7/3/2025 5:15,-2
7/3/2025 5:30,-3
7/3/2025 5:45,-3
7/3/2025 6:00,-7
7/3/2025 6:15,-50
7/3/2025 6:30,-175
7/3/2025 6:45,-263
7/3/2025 7:00,-107
7/3/2025 7:15,-131
7/3/2025 7:30,-139
7/3/2025 7:45,-178
7/3/2025 8:00,-1403
7/3/2025 8:15,-1445
7/3/2025 8:30,-1261
7/3/2025 8:45,-1167
7/3/2025 9:00,-1329
7/3/2025 9:15,-1449
7/3/2025 9:30,-1453
7/3/2025 9:45,-1363
7/3/2025 10:00,-1465
7/3/2025 10:15,-1290
7/3/2025 10:30,-1454
7/3/2025 10:45,-1240
7/3/2025 11:00,-1169
7/3/2025 11:15,-1187
7/3/2025 11:30,-1238
7/3/2025 11:45,-1444
7/3/2025 12:00,-1455
7/3/2025 12:15,-1412
7/3/2025 12:30,-1450
7/3/2025 12:45,-1369
7/3/2025 13:00,-1152
7/3/2025 13:15,-507
7/3/2025 13:30,-759
7/3/2025 13:45,-1393
7/3/2025 14:00,-1365
7/3/2025 14:15,-1564
7/3/2025 14:30,-1556
7/3/2025 14:45,-1353
7/3/2025 15:00,-1014
7/3/2025 15:15,-1544
7/3/2025 15:30,-830
7/3/2025 15:45,-1547
7/3/2025 16:00,-1238
7/3/2025 16:15,-1558
7/3/2025 16:30,-1447
7/3/2025 16:45,-1437
7/3/2025 17:00,-1172
7/3/2025 17:15,-1496
7/3/2025 17:30,-1389
7/3/2025 17:45,-698
7/3/2025 18:00,-421
7/3/2025 18:15,-360
7/3/2025 18:30,-306
7/3/2025 18:45,-590
7/3/2025 19:00,-794
7/3/2025 19:15,-621
7/3/2025 19:30,-422
7/3/2025 19:45,-272
7/3/2025 20:00,-66
7/3/2025 20:15,-30
7/3/2025 20:30,-11
7/3/2025 20:45,-3
7/3/2025 21:00,-3
7/3/2025 21:15,-4
7/3/2025 21:30,-3
7/3/2025 21:45,-3
7/3/2025 22:00,-3
7/3/2025 22:15,-2
7/3/2025 22:30,-3
7/3/2025 22:45,-3
7/3/2025 23:00,-3
7/3/2025 23:15,-4
7/3/2025 23:30,-3
7/3/2025 23:45,-3
7/4/2025 0:00,-3
7/4/2025 0:15,-3
7/4/2025 0:30,-3
7/4/2025 0:45,-3
7/4/2025 1:00,-2
7/4/2025 1:15,-4
7/4/2025 1:30,-3
7/4/2025 1:45,-3
7/4/2025 2:00,-3
7/4/2025 2:15,-3
7/4/2025 2:30,-3
7/4/2025 2:45,-3
7/4/2025 3:00,-2
7/4/2025 3:15,-3
7/4/2025 3:30,-3
7/4/2025 3:45,-3
7/4/2025 4:00,-3
7/4/2025 4:15,-3
7/4/2025 4:30,-3
7/4/2025 4:45,-3
7/4/2025 5:00,-3
7/4/2025 5:15,-3
7/4/2025 5:30,-3
7/4/2025 5:45,-2
7/4/2025 6:00,-12
7/4/2025 6:15,-48
7/4/2025 6:30,-168
7/4/2025 6:45,-385
7/4/2025 7:00,-640
7/4/2025 7:15,-902
7/4/2025 7:30,-1155
7/4/2025 7:45,-1386
7/4/2025 8:00,-1475
7/4/2025 8:15,-1476
7/4/2025 8:30,-1545
7/4/2025 8:45,-1542
7/4/2025 9:00,-1564
7/4/2025 9:15,-1562
7/4/2025 9:30,-1566
7/4/2025 9:45,-1548
7/4/2025 10:00,-1539
7/4/2025 10:15,-1543
7/4/2025 10:30,-1515
7/4/2025 10:45,-1460
7/4/2025 11:00,-1475
7/4/2025 11:15,-1476
7/4/2025 11:30,-1478
7/4/2025 11:45,-1491
7/4/2025 12:00,-1519
7/4/2025 12:15,-1519
7/4/2025 12:30,-1526
7/4/2025 12:45,-749
7/4/2025 13:00,-1548
7/4/2025 13:15,-1550
7/4/2025 13:30,-1559
7/4/2025 13:45,-1563
7/4/2025 14:00,-1552
7/4/2025 14:15,-1557
7/4/2025 14:30,-1555
7/4/2025 14:45,-1560
7/4/2025 15:00,-1559
7/4/2025 15:15,-1564
7/4/2025 15:30,-1563
7/4/2025 15:45,-1563
7/4/2025 16:00,-1557
7/4/2025 16:15,-1560
7/4/2025 16:30,-1555
7/4/2025 16:45,-1554
7/4/2025 17:00,-1536
7/4/2025 17:15,-1556
7/4/2025 17:30,-1549
7/4/2025 17:45,-1527
7/4/2025 18:00,-1526
7/4/2025 18:15,-1492
7/4/2025 18:30,-1422
7/4/2025 18:45,-1217
7/4/2025 19:00,-852
7/4/2025 19:15,-551
7/4/2025 19:30,-366
7/4/2025 19:45,-217
7/4/2025 20:00,-103
7/4/2025 20:15,-36
7/4/2025 20:30,-12
7/4/2025 20:45,-4
7/4/2025 21:00,-4
7/4/2025 21:15,-4
7/4/2025 21:30,-4
7/4/2025 21:45,-2
7/4/2025 22:00,-3
7/4/2025 22:15,-3
7/4/2025 22:30,-3
7/4/2025 22:45,-3
7/4/2025 23:00,-3
7/4/2025 23:15,-3
7/4/2025 23:30,-3
7/4/2025 23:45,-3
7/5/2025 0:00,-3
7/5/2025 0:15,-3
7/5/2025 0:30,-2
7/5/2025 0:45,-2
7/5/2025 1:00,-2
7/5/2025 1:15,-3
7/5/2025 1:30,-3
7/5/2025 1:45,-2
7/5/2025 2:00,-3
7/5/2025 2:15,-3
7/5/2025 2:30,-3
7/5/2025 2:45,-3
7/5/2025 3:00,-3
7/5/2025 3:15,-3
7/5/2025 3:30,-3
7/5/2025 3:45,-3
7/5/2025 4:00,-2
7/5/2025 4:15,-2
7/5/2025 4:30,-3
7/5/2025 4:45,-2
7/5/2025 5:00,-3
7/5/2025 5:15,-2
7/5/2025 5:30,-3
7/5/2025 5:45,-2
7/5/2025 6:00,-10
7/5/2025 6:15,-47
7/5/2025 6:30,-165
7/5/2025 6:45,-385
7/5/2025 7:00,-634
7/5/2025 7:15,-907
7/5/2025 7:30,-1158
7/5/2025 7:45,-1390
7/5/2025 8:00,-1490
7/5/2025 8:15,-1528
7/5/2025 8:30,-1502
7/5/2025 8:45,-1498
7/5/2025 9:00,-1518
7/5/2025 9:15,-1521
7/5/2025 9:30,-1521
7/5/2025 9:45,-1526
7/5/2025 10:00,-1532
7/5/2025 10:15,-1527
7/5/2025 10:30,-1526
7/5/2025 10:45,-1538
7/5/2025 11:00,-1539
7/5/2025 11:15,-1547
7/5/2025 11:30,-1554
7/5/2025 11:45,-1553
7/5/2025 12:00,-1560
7/5/2025 12:15,-1562
7/5/2025 12:30,-1563
7/5/2025 12:45,-1562
7/5/2025 13:00,-1563
7/5/2025 13:15,-1563
7/5/2025 13:30,-1563
7/5/2025 13:45,-1562
7/5/2025 14:00,-1562
7/5/2025 14:15,-1562
7/5/2025 14:30,-1562
7/5/2025 14:45,-1535
7/5/2025 15:00,-1541
7/5/2025 15:15,-1543
7/5/2025 15:30,-1495
7/5/2025 15:45,-1493
7/5/2025 16:00,-1517
7/5/2025 16:15,-1530
7/5/2025 16:30,-1533
7/5/2025 16:45,-1545
7/5/2025 17:00,-1538
7/5/2025 17:15,-1533
7/5/2025 17:30,-1529
7/5/2025 17:45,-1537
7/5/2025 18:00,-1542
7/5/2025 18:15,-1520
7/5/2025 18:30,-1460
7/5/2025 18:45,-1276
7/5/2025 19:00,-900
7/5/2025 19:15,-573
7/5/2025 19:30,-385
7/5/2025 19:45,-236
7/5/2025 20:00,-107
7/5/2025 20:15,-32
7/5/2025 20:30,-12
7/5/2025 20:45,-4
7/5/2025 21:00,-4
7/5/2025 21:15,-4
7/5/2025 21:30,-4
7/5/2025 21:45,-4
7/5/2025 22:00,-3
7/5/2025 22:15,-3
7/5/2025 22:30,-3
7/5/2025 22:45,-3
7/5/2025 23:00,-3
7/5/2025 23:15,-2
7/5/2025 23:30,-2
7/5/2025 23:45,-3
7/6/2025 0:00,-3
7/6/2025 0:15,-2
7/6/2025 0:30,-3
7/6/2025 0:45,-2
7/6/2025 1:00,-2
7/6/2025 1:15,-2
7/6/2025 1:30,-2
7/6/2025 1:45,-2
7/6/2025 2:00,-3
7/6/2025 2:15,-2
7/6/2025 2:30,-2
7/6/2025 2:45,-3
7/6/2025 3:00,-2
7/6/2025 3:15,-2
7/6/2025 3:30,-3
7/6/2025 3:45,-2
7/6/2025 4:00,-3
7/6/2025 4:15,-2
7/6/2025 4:30,-2
7/6/2025 4:45,-2
7/6/2025 5:00,-2
7/6/2025 5:15,-2
7/6/2025 5:30,-2
7/6/2025 5:45,-2
7/6/2025 6:00,-5
7/6/2025 6:15,-47
7/6/2025 6:30,-172
7/6/2025 6:45,-397
7/6/2025 7:00,-655
7/6/2025 7:15,-913
7/6/2025 7:30,-1167
7/6/2025 7:45,-1405
7/6/2025 8:00,-1465
7/6/2025 8:15,-1548
7/6/2025 8:30,-1544
7/6/2025 8:45,-1547
7/6/2025 9:00,-1551
7/6/2025 9:15,-1558
7/6/2025 9:30,-1561
7/6/2025 9:45,-1564
7/6/2025 10:00,-1565
7/6/2025 10:15,-1565
7/6/2025 10:30,-1565
7/6/2025 10:45,-1564
7/6/2025 11:00,-1565
7/6/2025 11:15,-1564
7/6/2025 11:30,-1564
7/6/2025 11:45,-1563
7/6/2025 12:00,-1563
7/6/2025 12:15,-1562
7/6/2025 12:30,-1562
7/6/2025 12:45,-1563
7/6/2025 13:00,-1562
7/6/2025 13:15,-1563
7/6/2025 13:30,-1561
7/6/2025 13:45,-1561
7/6/2025 14:00,-1561
7/6/2025 14:15,-1545
7/6/2025 14:30,-1107
7/6/2025 14:45,-1228
7/6/2025 15:00,-1354
7/6/2025 15:15,-1444
7/6/2025 15:30,-1109
7/6/2025 15:45,-530
7/6/2025 16:00,-502
7/6/2025 16:15,-483
7/6/2025 16:30,-619
7/6/2025 16:45,-587
7/6/2025 17:00,-1551
7/6/2025 17:15,-1557
7/6/2025 17:30,-1561
7/6/2025 17:45,-1556
7/6/2025 18:00,-1553
7/6/2025 18:15,-1492
7/6/2025 18:30,-1434
7/6/2025 18:45,-1245
7/6/2025 19:00,-864
7/6/2025 19:15,-567
7/6/2025 19:30,-385
7/6/2025 19:45,-229
7/6/2025 20:00,-102
7/6/2025 20:15,-32
7/6/2025 20:30,-10
7/6/2025 20:45,-4
7/6/2025 21:00,-4
7/6/2025 21:15,-4
7/6/2025 21:30,-3
7/6/2025 21:45,-2
7/6/2025 22:00,-2
7/6/2025 22:15,-4
7/6/2025 22:30,-3
7/6/2025 22:45,-3
7/6/2025 23:00,-3
7/6/2025 23:15,-2
7/6/2025 23:30,-3
7/6/2025 23:45,-3
7/7/2025 0:00,-3
7/7/2025 0:15,-4
7/7/2025 0:30,-3
7/7/2025 0:45,-2
7/7/2025 1:00,-4
7/7/2025 1:15,-3
7/7/2025 1:30,-3
7/7/2025 1:45,-4
7/7/2025 2:00,-3
7/7/2025 2:15,-3
7/7/2025 2:30,-3
7/7/2025 2:45,-3
7/7/2025 3:00,-3
7/7/2025 3:15,-3
7/7/2025 3:30,-3
7/7/2025 3:45,-2
7/7/2025 4:00,-3
7/7/2025 4:15,-3
7/7/2025 4:30,-3
7/7/2025 4:45,-3
7/7/2025 5:00,-3
7/7/2025 5:15,-3
7/7/2025 5:30,-3
7/7/2025 5:45,-3
7/7/2025 6:00,-2
7/7/2025 6:15,-13
7/7/2025 6:30,-29
7/7/2025 6:45,-32
7/7/2025 7:00,-54
7/7/2025 7:15,-99
7/7/2025 7:30,-1114
7/7/2025 7:45,-1383
7/7/2025 8:00,-1425
7/7/2025 8:15,-1524
7/7/2025 8:30,-1531
7/7/2025 8:45,-1565
7/7/2025 9:00,-1568
7/7/2025 9:15,-1552
7/7/2025 9:30,-1558
7/7/2025 9:45,-1552
7/7/2025 10:00,-1545
7/7/2025 10:15,-1522
7/7/2025 10:30,-1542
7/7/2025 10:45,-1553
7/7/2025 11:00,-1553
7/7/2025 11:15,-1556
7/7/2025 11:30,-1551
7/7/2025 11:45,-1543
7/7/2025 12:00,-1544
7/7/2025 12:15,-758
7/7/2025 12:30,-337
7/7/2025 12:45,-231
7/7/2025 13:00,-325
7/7/2025 13:15,-1555
7/7/2025 13:30,-1537
7/7/2025 13:45,-1546
7/7/2025 14:00,-1518
7/7/2025 14:15,-1550
7/7/2025 14:30,-445
7/7/2025 14:45,-355
7/7/2025 15:00,-215
7/7/2025 15:15,-261
7/7/2025 15:30,-285
7/7/2025 15:45,-1091
7/7/2025 16:00,-500
7/7/2025 16:15,-765
7/7/2025 16:30,-331
7/7/2025 16:45,-374
7/7/2025 17:00,-1444
7/7/2025 17:15,-262
7/7/2025 17:30,-1333
7/7/2025 17:45,-1434
7/7/2025 18:00,-1422
7/7/2025 18:15,-1436
7/7/2025 18:30,-1392
7/7/2025 18:45,-94
7/7/2025 19:00,-1020
7/7/2025 19:15,-533
7/7/2025 19:30,-125
7/7/2025 19:45,-164
7/7/2025 20:00,-131
7/7/2025 20:15,-37
7/7/2025 20:30,-12
7/7/2025 20:45,-4
7/7/2025 21:00,-4
7/7/2025 21:15,-3
7/7/2025 21:30,-3
7/7/2025 21:45,-4
7/7/2025 22:00,-3
7/7/2025 22:15,-3
7/7/2025 22:30,-3
7/7/2025 22:45,-3
7/7/2025 23:00,-4
7/7/2025 23:15,-3
7/7/2025 23:30,-3
7/7/2025 23:45,-3
7/8/2025 0:00,-3
7/8/2025 0:15,-2
7/8/2025 0:30,-4
7/8/2025 0:45,-3
7/8/2025 1:00,-4
7/8/2025 1:15,-2
7/8/2025 1:30,-3
7/8/2025 1:45,-3
7/8/2025 2:00,-2
7/8/2025 2:15,-2
7/8/2025 2:30,-2
7/8/2025 2:45,-2
7/8/2025 3:00,-2
7/8/2025 3:15,-2
7/8/2025 3:30,-3
7/8/2025 3:45,-2
7/8/2025 4:00,-3
7/8/2025 4:15,-3
7/8/2025 4:30,-2
7/8/2025 4:45,-2
7/8/2025 5:00,-2
7/8/2025 5:15,-2
7/8/2025 5:30,-2
7/8/2025 5:45,-2
7/8/2025 6:00,-3
7/8/2025 6:15,-45
7/8/2025 6:30,-183
7/8/2025 6:45,-393
7/8/2025 7:00,-609
7/8/2025 7:15,-869
7/8/2025 7:30,-1166
7/8/2025 7:45,-1458
7/8/2025 8:00,-1565
7/8/2025 8:15,-257
7/8/2025 8:30,-1555
7/8/2025 8:45,-1555
7/8/2025 9:00,-1548
7/8/2025 9:15,-1561
7/8/2025 9:30,-1562
7/8/2025 9:45,-1567
7/8/2025 10:00,-1566
7/8/2025 10:15,-1566
7/8/2025 10:30,-1566
7/8/2025 10:45,-1564
7/8/2025 11:00,-1564
7/8/2025 11:15,-1562
7/8/2025 11:30,-1550
7/8/2025 11:45,-1549
7/8/2025 12:00,-1564
7/8/2025 12:15,-1564
7/8/2025 12:30,-1564
7/8/2025 12:45,-491
7/8/2025 13:00,-680
7/8/2025 13:15,-584
7/8/2025 13:30,-1461
7/8/2025 13:45,-1387
7/8/2025 14:00,-456
7/8/2025 14:15,-1506
7/8/2025 14:30,-1394
7/8/2025 14:45,-1484
7/8/2025 15:00,-353
7/8/2025 15:15,-1482
7/8/2025 15:30,-1474
7/8/2025 15:45,-1479
7/8/2025 16:00,-1504
7/8/2025 16:15,-1511
7/8/2025 16:30,-1515
7/8/2025 16:45,-1515
7/8/2025 17:00,-1506
7/8/2025 17:15,-1492
7/8/2025 17:30,-1492
7/8/2025 17:45,-1488
7/8/2025 18:00,-1501
7/8/2025 18:15,-1459
7/8/2025 18:30,-1421
7/8/2025 18:45,-1235
7/8/2025 19:00,-859
7/8/2025 19:15,-567
7/8/2025 19:30,-379
7/8/2025 19:45,-226
7/8/2025 20:00,-103
7/8/2025 20:15,-31
7/8/2025 20:30,-10
7/8/2025 20:45,-3
7/8/2025 21:00,-3
7/8/2025 21:15,-4
7/8/2025 21:30,-4
7/8/2025 21:45,-4
7/8/2025 22:00,-4
7/8/2025 22:15,-2
7/8/2025 22:30,-3
7/8/2025 22:45,-3
7/8/2025 23:00,-3
7/8/2025 23:15,-3
7/8/2025 23:30,-3
7/8/2025 23:45,-2
7/9/2025 0:00,-3
7/9/2025 0:15,-3
7/9/2025 0:30,-2
7/9/2025 0:45,-4
7/9/2025 1:00,-3
7/9/2025 1:15,-2
7/9/2025 1:30,-2
7/9/2025 1:45,-4
7/9/2025 2:00,-3
7/9/2025 2:15,-2
7/9/2025 2:30,-2
7/9/2025 2:45,-3
7/9/2025 3:00,-3
7/9/2025 3:15,-2
7/9/2025 3:30,-2
7/9/2025 3:45,-2
7/9/2025 4:00,-4
7/9/2025 4:15,-3
7/9/2025 4:30,-3
7/9/2025 4:45,-3
7/9/2025 5:00,-3
7/9/2025 5:15,-3
7/9/2025 5:30,-2
7/9/2025 5:45,-2
7/9/2025 6:00,-2
7/9/2025 6:15,-25
7/9/2025 6:30,-149
7/9/2025 6:45,-377
7/9/2025 7:00,-636
7/9/2025 7:15,-893
7/9/2025 7:30,-1139
7/9/2025 7:45,-1364
7/9/2025 8:00,-1490
7/9/2025 8:15,-1520
7/9/2025 8:30,-1497
7/9/2025 8:45,-1491
7/9/2025 9:00,-1460
7/9/2025 9:15,-1437
7/9/2025 9:30,-1439
7/9/2025 9:45,-1544
7/9/2025 10:00,-1525
7/9/2025 10:15,-1520
7/9/2025 10:30,-1511
7/9/2025 10:45,-1524
7/9/2025 11:00,-1525
7/9/2025 11:15,-1525
7/9/2025 11:30,-1528
7/9/2025 11:45,-1534
7/9/2025 12:00,-1546
7/9/2025 12:15,-1537
7/9/2025 12:30,-1540
7/9/2025 12:45,-1545
7/9/2025 13:00,-1543
7/9/2025 13:15,-1547
7/9/2025 13:30,-1402
7/9/2025 13:45,-1560
7/9/2025 14:00,-1258
7/9/2025 14:15,-572
7/9/2025 14:30,-448
7/9/2025 14:45,-1563
7/9/2025 15:00,-1563
7/9/2025 15:15,-409
7/9/2025 15:30,-1561
7/9/2025 15:45,-1562
7/9/2025 16:00,-1496
7/9/2025 16:15,-1563
7/9/2025 16:30,-755
7/9/2025 16:45,-1559
7/9/2025 17:00,-1552
7/9/2025 17:15,-1554
7/9/2025 17:30,-1556
7/9/2025 17:45,-1553
7/9/2025 18:00,-1532
7/9/2025 18:15,-1486
7/9/2025 18:30,-1410
7/9/2025 18:45,-1215
7/9/2025 19:00,-348
7/9/2025 19:15,-561
7/9/2025 19:30,-374
7/9/2025 19:45,-92
7/9/2025 20:00,-76
7/9/2025 20:15,-26
7/9/2025 20:30,-3
7/9/2025 20:45,-4
7/9/2025 21:00,-3
7/9/2025 21:15,-4
7/9/2025 21:30,-4
7/9/2025 21:45,-4
7/9/2025 22:00,-4
7/9/2025 22:15,-4
7/9/2025 22:30,-4
7/9/2025 22:45,-4
7/9/2025 23:00,-3
7/9/2025 23:15,-3
7/9/2025 23:30,-3
7/9/2025 23:45,-4
7/10/2025 0:00,-3
7/10/2025 0:15,-3
7/10/2025 0:30,-3
7/10/2025 0:45,-4
7/10/2025 1:00,-3
7/10/2025 1:15,-3
7/10/2025 1:30,-4
7/10/2025 1:45,-3
7/10/2025 2:00,-3
7/10/2025 2:15,-3
7/10/2025 2:30,-3
7/10/2025 2:45,-3
7/10/2025 3:00,-3
7/10/2025 3:15,-3
7/10/2025 3:30,-3
7/10/2025 3:45,-4
7/10/2025 4:00,-3
7/10/2025 4:15,-3
7/10/2025 4:30,-4
7/10/2025 4:45,-2
7/10/2025 5:00,-4
7/10/2025 5:15,-3
7/10/2025 5:30,-2
7/10/2025 5:45,-3
7/10/2025 6:00,-3
7/10/2025 6:15,-9
7/10/2025 6:30,-30
7/10/2025 6:45,-121
7/10/2025 7:00,-76
7/10/2025 7:15,-134
7/10/2025 7:30,-1097
7/10/2025 7:45,-1316
7/10/2025 8:00,-1447
7/10/2025 8:15,-1517
7/10/2025 8:30,-1561
7/10/2025 8:45,-1560
7/10/2025 9:00,-1567
7/10/2025 9:15,-1566
7/10/2025 9:30,-1546
7/10/2025 9:45,-1561
7/10/2025 10:00,-1470
7/10/2025 10:15,-1456
7/10/2025 10:30,-1472
7/10/2025 10:45,-1454
7/10/2025 11:00,-1420
7/10/2025 11:15,-1435
7/10/2025 11:30,-1466
7/10/2025 11:45,-1468
7/10/2025 12:00,-1462
7/10/2025 12:15,-1427
7/10/2025 12:30,-1477
7/10/2025 12:45,-1473
7/10/2025 13:00,-1466
7/10/2025 13:15,-1485
7/10/2025 13:30,-1458
7/10/2025 13:45,-1472
7/10/2025 14:00,-1513
7/10/2025 14:15,-1488
7/10/2025 14:30,-1511
7/10/2025 14:45,-1520
7/10/2025 15:00,-1542
7/10/2025 15:15,-1531
7/10/2025 15:30,-1536
7/10/2025 15:45,-1558
7/10/2025 16:00,-1534
7/10/2025 16:15,-1536
7/10/2025 16:30,-1541
7/10/2025 16:45,-1519
7/10/2025 17:00,-1513
7/10/2025 17:15,-1519
7/10/2025 17:30,-1500
7/10/2025 18:00,-1546
7/10/2025 18:15,-1511
7/10/2025 18:30,-1428
7/10/2025 18:45,-1231
7/10/2025 19:00,-869
7/10/2025 19:15,-548
7/10/2025 19:30,-361
7/10/2025 19:45,-207
7/10/2025 20:00,-91
7/10/2025 20:15,-34
7/10/2025 20:30,-8
7/10/2025 20:45,-4
7/10/2025 21:00,-4
7/10/2025 21:15,-4
7/10/2025 21:30,-4
7/10/2025 21:45,-4
7/10/2025 22:00,-4
7/10/2025 22:15,-3
7/10/2025 22:30,-3
7/10/2025 22:45,-3
7/10/2025 23:00,-3
7/10/2025 23:15,-3
7/10/2025 23:30,-3
7/10/2025 23:45,-3
7/11/2025 0:00,-3
7/11/2025 0:15,-3
7/11/2025 0:30,-3
7/11/2025 0:45,-3
7/11/2025 1:00,-3
7/11/2025 1:15,-2
7/11/2025 1:30,-2
7/11/2025 1:45,-3
7/11/2025 2:00,-3
7/11/2025 2:15,-2
7/11/2025 2:30,-3
7/11/2025 2:45,-2
7/11/2025 3:00,-3
7/11/2025 3:15,-2
7/11/2025 3:30,-2
7/11/2025 3:45,-2
7/11/2025 4:00,-3
7/11/2025 4:15,-3
7/11/2025 4:30,-2
7/11/2025 4:45,-3
7/11/2025 5:00,-3
7/11/2025 5:15,-2
7/11/2025 5:30,-3
7/11/2025 5:45,-2
7/11/2025 6:00,-2
7/11/2025 6:15,-23
7/11/2025 6:30,-99
7/11/2025 6:45,-251
7/11/2025 7:00,-489
7/11/2025 7:15,-684
7/11/2025 7:30,-914
7/11/2025 7:45,-1105
7/11/2025 8:00,-1238
7/11/2025 8:15,-1231
7/11/2025 8:30,-1409
7/11/2025 8:45,-1471
7/11/2025 9:00,-1354
7/11/2025 9:15,-1493
7/11/2025 9:30,-1566
7/11/2025 9:45,-1563
7/11/2025 10:00,-1544
7/11/2025 10:15,-1498
7/11/2025 10:30,-1526
7/11/2025 10:45,-1530
7/11/2025 11:00,-1541
7/11/2025 11:15,-1546
7/11/2025 11:30,-1532
7/11/2025 11:45,-1532
7/11/2025 12:00,-1531
7/11/2025 12:15,-1529
7/11/2025 12:30,-1499
7/11/2025 12:45,-1525
7/11/2025 13:00,-1516
7/11/2025 13:15,-1548
7/11/2025 13:30,-1542
7/11/2025 13:45,-1545
7/11/2025 14:00,-1556
7/11/2025 14:15,-1541
7/11/2025 14:30,-1548
7/11/2025 14:45,-1563
7/11/2025 15:00,-1563
7/11/2025 15:15,-1549
7/11/2025 15:30,-1554
7/11/2025 15:45,-1560
7/11/2025 16:00,-1550
7/11/2025 16:15,-1525
7/11/2025 16:30,-1542
7/11/2025 16:45,-1534
7/11/2025 17:00,-1546
7/11/2025 17:15,-1544
7/11/2025 17:30,-1541
7/11/2025 17:45,-1523
7/11/2025 18:00,-1501
7/11/2025 18:15,-1468
7/11/2025 18:30,-1399
7/11/2025 18:45,-1151
7/11/2025 19:00,-811
7/11/2025 19:15,-540
7/11/2025 19:30,-353
7/11/2025 19:45,-208
7/11/2025 20:00,-74
7/11/2025 20:15,-23
7/11/2025 20:30,-7
7/11/2025 20:45,-2
7/11/2025 21:00,-4
7/11/2025 21:15,-3
7/11/2025 21:30,-4
7/11/2025 21:45,-4
7/11/2025 22:00,-4
7/11/2025 22:15,-3
7/11/2025 22:30,-3
7/11/2025 22:45,-4
7/11/2025 23:00,-4
7/11/2025 23:15,-3
7/11/2025 23:30,-2
7/11/2025 23:45,-4
7/12/2025 0:00,-3
7/12/2025 0:15,-3
7/12/2025 0:30,-3
7/12/2025 0:45,-2
7/12/2025 1:00,-2
7/12/2025 1:15,-3
7/12/2025 1:30,-2
7/12/2025 1:45,-2
7/12/2025 2:00,-4
7/12/2025 2:15,-2
7/12/2025 2:30,-2
7/12/2025 2:45,-3
7/12/2025 3:00,-3
7/12/2025 3:15,-3
7/12/2025 3:30,-2
7/12/2025 3:45,-3
7/12/2025 4:00,-2
7/12/2025 4:15,-2
7/12/2025 4:30,-3
7/12/2025 4:45,-2
7/12/2025 5:00,-2
7/12/2025 5:15,-3
7/12/2025 5:30,-2
7/12/2025 5:45,-3
7/12/2025 6:00,-3
7/12/2025 6:15,-21
7/12/2025 6:30,-83
7/12/2025 6:45,-250
7/12/2025 7:00,-440
7/12/2025 7:15,-532
7/12/2025 7:30,-872
7/12/2025 7:45,-1190
7/12/2025 8:00,-1381
7/12/2025 8:15,-1471
7/12/2025 8:30,-1526
7/12/2025 8:45,-1567
7/12/2025 9:00,-1567
7/12/2025 9:15,-1567
7/12/2025 9:30,-1565
7/12/2025 9:45,-1566
7/12/2025 10:00,-1565
7/12/2025 10:15,-1566
7/12/2025 10:30,-1567
7/12/2025 10:45,-1566
7/12/2025 11:00,-1564
7/12/2025 11:15,-1564
7/12/2025 11:30,-1565
7/12/2025 11:45,-1563
7/12/2025 12:00,-1562
7/12/2025 12:15,-1563
7/12/2025 12:30,-1563
7/12/2025 12:45,-1564
7/12/2025 13:00,-1507
7/12/2025 13:15,-1508
7/12/2025 13:30,-1517
7/12/2025 13:45,-1527
7/12/2025 14:00,-1535
7/12/2025 14:15,-1521
7/12/2025 14:30,-1536
7/12/2025 14:45,-1544
7/12/2025 15:00,-1554
7/12/2025 15:15,-1554
7/12/2025 15:30,-1563
7/12/2025 15:45,-1418
7/12/2025 16:00,-1474
7/12/2025 16:15,-1476
7/12/2025 16:30,-1513
7/12/2025 16:45,-1543
7/12/2025 17:00,-1526
7/12/2025 17:15,-1552
7/12/2025 17:30,-1461
7/12/2025 17:45,-1330
7/12/2025 18:00,-1440
7/12/2025 18:15,-1523
7/12/2025 18:30,-1404
7/12/2025 18:45,-1259
7/12/2025 19:00,-861
7/12/2025 19:15,-582
7/12/2025 19:30,-332
7/12/2025 19:45,-71
7/12/2025 20:00,-62
7/12/2025 20:15,-22
7/12/2025 20:30,-4
7/12/2025 20:45,-3
7/12/2025 21:00,-4
7/12/2025 21:15,-4
7/12/2025 21:30,-4
7/12/2025 21:45,-4
7/12/2025 22:00,-4
7/12/2025 22:15,-3
7/12/2025 22:30,-3
7/12/2025 22:45,-4
7/12/2025 23:00,-3
7/12/2025 23:15,-4
7/12/2025 23:30,-3
7/12/2025 23:45,-3
7/13/2025 0:00,-4
7/13/2025 0:15,-3
7/13/2025 0:30,-3
7/13/2025 0:45,-4
7/13/2025 1:00,-3
7/13/2025 1:15,-2
7/13/2025 1:30,-2
7/13/2025 1:45,-4
7/13/2025 2:00,-3
7/13/2025 2:15,-2
7/13/2025 2:30,-3
7/13/2025 2:45,-3
7/13/2025 3:00,-3
7/13/2025 3:15,-3
7/13/2025 3:30,-4
7/13/2025 3:45,-3
7/13/2025 4:00,-3
7/13/2025 4:15,-3
7/13/2025 4:30,-4
7/13/2025 4:45,-3
7/13/2025 5:00,-3
7/13/2025 5:15,-4
7/13/2025 5:30,-2
7/13/2025 5:45,-3
7/13/2025 6:00,-2
7/13/2025 6:15,-26
7/13/2025 6:30,-89
7/13/2025 6:45,-221
7/13/2025 7:00,-403
7/13/2025 7:15,-621
7/13/2025 7:30,-896
7/13/2025 7:45,-1108
7/13/2025 8:00,-1304
7/13/2025 8:15,-1389
7/13/2025 8:30,-1474
7/13/2025 8:45,-1525
7/13/2025 9:00,-1566
7/13/2025 9:15,-1567
7/13/2025 9:30,-1567
7/13/2025 9:45,-1566
7/13/2025 10:00,-1563
7/13/2025 10:15,-1567
7/13/2025 10:30,-1567
7/13/2025 10:45,-1565
7/13/2025 11:00,-1565
7/13/2025 11:15,-1564
7/13/2025 11:30,-1565
7/13/2025 11:45,-1564
7/13/2025 12:00,-1563
7/13/2025 12:15,-1563
7/13/2025 12:30,-1563
7/13/2025 12:45,-1563
7/13/2025 13:00,-1563
7/13/2025 13:15,-1562
7/13/2025 13:30,-1563
7/13/2025 13:45,-1562
7/13/2025 14:00,-445
7/13/2025 14:15,-1562
7/13/2025 14:30,-599
7/13/2025 14:45,-510
7/13/2025 15:00,-459
7/13/2025 15:15,-403
7/13/2025 15:30,-217
7/13/2025 15:45,-85
7/13/2025 16:00,-50
7/13/2025 16:15,-38
7/13/2025 16:30,-32
7/13/2025 16:45,-35
7/13/2025 17:00,-34
7/13/2025 17:15,-46
7/13/2025 17:30,-68
7/13/2025 17:45,-53
7/13/2025 18:00,-41
7/13/2025 18:15,-55
7/13/2025 18:30,-50
7/13/2025 18:45,-55
7/13/2025 19:00,-78
7/13/2025 19:15,-90
7/13/2025 19:30,-51
7/13/2025 19:45,-42
7/13/2025 20:00,-30
7/13/2025 20:15,-27
7/13/2025 20:30,-7
7/13/2025 20:45,-4
7/13/2025 21:00,-4
7/13/2025 21:15,-4
7/13/2025 21:30,-4
7/13/2025 21:45,-4
7/13/2025 22:00,-3
7/13/2025 22:15,-4
7/13/2025 22:30,-4
7/13/2025 22:45,-3
7/13/2025 23:00,-4
7/13/2025 23:15,-2
7/13/2025 23:30,-4
7/13/2025 23:45,-4
7/14/2025 0:00,-4
7/14/2025 0:15,-3
7/14/2025 0:30,-4
7/14/2025 0:45,-2
7/14/2025 1:00,-3
7/14/2025 1:15,-4
7/14/2025 1:30,-3
7/14/2025 1:45,-3
7/14/2025 2:00,-3
7/14/2025 2:15,-3
7/14/2025 2:30,-2
7/14/2025 2:45,-4
7/14/2025 3:00,-3
7/14/2025 3:15,-2
7/14/2025 3:30,-4
7/14/2025 3:45,-3
7/14/2025 4:00,-2
7/14/2025 4:15,-3
7/14/2025 4:30,-3
7/14/2025 4:45,-4
7/14/2025 5:00,-2
7/14/2025 5:15,-4
7/14/2025 5:30,-2
7/14/2025 5:45,-4
7/14/2025 6:00,-4
7/14/2025 6:15,-20
7/14/2025 6:30,-50
7/14/2025 6:45,-58
7/14/2025 7:00,-107
7/14/2025 7:15,-136
7/14/2025 7:30,-200
7/14/2025 7:45,-289
7/14/2025 8:00,-356
7/14/2025 8:15,-374
7/14/2025 8:30,-814
7/14/2025 8:45,-1541
7/14/2025 9:00,-1442
7/14/2025 9:15,-1534
7/14/2025 9:30,-1567
7/14/2025 9:45,-1565
7/14/2025 10:00,-1567
7/14/2025 10:15,-1566
7/14/2025 10:30,-1567
7/14/2025 10:45,-1564
7/14/2025 11:00,-1565
7/14/2025 11:15,-1566
7/14/2025 11:30,-1565
7/14/2025 11:45,-1564
7/14/2025 12:00,-1562
7/14/2025 12:15,-1564
7/14/2025 12:30,-1562
7/14/2025 12:45,-1563
7/14/2025 13:00,-1562
7/14/2025 13:15,-1564
7/14/2025 13:30,-1560
7/14/2025 13:45,-1561
7/14/2025 14:00,-1562
7/14/2025 14:15,-1562
7/14/2025 14:30,-1562
7/14/2025 14:45,-1561
7/14/2025 15:00,-1562
7/14/2025 15:15,-1358
7/14/2025 15:30,-1546
7/14/2025 15:45,-1546
7/14/2025 16:00,-1494
7/14/2025 16:15,-1467
7/14/2025 16:30,-1548
7/14/2025 16:45,-1537
7/14/2025 17:00,-500
7/14/2025 17:15,-1023
7/14/2025 17:30,-270
7/14/2025 17:45,-236
7/14/2025 18:00,-163
7/14/2025 18:15,-126
7/14/2025 18:30,-129
7/14/2025 18:45,-142
7/14/2025 19:00,-186
7/14/2025 19:15,-506
7/14/2025 19:30,-429
7/14/2025 19:45,-231
7/14/2025 20:00,-104
7/14/2025 20:15,-36
7/14/2025 20:30,-4
7/14/2025 20:45,-4
7/14/2025 21:00,-2
7/14/2025 21:15,-3
7/14/2025 21:30,-3
7/14/2025 21:45,-2
7/14/2025 22:00,-3
7/14/2025 22:15,-3
7/14/2025 22:30,-3
7/14/2025 22:45,-3
7/14/2025 23:00,-2
7/14/2025 23:15,-4
7/14/2025 23:30,-3
7/14/2025 23:45,-3
7/15/2025 0:00,-3
7/15/2025 0:15,-3
7/15/2025 0:30,-3
7/15/2025 0:45,-3
7/15/2025 1:00,-3
7/15/2025 1:15,-3
7/15/2025 1:30,-2
7/15/2025 1:45,-3
7/15/2025 2:00,-3
7/15/2025 2:15,-2
7/15/2025 2:30,-4
7/15/2025 2:45,-2
7/15/2025 3:00,-2
7/15/2025 3:15,-3
7/15/2025 3:30,-2
7/15/2025 3:45,-3
7/15/2025 4:00,-3
7/15/2025 4:15,-2
7/15/2025 4:30,-3
7/15/2025 4:45,-3
7/15/2025 5:00,-2
7/15/2025 5:15,-2
7/15/2025 5:30,-3
7/15/2025 5:45,-2
7/15/2025 6:00,-2
7/15/2025 6:15,-17
7/15/2025 6:30,-60
7/15/2025 6:45,-178
7/15/2025 7:00,-390
7/15/2025 7:15,-670
7/15/2025 7:30,-915
7/15/2025 7:45,-1041
7/15/2025 8:00,-1283
7/15/2025 8:15,-1419
7/15/2025 8:30,-1495
7/15/2025 8:45,-1557
7/15/2025 9:00,-1567
7/15/2025 9:15,-1473
7/15/2025 9:30,-1254
7/15/2025 9:45,-1402
7/15/2025 10:00,-1404
7/15/2025 10:15,-1471
7/15/2025 10:30,-1475
7/15/2025 10:45,-1566
7/15/2025 11:00,-1565
7/15/2025 11:15,-1508
7/15/2025 11:30,-1479
7/15/2025 11:45,-1500
7/15/2025 12:00,-1513
7/15/2025 12:15,-1431
7/15/2025 12:30,-1464
7/15/2025 12:45,-1460
7/15/2025 13:00,-1451
7/15/2025 13:15,-1433
7/15/2025 13:30,-1497
7/15/2025 13:45,-1511
7/15/2025 14:00,-1493
7/15/2025 14:15,-1501
7/15/2025 14:30,-1480
7/15/2025 14:45,-594
7/15/2025 15:00,-1499
7/15/2025 15:15,-240
7/15/2025 15:30,-147
7/15/2025 15:45,-96
7/15/2025 16:00,-82
7/15/2025 16:15,-86
7/15/2025 16:30,-134
7/15/2025 16:45,-138
7/15/2025 17:00,-163
7/15/2025 17:15,-184
7/15/2025 17:30,-202
7/15/2025 17:45,-395
7/15/2025 18:00,-319
7/15/2025 18:15,-231
7/15/2025 18:30,-214
7/15/2025 18:45,-333
7/15/2025 19:00,-419
7/15/2025 19:15,-168
7/15/2025 19:30,-178
7/15/2025 19:45,-125
7/15/2025 20:00,-75
7/15/2025 20:15,-28
7/15/2025 20:30,-2
7/15/2025 20:45,-3
7/15/2025 21:00,-4
7/15/2025 21:15,-3
7/15/2025 21:30,-3
7/15/2025 21:45,-3
7/15/2025 22:00,-3
7/15/2025 22:15,-3
7/15/2025 22:30,-3
7/15/2025 22:45,-3
7/15/2025 23:00,-2
7/15/2025 23:15,-3
7/15/2025 23:30,-4
7/15/2025 23:45,-2
7/16/2025 0:00,-3
7/16/2025 0:15,-3
7/16/2025 0:30,-3
7/16/2025 0:45,-4
7/16/2025 1:00,-2
7/16/2025 1:15,-3
7/16/2025 1:30,-2
7/16/2025 1:45,-3
7/16/2025 2:00,-3
7/16/2025 2:15,-2
7/16/2025 2:30,-2
7/16/2025 2:45,-2
7/16/2025 3:00,-4
7/16/2025 3:15,-4
7/16/2025 3:30,-4
7/16/2025 3:45,-2
7/16/2025 4:00,-3
7/16/2025 4:15,-4
7/16/2025 4:30,-3
7/16/2025 4:45,-3
7/16/2025 5:00,-4
7/16/2025 5:15,-3
7/16/2025 5:30,-3
7/16/2025 5:45,-3
7/16/2025 6:00,-3
7/16/2025 6:15,-16
7/16/2025 6:30,-74
7/16/2025 6:45,-190
7/16/2025 7:00,-387
7/16/2025 7:15,-304
7/16/2025 7:30,-292
7/16/2025 7:45,-1066
7/16/2025 8:00,-1236
7/16/2025 8:15,-1342
7/16/2025 8:30,-1432
7/16/2025 8:45,-1480
7/16/2025 9:00,-1513
7/16/2025 9:15,-1228
7/16/2025 9:30,-1500
7/16/2025 9:45,-1469
7/16/2025 10:00,-1529
7/16/2025 10:15,-1554
7/16/2025 10:30,-1264
7/16/2025 10:45,-1499
7/16/2025 11:00,-1549
7/16/2025 11:15,-1546
7/16/2025 11:30,-1125
7/16/2025 11:45,-1379
7/16/2025 12:00,-1177
7/16/2025 12:15,-1000
7/16/2025 12:30,-1565
7/16/2025 12:45,-1564
7/16/2025 13:00,-1562
7/16/2025 13:15,-1562
7/16/2025 13:30,-1558
7/16/2025 13:45,-1526
7/16/2025 14:00,-1543
7/16/2025 14:15,-1399
7/16/2025 14:30,-625
7/16/2025 14:45,-1561
7/16/2025 15:00,-1251
7/16/2025 15:15,-1503
7/16/2025 15:30,-1474
7/16/2025 15:45,-1447
7/16/2025 16:00,-683
7/16/2025 16:15,-895
7/16/2025 16:30,-854
7/16/2025 16:45,-796
7/16/2025 17:00,-422
7/16/2025 17:15,-282
7/16/2025 17:30,-241
7/16/2025 17:45,-186
7/16/2025 18:00,-169
7/16/2025 18:15,-113
7/16/2025 18:30,-123
7/16/2025 18:45,-172
7/16/2025 19:00,-111
7/16/2025 19:15,-104
7/16/2025 19:30,-136
7/16/2025 19:45,-94
7/16/2025 20:00,-57
7/16/2025 20:15,-24
7/16/2025 20:30,-2
7/16/2025 20:45,-4
7/16/2025 21:00,-3
7/16/2025 21:15,-3
7/16/2025 21:30,-4
7/16/2025 21:45,-4
7/16/2025 22:00,-4
7/16/2025 22:15,-4
7/16/2025 22:30,-4
7/16/2025 22:45,-2
7/16/2025 23:00,-4
7/16/2025 23:15,-3
7/16/2025 23:30,-3
7/16/2025 23:45,-3
7/17/2025 0:00,-3
7/17/2025 0:15,-3
7/17/2025 0:30,-4
7/17/2025 0:45,-2
7/17/2025 1:00,-3
7/17/2025 1:15,-4
7/17/2025 1:30,-3
7/17/2025 1:45,-4
7/17/2025 2:00,-4
7/17/2025 2:15,-3
7/17/2025 2:30,-4
7/17/2025 2:45,-4
7/17/2025 3:00,-4
7/17/2025 3:15,-4
7/17/2025 3:30,-4
7/17/2025 3:45,-4
7/17/2025 4:00,-3
7/17/2025 4:15,-3
7/17/2025 4:30,-2
7/17/2025 4:45,-4
7/17/2025 5:00,-2
7/17/2025 5:15,-3
7/17/2025 5:30,-4
7/17/2025 5:45,-3
7/17/2025 6:00,-3
7/17/2025 6:15,-2
7/17/2025 6:30,-24
7/17/2025 6:45,-86
7/17/2025 7:00,-128
7/17/2025 7:15,-148
7/17/2025 7:30,-168
7/17/2025 7:45,-1232
7/17/2025 8:00,-579
7/17/2025 8:15,-1463
7/17/2025 8:30,-1445
7/17/2025 8:45,-1047
7/17/2025 9:00,-1504
7/17/2025 9:15,-491
7/17/2025 9:30,-376
7/17/2025 9:45,-480
7/17/2025 10:00,-210
7/17/2025 10:15,-167
7/17/2025 10:30,-258
7/17/2025 10:45,-271
7/17/2025 11:00,-256
7/17/2025 11:15,-250
7/17/2025 11:30,-296
7/17/2025 11:45,-387
7/17/2025 12:00,-624
7/17/2025 12:15,-521
7/17/2025 12:30,-475
7/17/2025 12:45,-644
7/17/2025 13:00,-1186
7/17/2025 13:15,-1500
7/17/2025 13:30,-1136
7/17/2025 13:45,-1560
7/17/2025 14:00,-1546
7/17/2025 14:15,-1565
7/17/2025 14:30,-1524
7/17/2025 14:45,-1529
7/17/2025 15:00,-1360
7/17/2025 15:15,-511
7/17/2025 15:30,-423
7/17/2025 15:45,-1471
7/17/2025 16:00,-1597
7/17/2025 16:15,-1663
7/17/2025 16:30,-1661
7/17/2025 16:45,-1661
7/17/2025 17:00,-1641
7/17/2025 17:15,-350
7/17/2025 17:30,-1640
7/17/2025 17:45,-1575
7/17/2025 18:00,-1585
7/17/2025 18:15,-1587
7/17/2025 18:30,-355
7/17/2025 18:45,-159
7/17/2025 19:00,-75
7/17/2025 19:15,-104
7/17/2025 19:30,-151
7/17/2025 19:45,-165
7/17/2025 20:00,-80
7/17/2025 20:15,-36
7/17/2025 20:30,-2
7/17/2025 20:45,-2
7/17/2025 21:00,-3
7/17/2025 21:15,-4
7/17/2025 21:30,-3
7/17/2025 21:45,-3
7/17/2025 22:00,-3
7/17/2025 22:15,-3
7/17/2025 22:30,-3
7/17/2025 22:45,-2
7/17/2025 23:00,-4
7/17/2025 23:15,-3
7/17/2025 23:30,-3
7/17/2025 23:45,-4
7/18/2025 0:00,-3
7/18/2025 0:15,-3
7/18/2025 0:30,-3
7/18/2025 0:45,-3
7/18/2025 1:00,-4
7/18/2025 1:15,-3
7/18/2025 1:30,-4
7/18/2025 1:45,-3
7/18/2025 2:00,-3
7/18/2025 2:15,-3
7/18/2025 2:30,-3
7/18/2025 2:45,-3
7/18/2025 3:00,-3
7/18/2025 3:15,-3
7/18/2025 3:30,-3
7/18/2025 3:45,-3
7/18/2025 4:00,-2
7/18/2025 4:15,-3
7/18/2025 4:30,-2
7/18/2025 4:45,-3
7/18/2025 5:00,-3
7/18/2025 5:15,-3
7/18/2025 5:30,-2
7/18/2025 5:45,-3
7/18/2025 6:00,-3
7/18/2025 6:15,-29
7/18/2025 6:30,-91
7/18/2025 6:45,-243
7/18/2025 7:00,-239
7/18/2025 7:15,-776
7/18/2025 7:30,-837
7/18/2025 7:45,-1297
7/18/2025 8:00,-421
7/18/2025 8:15,-943
7/18/2025 8:30,-593
7/18/2025 8:45,-516
7/18/2025 9:00,-1667
7/18/2025 9:15,-565
7/18/2025 9:30,-486
7/18/2025 9:45,-717
7/18/2025 10:00,-266
7/18/2025 10:15,-414
7/18/2025 10:30,-817
7/18/2025 10:45,-755
7/18/2025 11:00,-1139
7/18/2025 11:15,-1580
7/18/2025 11:30,-1607
7/18/2025 11:45,-843
7/18/2025 12:00,-1351
7/18/2025 12:15,-1664
7/18/2025 12:30,-1665
7/18/2025 12:45,-1664
7/18/2025 13:00,-1664
7/18/2025 13:15,-1524
7/18/2025 13:30,-1574
7/18/2025 13:45,-1580
7/18/2025 14:00,-1560
7/18/2025 14:15,-851
7/18/2025 14:30,-1543
7/18/2025 14:45,-1557
7/18/2025 15:00,-1535
7/18/2025 15:15,-1529
7/18/2025 15:30,-1557
7/18/2025 15:45,-1551
7/18/2025 16:00,-1554
7/18/2025 16:15,-336
7/18/2025 16:30,-1561
7/18/2025 16:45,-1336
7/18/2025 17:00,-1591
7/18/2025 17:15,-1572
7/18/2025 17:30,-1631
7/18/2025 17:45,-1586
7/18/2025 18:00,-1470
7/18/2025 18:15,-184
7/18/2025 18:30,-951
7/18/2025 18:45,-542
7/18/2025 19:00,-672
7/18/2025 19:15,-378
7/18/2025 19:30,-102
7/18/2025 19:45,-89
7/18/2025 20:00,-88
7/18/2025 20:15,-20
7/18/2025 20:30,-5
7/18/2025 20:45,-4
7/18/2025 21:00,-3
7/18/2025 21:15,-4
7/18/2025 21:30,-4
7/18/2025 21:45,-3
7/18/2025 22:00,-3
7/18/2025 22:15,-3
7/18/2025 22:30,-3
7/18/2025 22:45,-3
7/18/2025 23:00,-4
7/18/2025 23:15,-3
7/18/2025 23:30,-3
7/18/2025 23:45,-4
7/19/2025 0:00,-2
7/19/2025 0:15,-3
7/19/2025 0:30,-3
7/19/2025 0:45,-3
7/19/2025 1:00,-3
7/19/2025 1:15,-3
7/19/2025 1:30,-3
7/19/2025 1:45,-2
7/19/2025 2:00,-3
7/19/2025 2:15,-3
7/19/2025 2:30,-3
7/19/2025 2:45,-3
7/19/2025 3:00,-4
7/19/2025 3:15,-3
7/19/2025 3:30,-3
7/19/2025 3:45,-4
7/19/2025 4:00,-3
7/19/2025 4:15,-3
7/19/2025 4:30,-4
7/19/2025 4:45,-2
7/19/2025 5:00,-3
7/19/2025 5:15,-4
7/19/2025 5:30,-4
7/19/2025 5:45,-3
7/19/2025 6:00,-3
7/19/2025 6:15,-2
7/19/2025 6:30,-14
7/19/2025 6:45,-43
7/19/2025 7:00,-70
7/19/2025 7:15,-143
7/19/2025 7:30,-398
7/19/2025 7:45,-411
7/19/2025 8:00,-471
7/19/2025 8:15,-404
7/19/2025 8:30,-1056
7/19/2025 8:45,-1667
7/19/2025 9:00,-1666
7/19/2025 9:15,-1665
7/19/2025 9:30,-1665
7/19/2025 9:45,-1665
7/19/2025 10:00,-1664
7/19/2025 10:15,-1665
7/19/2025 10:30,-1666
7/19/2025 10:45,-1135
7/19/2025 11:00,-1138
7/19/2025 11:15,-971
7/19/2025 11:30,-1585
7/19/2025 11:45,-987
7/19/2025 12:00,-941
7/19/2025 12:15,-1033
7/19/2025 12:30,-732
7/19/2025 12:45,-864
7/19/2025 13:00,-1177
7/19/2025 13:15,-713
7/19/2025 13:30,-816
7/19/2025 13:45,-332
7/19/2025 14:00,-442
7/19/2025 14:15,-617
7/19/2025 14:30,-1516
7/19/2025 14:45,-827
7/19/2025 15:00,-806
7/19/2025 15:15,-788
7/19/2025 15:30,-535
7/19/2025 15:45,-445
7/19/2025 16:00,-500
7/19/2025 16:15,-562
7/19/2025 16:30,-527
7/19/2025 16:45,-717
7/19/2025 17:00,-370
7/19/2025 17:15,-289
7/19/2025 17:30,-205
7/19/2025 17:45,-183
7/19/2025 18:00,-232
7/19/2025 18:15,-143
7/19/2025 18:30,-82
7/19/2025 18:45,-88
7/19/2025 19:00,-162
7/19/2025 19:15,-130
7/19/2025 19:30,-91
7/19/2025 19:45,-189
7/19/2025 20:00,-29
7/19/2025 20:15,-8
7/19/2025 20:30,-2
7/19/2025 20:45,-4
7/19/2025 21:00,-4
7/19/2025 21:15,-4
7/19/2025 21:30,-4
7/19/2025 21:45,-2
7/19/2025 22:00,-4
7/19/2025 22:15,-3
7/19/2025 22:30,-2
7/19/2025 22:45,-4
7/19/2025 23:00,-4
7/19/2025 23:15,-3
7/19/2025 23:30,-3
7/19/2025 23:45,-3
7/20/2025 0:00,-3
7/20/2025 0:15,-3
7/20/2025 0:30,-2
7/20/2025 0:45,-3
7/20/2025 1:00,-4
7/20/2025 1:15,-2
7/20/2025 1:30,-3
7/20/2025 1:45,-3
7/20/2025 2:00,-2
7/20/2025 2:15,-2
7/20/2025 2:30,-4
7/20/2025 2:45,-2
7/20/2025 3:00,-2
7/20/2025 3:15,-4
7/20/2025 3:30,-4
7/20/2025 3:45,-3
7/20/2025 4:00,-3
7/20/2025 4:15,-2
7/20/2025 4:30,-2
7/20/2025 4:45,-2
7/20/2025 5:00,-3
7/20/2025 5:15,-3
7/20/2025 5:30,-3
7/20/2025 5:45,-2
7/20/2025 6:00,-3
7/20/2025 6:15,-18
7/20/2025 6:30,-68
7/20/2025 6:45,-114
7/20/2025 7:00,-494
7/20/2025 7:15,-757
7/20/2025 7:30,-1076
7/20/2025 7:45,-1363
7/20/2025 8:00,-1498
7/20/2025 8:15,-917
7/20/2025 8:30,-675
7/20/2025 8:45,-731
7/20/2025 9:00,-798
7/20/2025 9:15,-1283
7/20/2025 9:30,-1548
7/20/2025 9:45,-1667
7/20/2025 10:00,-1666
7/20/2025 10:15,-1600
7/20/2025 10:30,-1665
7/20/2025 10:45,-1594
7/20/2025 11:00,-1570
7/20/2025 11:15,-1596
7/20/2025 11:30,-1663
7/20/2025 11:45,-1640
7/20/2025 12:00,-1662
7/20/2025 12:15,-1662
7/20/2025 12:30,-1618
7/20/2025 12:45,-1657
7/20/2025 13:00,-1662
7/20/2025 13:15,-1661
7/20/2025 13:30,-1649
7/20/2025 13:45,-1651
7/20/2025 14:00,-1558
7/20/2025 14:15,-1649
7/20/2025 14:30,-1651
7/20/2025 14:45,-1658
7/20/2025 15:00,-1658
7/20/2025 15:15,-1659
7/20/2025 15:30,-1662
7/20/2025 15:45,-490
7/20/2025 16:00,-426
7/20/2025 16:15,-457
7/20/2025 16:30,-1419
7/20/2025 16:45,-1127
7/20/2025 17:00,-1531
7/20/2025 17:15,-1661
7/20/2025 17:30,-314
7/20/2025 17:45,-937
7/20/2025 18:00,-316
7/20/2025 18:15,-227
7/20/2025 18:30,-179
7/20/2025 18:45,-183
7/20/2025 19:00,-231
7/20/2025 19:15,-159
7/20/2025 19:30,-131
7/20/2025 19:45,-84
7/20/2025 20:00,-54
7/20/2025 20:15,-24
7/20/2025 20:30,-3
7/20/2025 20:45,-4
7/20/2025 21:00,-4
7/20/2025 21:15,-4
7/20/2025 21:30,-4
7/20/2025 21:45,-2
7/20/2025 22:00,-4
7/20/2025 22:15,-4
7/20/2025 22:30,-3
7/20/2025 22:45,-4
7/20/2025 23:00,-4
7/20/2025 23:15,-3
7/20/2025 23:30,-3
7/20/2025 23:45,-3
7/21/2025 0:00,-4
7/21/2025 0:15,-4
7/21/2025 0:30,-3
7/21/2025 0:45,-4
7/21/2025 1:00,-4
7/21/2025 1:15,-4
7/21/2025 1:30,-2
7/21/2025 1:45,-2
7/21/2025 2:00,-4
7/21/2025 2:15,-2
7/21/2025 2:30,-4
7/21/2025 2:45,-4
7/21/2025 3:00,-4
7/21/2025 3:15,-4
7/21/2025 3:30,-4
7/21/2025 3:45,-4
7/21/2025 4:00,-4
7/21/2025 4:15,-3
7/21/2025 4:30,-3
7/21/2025 4:45,-3
7/21/2025 5:00,-3
7/21/2025 5:15,-4
7/21/2025 5:30,-4
7/21/2025 5:45,-3
7/21/2025 6:00,-3
7/21/2025 6:15,-2
7/21/2025 6:30,-6
7/21/2025 6:45,-83
7/21/2025 7:00,-117
7/21/2025 7:15,-132
7/21/2025 7:30,-80
7/21/2025 7:45,-135
7/21/2025 8:00,-134
7/21/2025 8:15,-137
7/21/2025 8:30,-203
7/21/2025 8:45,-281
7/21/2025 9:00,-249
7/21/2025 9:15,-308
7/21/2025 9:30,-705
7/21/2025 9:45,-729
7/21/2025 10:00,-1542
7/21/2025 10:15,-1603
7/21/2025 10:30,-1472
7/21/2025 10:45,-1498
7/21/2025 11:00,-1131
7/21/2025 11:15,-1641
7/21/2025 11:30,-1556
7/21/2025 11:45,-1536
7/21/2025 12:00,-1645
7/21/2025 12:15,-1652
7/21/2025 12:30,-1058
7/21/2025 12:45,-499
7/21/2025 13:00,-1619
7/21/2025 13:15,-1529
7/21/2025 13:30,-1520
7/21/2025 13:45,-1495
7/21/2025 14:00,-1609
7/21/2025 14:15,-357
7/21/2025 14:30,-436
7/21/2025 14:45,-1416
7/21/2025 15:00,-382
7/21/2025 15:15,-1565
7/21/2025 15:30,-434
7/21/2025 15:45,-1558
7/21/2025 16:00,-1519
7/21/2025 16:15,-1588
7/21/2025 16:30,-1572
7/21/2025 16:45,-1595
7/21/2025 17:00,-1554
7/21/2025 17:15,-712
7/21/2025 17:30,-1580
7/21/2025 17:45,-365
7/21/2025 18:00,-1554
7/21/2025 18:15,-1520
7/21/2025 18:30,-1449
7/21/2025 18:45,-1233
7/21/2025 19:00,-233
7/21/2025 19:15,-565
7/21/2025 19:30,-385
7/21/2025 19:45,-132
7/21/2025 20:00,-67
7/21/2025 20:15,-21
7/21/2025 20:30,-4
7/21/2025 20:45,-3
7/21/2025 21:00,-4
7/21/2025 21:15,-4
7/21/2025 21:30,-3
7/21/2025 21:45,-4
7/21/2025 22:00,-4
7/21/2025 22:15,-4
7/21/2025 22:30,-4
7/21/2025 22:45,-4
7/21/2025 23:00,-4
7/21/2025 23:15,-3
7/21/2025 23:30,-4
7/21/2025 23:45,-4
7/22/2025 0:00,-3
7/22/2025 0:15,-3
7/22/2025 0:30,-3
7/22/2025 0:45,-3
7/22/2025 1:00,-3
7/22/2025 1:15,-3
7/22/2025 1:30,-3
7/22/2025 1:45,-3
7/22/2025 2:00,-4
7/22/2025 2:15,-3
7/22/2025 2:30,-3
7/22/2025 2:45,-4
7/22/2025 3:00,-3
7/22/2025 3:15,-3
7/22/2025 3:30,-3
7/22/2025 3:45,-3
7/22/2025 4:00,-3
7/22/2025 4:15,-3
7/22/2025 4:30,-4
7/22/2025 4:45,-3
7/22/2025 5:00,-3
7/22/2025 5:15,-3
7/22/2025 5:30,-3
7/22/2025 5:45,-3
7/22/2025 6:00,-3
7/22/2025 6:15,-2
7/22/2025 6:30,-18
7/22/2025 6:45,-74
7/22/2025 7:00,-115
7/22/2025 7:15,-153
7/22/2025 7:30,-122
7/22/2025 7:45,-112
7/22/2025 8:00,-156
7/22/2025 8:15,-313
7/22/2025 8:30,-319
7/22/2025 8:45,-289
7/22/2025 9:00,-287
7/22/2025 9:15,-272
7/22/2025 9:30,-337
7/22/2025 9:45,-586
7/22/2025 10:00,-779
7/22/2025 10:15,-1313
7/22/2025 10:30,-1319
7/22/2025 10:45,-1365
7/22/2025 11:00,-1497
7/22/2025 11:15,-1043
7/22/2025 11:30,-1053
7/22/2025 11:45,-1276
7/22/2025 12:00,-1227
7/22/2025 12:15,-1316
7/22/2025 12:30,-1654
7/22/2025 12:45,-1664
7/22/2025 13:00,-1664
7/22/2025 13:15,-1662
7/22/2025 13:30,-1248
7/22/2025 13:45,-1448
7/22/2025 14:00,-1601
7/22/2025 14:15,-1281
7/22/2025 14:30,-1597
7/22/2025 14:45,-1372
7/22/2025 15:00,-873
7/22/2025 15:15,-873
7/22/2025 15:30,-879
7/22/2025 15:45,-885
7/22/2025 16:00,-674
7/22/2025 16:15,-789
7/22/2025 16:30,-958
7/22/2025 16:45,-1206
7/22/2025 17:00,-843
7/22/2025 17:15,-493
7/22/2025 17:30,-322
7/22/2025 17:45,-292
7/22/2025 18:00,-294
7/22/2025 18:15,-262
7/22/2025 18:30,-203
7/22/2025 18:45,-224
7/22/2025 19:00,-255
7/22/2025 19:15,-107
7/22/2025 19:30,-111
7/22/2025 19:45,-111
7/22/2025 20:00,-89
7/22/2025 20:15,-27
7/22/2025 20:30,-2
7/22/2025 20:45,-2
7/22/2025 21:00,-4
7/22/2025 21:15,-2
7/22/2025 21:30,-3
7/22/2025 21:45,-3
7/22/2025 22:00,-4
7/22/2025 22:15,-3
7/22/2025 22:30,-4
7/22/2025 22:45,-3
7/22/2025 23:00,-3
7/22/2025 23:15,-3
7/22/2025 23:30,-3
7/22/2025 23:45,-3
7/23/2025 0:00,-3
7/23/2025 0:15,-3
7/23/2025 0:30,-3
7/23/2025 0:45,-3
7/23/2025 1:00,-3
7/23/2025 1:15,-3
7/23/2025 1:30,-3
7/23/2025 1:45,-3
7/23/2025 2:00,-3
7/23/2025 2:15,-3
7/23/2025 2:30,-3
7/23/2025 2:45,-3
7/23/2025 3:00,-3
7/23/2025 3:15,-3
7/23/2025 3:30,-3
7/23/2025 3:45,-4
7/23/2025 4:00,-2
7/23/2025 4:15,-2
7/23/2025 4:30,-3
7/23/2025 4:45,-3
7/23/2025 5:00,-3
7/23/2025 5:15,-4
7/23/2025 5:30,-3
7/23/2025 5:45,-3
7/23/2025 6:00,-4
7/23/2025 6:15,-3
7/23/2025 6:30,-28
7/23/2025 6:45,-44
7/23/2025 7:00,-77
7/23/2025 7:15,-100
7/23/2025 7:30,-139
7/23/2025 7:45,-223
7/23/2025 8:00,-277
7/23/2025 8:15,-315
7/23/2025 8:30,-358
7/23/2025 8:45,-398
7/23/2025 9:00,-510
7/23/2025 9:15,-640
7/23/2025 9:30,-964
7/23/2025 9:45,-1642
7/23/2025 10:00,-924
7/23/2025 10:15,-1666
7/23/2025 10:30,-1551
7/23/2025 10:45,-1656
7/23/2025 11:00,-910
7/23/2025 11:15,-1590
7/23/2025 11:30,-1631
7/23/2025 11:45,-1663
7/23/2025 12:00,-1572
7/23/2025 12:15,-1507
7/23/2025 12:30,-1364
7/23/2025 12:45,-1665
7/23/2025 13:00,-1226
7/23/2025 13:15,-1488
7/23/2025 13:30,-1586
7/23/2025 13:45,-1663
7/23/2025 14:00,-1662
7/23/2025 14:15,-1660
7/23/2025 14:30,-1603
7/23/2025 14:45,-1246
7/23/2025 15:00,-1608
7/23/2025 15:15,-1313
7/23/2025 15:30,-831
7/23/2025 15:45,-1656
7/23/2025 16:00,-1206
7/23/2025 16:15,-1610
7/23/2025 16:30,-1410
7/23/2025 16:45,-531
7/23/2025 17:00,-1345
7/23/2025 17:15,-1592
7/23/2025 17:30,-1433
7/23/2025 17:45,-1450
7/23/2025 18:00,-1319
7/23/2025 18:15,-631
7/23/2025 18:30,-890
7/23/2025 18:45,-921
7/23/2025 19:00,-299
7/23/2025 19:15,-219
7/23/2025 19:30,-163
7/23/2025 19:45,-197
7/23/2025 20:00,-76
7/23/2025 20:15,-18
7/23/2025 20:30,-4
7/23/2025 20:45,-4
7/23/2025 21:00,-4
7/23/2025 21:15,-4
7/23/2025 21:30,-4
7/23/2025 21:45,-3
7/23/2025 22:00,-4
7/23/2025 22:15,-4
7/23/2025 22:30,-3
7/23/2025 22:45,-4
7/23/2025 23:00,-3
7/23/2025 23:15,-3
7/23/2025 23:30,-3
7/23/2025 23:45,-3
7/24/2025 0:00,-3
7/24/2025 0:15,-3
7/24/2025 0:30,-3
7/24/2025 0:45,-3
7/24/2025 1:00,-3
7/24/2025 1:15,-3
7/24/2025 1:30,-3
7/24/2025 1:45,-3
7/24/2025 2:00,-3
7/24/2025 2:15,-3
7/24/2025 2:30,-3
7/24/2025 2:45,-3
7/24/2025 3:00,-3
7/24/2025 3:15,-3
7/24/2025 3:30,-3
7/24/2025 3:45,-3
7/24/2025 4:00,-3
7/24/2025 4:15,-3
7/24/2025 4:30,-2
7/24/2025 4:45,-3
7/24/2025 5:00,-3
7/24/2025 5:15,-3
7/24/2025 5:30,-3
7/24/2025 5:45,-2
7/24/2025 6:00,-3
7/24/2025 6:15,-3
7/24/2025 6:30,-57
7/24/2025 6:45,-124
7/24/2025 7:00,-364
7/24/2025 7:15,-692
7/24/2025 7:30,-940
7/24/2025 7:45,-1170
7/24/2025 8:00,-1453
7/24/2025 8:15,-1513
7/24/2025 8:30,-1431
7/24/2025 8:45,-1134
7/24/2025 9:00,-1471
7/24/2025 9:15,-1200
7/24/2025 9:30,-1447
7/24/2025 9:45,-1664
7/24/2025 10:00,-1665
7/24/2025 10:15,-1557
7/24/2025 10:30,-1636
7/24/2025 10:45,-1556
7/24/2025 11:00,-1566
7/24/2025 11:15,-1648
7/24/2025 11:30,-1422
7/24/2025 11:45,-1572
7/24/2025 12:00,-1555
7/24/2025 12:15,-1626
7/24/2025 12:30,-1625
7/24/2025 12:45,-1625
7/24/2025 13:00,-883
7/24/2025 13:15,-1604
7/24/2025 13:30,-1660
7/24/2025 13:45,-910
7/24/2025 14:00,-1655
7/24/2025 14:15,-1645
7/24/2025 14:30,-1310
7/24/2025 14:45,-1507
7/24/2025 15:00,-1510
7/24/2025 15:15,-1620
7/24/2025 15:30,-1624
7/24/2025 15:45,-1633
7/24/2025 16:00,-1578
7/24/2025 16:15,-1474
7/24/2025 16:30,-1507
7/24/2025 16:45,-805
7/24/2025 17:00,-1635
7/24/2025 17:15,-1610
7/24/2025 17:30,-1489
7/24/2025 17:45,-1575
7/24/2025 18:00,-1216
7/24/2025 18:15,-1102
7/24/2025 18:30,-1279
7/24/2025 18:45,-458
7/24/2025 19:00,-292
7/24/2025 19:15,-341
7/24/2025 19:30,-181
7/24/2025 19:45,-100
7/24/2025 20:00,-88
7/24/2025 20:15,-31
7/24/2025 20:30,-8
7/24/2025 20:45,-4
7/24/2025 21:00,-4
7/24/2025 21:15,-4
7/24/2025 21:30,-2
7/24/2025 21:45,-4
7/24/2025 22:00,-4
7/24/2025 22:15,-3
7/24/2025 22:30,-3
7/24/2025 22:45,-3
7/24/2025 23:00,-4
7/24/2025 23:15,-3
7/24/2025 23:30,-4
7/24/2025 23:45,-2
7/25/2025 0:00,-3
7/25/2025 0:15,-4
7/25/2025 0:30,-2
7/25/2025 0:45,-3
7/25/2025 1:00,-4
7/25/2025 1:15,-3
7/25/2025 1:30,-3
7/25/2025 1:45,-3
7/25/2025 2:00,-3
7/25/2025 2:15,-2
7/25/2025 2:30,-4
7/25/2025 2:45,-3
7/25/2025 3:00,-4
7/25/2025 3:15,-3
7/25/2025 3:30,-2
7/25/2025 3:45,-3
7/25/2025 4:00,-3
7/25/2025 4:15,-3
7/25/2025 4:30,-2
7/25/2025 4:45,-3
7/25/2025 5:00,-3
7/25/2025 5:15,-3
7/25/2025 5:30,-3
7/25/2025 5:45,-3
7/25/2025 6:00,-2
7/25/2025 6:15,-3
7/25/2025 6:30,-68
7/25/2025 6:45,-191
7/25/2025 7:00,-427
7/25/2025 7:15,-719
7/25/2025 7:30,-983
7/25/2025 7:45,-1241
7/25/2025 8:00,-1478
7/25/2025 8:15,-1577
7/25/2025 8:30,-1640
7/25/2025 8:45,-1666
7/25/2025 9:00,-1666
7/25/2025 9:15,-1666
7/25/2025 9:30,-1666
7/25/2025 9:45,-1665
7/25/2025 10:00,-1665
7/25/2025 10:15,-1666
7/25/2025 10:30,-1665
7/25/2025 10:45,-1664
7/25/2025 11:00,-1663
7/25/2025 11:15,-1663
7/25/2025 11:30,-1660
7/25/2025 11:45,-1664
7/25/2025 12:00,-1662
7/25/2025 12:15,-1662
7/25/2025 12:30,-1528
7/25/2025 12:45,-1543
7/25/2025 13:00,-1551
7/25/2025 13:15,-1564
7/25/2025 13:30,-1518
7/25/2025 13:45,-1663
7/25/2025 14:00,-374
7/25/2025 14:15,-1264
7/25/2025 14:30,-1510
7/25/2025 14:45,-301
7/25/2025 15:00,-1637
7/25/2025 15:15,-1663
7/25/2025 15:30,-1660
7/25/2025 15:45,-1477
7/25/2025 16:00,-1636
7/25/2025 16:15,-1623
7/25/2025 16:30,-1616
7/25/2025 16:45,-1632
7/25/2025 17:00,-1502
7/25/2025 17:15,-1557
7/25/2025 17:30,-1576
7/25/2025 17:45,-1588
7/25/2025 18:00,-1636
7/25/2025 18:15,-1575
7/25/2025 18:30,-1474
7/25/2025 18:45,-1148
7/25/2025 19:00,-735
7/25/2025 19:15,-495
7/25/2025 19:30,-309
7/25/2025 19:45,-146
7/25/2025 20:00,-59
7/25/2025 20:15,-17
7/25/2025 20:30,-4
7/25/2025 20:45,-4
7/25/2025 21:00,-4
7/25/2025 21:15,-4
7/25/2025 21:30,-4
7/25/2025 21:45,-2
7/25/2025 22:00,-4
7/25/2025 22:15,-4
7/25/2025 22:30,-4
7/25/2025 22:45,-2
7/25/2025 23:00,-4
7/25/2025 23:15,-2
7/25/2025 23:30,-3
7/25/2025 23:45,-2
7/26/2025 0:00,-2
7/26/2025 0:15,-2
7/26/2025 0:30,-3
7/26/2025 0:45,-3
7/26/2025 1:00,-3
7/26/2025 1:15,-3
7/26/2025 1:30,-2
7/26/2025 1:45,-3
7/26/2025 2:00,-3
7/26/2025 2:15,-3
7/26/2025 2:30,-2
7/26/2025 2:45,-2
7/26/2025 3:00,-3
7/26/2025 3:15,-4
7/26/2025 3:30,-3
7/26/2025 3:45,-3
7/26/2025 4:00,-3
7/26/2025 4:15,-3
7/26/2025 4:30,-3
7/26/2025 4:45,-3
7/26/2025 5:00,-3
7/26/2025 5:15,-4
7/26/2025 5:30,-3
7/26/2025 5:45,-2
7/26/2025 6:00,-2
7/26/2025 6:15,-2
7/26/2025 6:30,-66
7/26/2025 6:45,-93
7/26/2025 7:00,-136
7/26/2025 7:15,-752
7/26/2025 7:30,-252
7/26/2025 7:45,-1285
7/26/2025 8:00,-1501
7/26/2025 8:15,-1611
7/26/2025 8:30,-770
7/26/2025 8:45,-556
7/26/2025 9:00,-1666
7/26/2025 9:15,-1666
7/26/2025 9:30,-1666
7/26/2025 9:45,-1666
7/26/2025 10:00,-1626
7/26/2025 10:15,-1428
7/26/2025 10:30,-921
7/26/2025 10:45,-1252
7/26/2025 11:00,-1646
7/26/2025 11:15,-1663
7/26/2025 11:30,-1662
7/26/2025 11:45,-1660
7/26/2025 12:00,-1649
7/26/2025 12:15,-1649
7/26/2025 12:30,-1647
7/26/2025 12:45,-1649
7/26/2025 13:00,-1642
7/26/2025 13:15,-1638
7/26/2025 13:30,-1622
7/26/2025 13:45,-1649
7/26/2025 14:00,-1655
7/26/2025 14:15,-1617
7/26/2025 14:30,-1638
7/26/2025 14:45,-1574
7/26/2025 15:00,-1598
7/26/2025 15:15,-1663
7/26/2025 15:30,-1622
7/26/2025 15:45,-1621
7/26/2025 16:00,-1504
7/26/2025 16:15,-1656
7/26/2025 16:30,-1617
7/26/2025 16:45,-1595
7/26/2025 17:00,-1627
7/26/2025 17:15,-1530
7/26/2025 17:30,-1651
7/26/2025 17:45,-1658
7/26/2025 18:00,-1649
7/26/2025 18:15,-1598
7/26/2025 18:30,-1386
7/26/2025 18:45,-1101
7/26/2025 19:00,-744
7/26/2025 19:15,-434
7/26/2025 19:30,-311
7/26/2025 19:45,-171
7/26/2025 20:00,-41
7/26/2025 20:15,-10
7/26/2025 20:30,-4
7/26/2025 20:45,-4
7/26/2025 21:00,-4
7/26/2025 21:15,-4
7/26/2025 21:30,-4
7/26/2025 21:45,-2
7/26/2025 22:00,-3
7/26/2025 22:15,-4
7/26/2025 22:30,-2
7/26/2025 22:45,-3
7/26/2025 23:00,-3
7/26/2025 23:15,-3
7/26/2025 23:30,-3
7/26/2025 23:45,-3
7/27/2025 0:00,-3
7/27/2025 0:15,-3
7/27/2025 0:30,-3
7/27/2025 0:45,-3
7/27/2025 1:00,-3
7/27/2025 1:15,-2
7/27/2025 1:30,-3
7/27/2025 1:45,-2
7/27/2025 2:00,-2
7/27/2025 2:15,-3
7/27/2025 2:30,-2
7/27/2025 2:45,-3
7/27/2025 3:00,-2
7/27/2025 3:15,-3
7/27/2025 3:30,-3
7/27/2025 3:45,-3
7/27/2025 4:00,-3
7/27/2025 4:15,-2
7/27/2025 4:30,-3
7/27/2025 4:45,-3
7/27/2025 5:00,-3
7/27/2025 5:15,-3
7/27/2025 5:30,-3
7/27/2025 5:45,-3
7/27/2025 6:00,-3
7/27/2025 6:15,-13
7/27/2025 6:30,-52
7/27/2025 6:45,-189
7/27/2025 7:00,-458
7/27/2025 7:15,-746
7/27/2025 7:30,-1050
7/27/2025 7:45,-1308
7/27/2025 8:00,-1534
7/27/2025 8:15,-1624
7/27/2025 8:30,-1667
7/27/2025 8:45,-1666
7/27/2025 9:00,-1666
7/27/2025 9:15,-1621
7/27/2025 9:30,-1635
7/27/2025 9:45,-1622
7/27/2025 10:00,-1643
7/27/2025 10:15,-1656
7/27/2025 10:30,-1640
7/27/2025 10:45,-1620
7/27/2025 11:00,-1647
7/27/2025 11:15,-1665
7/27/2025 11:30,-1664
7/27/2025 11:45,-1662
7/27/2025 12:00,-1662
7/27/2025 12:15,-1630
7/27/2025 12:30,-1655
7/27/2025 12:45,-1494
7/27/2025 13:00,-1592
7/27/2025 13:15,-1597
7/27/2025 13:30,-1526
7/27/2025 13:45,-1593
7/27/2025 14:00,-1660
7/27/2025 14:15,-1661
7/27/2025 14:30,-1605
7/27/2025 14:45,-1388
7/27/2025 15:00,-1659
7/27/2025 15:15,-1253
7/27/2025 15:30,-1017
7/27/2025 15:45,-1561
7/27/2025 16:00,-1661
7/27/2025 16:15,-1475
7/27/2025 16:30,-1661
7/27/2025 16:45,-1661
7/27/2025 17:00,-1620
7/27/2025 17:15,-1498
7/27/2025 17:30,-1494
7/27/2025 17:45,-1622
7/27/2025 18:00,-1590
7/27/2025 18:15,-1571
7/27/2025 18:30,-1443
7/27/2025 18:45,-1113
7/27/2025 19:00,-725
7/27/2025 19:15,-488
7/27/2025 19:30,-255
7/27/2025 19:45,-150
7/27/2025 20:00,-51
7/27/2025 20:15,-13
7/27/2025 20:30,-4
7/27/2025 20:45,-4
7/27/2025 21:00,-4
7/27/2025 21:15,-3
7/27/2025 21:30,-4
7/27/2025 21:45,-4
7/27/2025 22:00,-2
7/27/2025 22:15,-3
7/27/2025 22:30,-3
7/27/2025 22:45,-3
7/27/2025 23:00,-3
7/27/2025 23:15,-3
7/27/2025 23:30,-3
7/27/2025 23:45,-4
7/28/2025 0:00,-3
7/28/2025 0:15,-3
7/28/2025 0:30,-3
7/28/2025 0:45,-2
7/28/2025 1:00,-2
7/28/2025 1:15,-3
7/28/2025 1:30,-2
7/28/2025 1:45,-3
7/28/2025 2:00,-3
7/28/2025 2:15,-2
7/28/2025 2:30,-3
7/28/2025 2:45,-2
7/28/2025 3:00,-3
7/28/2025 3:15,-3
7/28/2025 3:30,-3
7/28/2025 3:45,-3
7/28/2025 4:00,-3
7/28/2025 4:15,-3
7/28/2025 4:30,-2
7/28/2025 4:45,-3
7/28/2025 5:00,-3
7/28/2025 5:15,-3
7/28/2025 5:30,-3
7/28/2025 5:45,-3
7/28/2025 6:00,-3
7/28/2025 6:15,-3
7/28/2025 6:30,-43
7/28/2025 6:45,-98
7/28/2025 7:00,-163
7/28/2025 7:15,-284
7/28/2025 7:30,-403
7/28/2025 7:45,-700
7/28/2025 8:00,-914
7/28/2025 8:15,-1166
7/28/2025 8:30,-1482
7/28/2025 8:45,-1357
7/28/2025 9:00,-1015
7/28/2025 9:15,-1217
7/28/2025 9:30,-1247
7/28/2025 9:45,-1276
7/28/2025 10:00,-1594
7/28/2025 10:15,-1203
7/28/2025 10:30,-1322
7/28/2025 10:45,-1210
7/28/2025 11:00,-1614
7/28/2025 11:15,-1339
7/28/2025 11:30,-1247
7/28/2025 11:45,-1646
7/28/2025 12:00,-1558
7/28/2025 12:15,-1592
7/28/2025 12:30,-1568
7/28/2025 12:45,-1646
7/28/2025 13:00,-1654
7/28/2025 13:15,-1587
7/28/2025 13:30,-1521
7/28/2025 13:45,-1396
7/28/2025 14:00,-1659
7/28/2025 14:15,-1364
7/28/2025 14:30,-1442
7/28/2025 14:45,-1432
7/28/2025 15:00,-1205
7/28/2025 15:15,-1131
7/28/2025 15:30,-1634
7/28/2025 15:45,-1522
7/28/2025 16:00,-606
7/28/2025 16:15,-380
7/28/2025 16:30,-271
7/28/2025 16:45,-242
7/28/2025 17:00,-216
7/28/2025 17:15,-260
7/28/2025 17:30,-303
7/28/2025 17:45,-402
7/28/2025 18:00,-515
7/28/2025 18:15,-358
7/28/2025 18:30,-266
7/28/2025 18:45,-118
7/28/2025 19:00,-116
7/28/2025 19:15,-126
7/28/2025 19:30,-76
7/28/2025 19:45,-32
7/28/2025 20:00,-17
7/28/2025 20:15,-4
7/28/2025 20:30,-4
7/28/2025 20:45,-3
7/28/2025 21:00,-3
7/28/2025 21:15,-3
7/28/2025 21:30,-3
7/28/2025 21:45,-3
7/28/2025 22:00,-4
7/28/2025 22:15,-4
7/28/2025 22:30,-3
7/28/2025 22:45,-4
7/28/2025 23:00,-3
7/28/2025 23:15,-3
7/28/2025 23:30,-3
7/28/2025 23:45,-4
7/29/2025 0:00,-3
7/29/2025 0:15,-4
7/29/2025 0:30,-4
7/29/2025 0:45,-3
7/29/2025 1:00,-4
7/29/2025 1:15,-4
7/29/2025 1:30,-3
7/29/2025 1:45,-3
7/29/2025 2:00,-2
7/29/2025 2:15,-3
7/29/2025 2:30,-4
7/29/2025 2:45,-2
7/29/2025 3:00,-3
7/29/2025 3:15,-4
7/29/2025 3:30,-2
7/29/2025 3:45,-3
7/29/2025 4:00,-3
7/29/2025 4:15,-2
7/29/2025 4:30,-4
7/29/2025 4:45,-3
7/29/2025 5:00,-3
7/29/2025 5:15,-3
7/29/2025 5:30,-3
7/29/2025 5:45,-3
7/29/2025 6:00,-3
7/29/2025 6:15,-4
7/29/2025 6:30,-17
7/29/2025 6:45,-79
7/29/2025 7:00,-160
7/29/2025 7:15,-557
7/29/2025 7:30,-374
7/29/2025 7:45,-428
7/29/2025 8:00,-489
7/29/2025 8:15,-385
7/29/2025 8:30,-440
7/29/2025 8:45,-665
7/29/2025 9:00,-994
7/29/2025 9:15,-1256
7/29/2025 9:30,-1431
7/29/2025 9:45,-1666
7/29/2025 10:00,-1152
7/29/2025 10:15,-1663
7/29/2025 10:30,-1572
7/29/2025 10:45,-1642
7/29/2025 11:00,-1648
7/29/2025 11:15,-1633
7/29/2025 11:30,-1642
7/29/2025 11:45,-1651
7/29/2025 12:00,-1638
7/29/2025 12:15,-1645
7/29/2025 12:30,-1648
7/29/2025 12:45,-1655
7/29/2025 13:00,-1656
7/29/2025 13:15,-1660
7/29/2025 13:30,-1654
7/29/2025 13:45,-1657
7/29/2025 14:00,-1646
7/29/2025 14:15,-1657
7/29/2025 14:30,-1650
7/29/2025 14:45,-1655
7/29/2025 15:00,-1659
7/29/2025 15:15,-1660
7/29/2025 15:30,-1661
7/29/2025 15:45,-1662
7/29/2025 16:00,-1661
7/29/2025 16:15,-1664
7/29/2025 16:30,-1662
7/29/2025 16:45,-716
7/29/2025 17:00,-1663
7/29/2025 17:15,-1662
7/29/2025 17:30,-457
7/29/2025 17:45,-513
7/29/2025 18:00,-272
7/29/2025 18:15,-690
7/29/2025 18:30,-273
7/29/2025 18:45,-281
7/29/2025 19:00,-178
7/29/2025 19:15,-150
7/29/2025 19:30,-331
7/29/2025 19:45,-240
7/29/2025 20:00,-201
7/29/2025 20:15,-122
7/29/2025 20:30,-4
7/29/2025 20:45,-2
7/29/2025 21:00,-4
7/29/2025 21:15,-3
7/29/2025 21:30,-4
7/29/2025 21:45,-3
7/29/2025 22:00,-4
7/29/2025 22:15,-4
7/29/2025 22:30,-2
7/29/2025 22:45,-4
7/29/2025 23:00,-3
7/29/2025 23:15,-2
7/29/2025 23:30,-4
7/29/2025 23:45,-2
7/30/2025 0:00,-3
7/30/2025 0:15,-3
7/30/2025 0:30,-3
7/30/2025 0:45,-4
7/30/2025 1:00,-3
7/30/2025 1:15,-3
7/30/2025 1:30,-4
7/30/2025 1:45,-2
7/30/2025 2:00,-3
7/30/2025 2:15,-3
7/30/2025 2:30,-3
7/30/2025 2:45,-3
7/30/2025 3:00,-3
7/30/2025 3:15,-3
7/30/2025 3:30,-3
7/30/2025 3:45,-3
7/30/2025 4:00,-2
7/30/2025 4:15,-2
7/30/2025 4:30,-3
7/30/2025 4:45,-2
7/30/2025 5:00,-2
7/30/2025 5:15,-3
7/30/2025 5:30,-3
7/30/2025 5:45,-3
7/30/2025 6:00,-3
7/30/2025 6:15,-3
7/30/2025 6:30,-34
7/30/2025 6:45,-127
7/30/2025 7:00,-298
7/30/2025 7:15,-516
7/30/2025 7:30,-770
7/30/2025 7:45,-986
7/30/2025 8:00,-1273
7/30/2025 8:15,-1430
7/30/2025 8:30,-1469
7/30/2025 8:45,-1505
7/30/2025 9:00,-1499
7/30/2025 9:15,-1536
7/30/2025 9:30,-1647
7/30/2025 9:45,-1663
7/30/2025 10:00,-1666
7/30/2025 10:15,-1665
7/30/2025 10:30,-1665
7/30/2025 10:45,-1664
7/30/2025 11:00,-1664
7/30/2025 11:15,-1664
7/30/2025 11:30,-1663
7/30/2025 11:45,-1662
7/30/2025 12:00,-1663
7/30/2025 12:15,-1663
7/30/2025 12:30,-1618
7/30/2025 12:45,-1622
7/30/2025 13:00,-1639
7/30/2025 13:15,-1651
7/30/2025 13:30,-1643
7/30/2025 13:45,-1650
7/30/2025 14:00,-1647
7/30/2025 14:15,-1545
7/30/2025 14:30,-355
7/30/2025 14:45,-474
7/30/2025 15:00,-468
7/30/2025 15:15,-424
7/30/2025 15:30,-485
7/30/2025 15:45,-624
7/30/2025 16:00,-576
7/30/2025 16:15,-1642
7/30/2025 16:30,-310
7/30/2025 16:45,-356
7/30/2025 17:00,-192
7/30/2025 17:15,-457
7/30/2025 17:30,-211
7/30/2025 17:45,-166
7/30/2025 18:00,-119
7/30/2025 18:15,-116
7/30/2025 18:30,-115
7/30/2025 18:45,-174
7/30/2025 19:00,-251
7/30/2025 19:15,-173
7/30/2025 19:30,-86
7/30/2025 19:45,-30
7/30/2025 20:00,-16
7/30/2025 20:15,-4
7/30/2025 20:30,-4
7/30/2025 20:45,-4
7/30/2025 21:00,-2
7/30/2025 21:15,-4
7/30/2025 21:30,-4
7/30/2025 21:45,-2
7/30/2025 22:00,-4
7/30/2025 22:15,-3
7/30/2025 22:30,-4
7/30/2025 22:45,-3
7/30/2025 23:00,-3
7/30/2025 23:15,-3
7/30/2025 23:30,-3
7/30/2025 23:45,-3
7/31/2025 0:00,-3
7/31/2025 0:15,-3
7/31/2025 0:30,-4
7/31/2025 0:45,-3
7/31/2025 1:00,-4
7/31/2025 1:15,-3
7/31/2025 1:30,-3
7/31/2025 1:45,-4
7/31/2025 2:00,-2
7/31/2025 2:15,-2
7/31/2025 2:30,-3
7/31/2025 2:45,-2
7/31/2025 3:00,-3
7/31/2025 3:15,-2
7/31/2025 3:30,-3
7/31/2025 3:45,-3
7/31/2025 4:00,-2
7/31/2025 4:15,-2
7/31/2025 4:30,-3
7/31/2025 4:45,-3
7/31/2025 5:00,-2
7/31/2025 5:15,-2
7/31/2025 5:30,-3
7/31/2025 5:45,-3
7/31/2025 6:00,-3
7/31/2025 6:15,-2
7/31/2025 6:30,-21
7/31/2025 6:45,-80
7/31/2025 7:00,-77
7/31/2025 7:15,-99
7/31/2025 7:30,-111
7/31/2025 7:45,-152
7/31/2025 8:00,-211
7/31/2025 8:15,-226
7/31/2025 8:30,-1576
7/31/2025 8:45,-609
7/31/2025 9:00,-1626
7/31/2025 9:15,-1666
7/31/2025 9:30,-1666
7/31/2025 9:45,-1665
7/31/2025 10:00,-1666
7/31/2025 10:15,-1665
7/31/2025 10:30,-1664
7/31/2025 10:45,-1664
7/31/2025 11:00,-1538
7/31/2025 11:15,-999
7/31/2025 11:30,-1663
7/31/2025 11:45,-1664
7/31/2025 12:00,-1663
7/31/2025 12:15,-1664
7/31/2025 12:30,-1663
7/31/2025 12:45,-1663
7/31/2025 13:00,-1662
7/31/2025 13:15,-1662
7/31/2025 13:30,-1645
7/31/2025 13:45,-1641
7/31/2025 14:00,-1649
7/31/2025 14:15,-1632
7/31/2025 14:30,-1653
7/31/2025 14:45,-1659
7/31/2025 15:00,-1650
7/31/2025 15:15,-1481
7/31/2025 15:30,-1662
7/31/2025 15:45,-1661
7/31/2025 16:00,-1374
7/31/2025 16:15,-428
7/31/2025 16:30,-388
7/31/2025 16:45,-484
7/31/2025 17:00,-745
7/31/2025 17:15,-519
7/31/2025 17:30,-654
7/31/2025 17:45,-1596
7/31/2025 18:00,-1653
7/31/2025 18:15,-1354
7/31/2025 18:30,-1359
7/31/2025 18:45,-583
7/31/2025 19:00,-160
7/31/2025 19:15,-441
7/31/2025 19:30,-105
7/31/2025 19:45,-88
7/31/2025 20:00,-41
7/31/2025 20:15,-4
7/31/2025 20:30,-4
7/31/2025 20:45,-3
7/31/2025 21:00,-4
7/31/2025 21:15,-2
7/31/2025 21:30,-4
7/31/2025 21:45,-4
7/31/2025 22:00,-2
7/31/2025 22:15,-3
7/31/2025 22:30,-4
7/31/2025 22:45,-3
7/31/2025 23:00,-2
7/31/2025 23:15,-3
7/31/2025 23:30,-3
7/31/2025 23:45,-3
8/1/2025 0:00,-3
8/1/2025 0:15,-3
8/1/2025 0:30,-2
8/1/2025 0:45,-3
8/1/2025 1:00,-2
8/1/2025 1:15,-3
8/1/2025 1:30,-3
8/1/2025 1:45,-3
8/1/2025 2:00,-3
8/1/2025 2:15,-3
8/1/2025 2:30,-3
8/1/2025 2:45,-3
8/1/2025 3:00,-3
8/1/2025 3:15,-3
8/1/2025 3:30,-4
8/1/2025 3:45,-4
8/1/2025 4:00,-2
8/1/2025 4:15,-2
8/1/2025 4:30,-3
8/1/2025 4:45,-2
8/1/2025 5:00,-2
8/1/2025 5:15,-3
8/1/2025 5:30,-3
8/1/2025 5:45,-3
8/1/2025 6:00,-3
8/1/2025 6:15,-3
8/1/2025 6:30,-25
8/1/2025 6:45,-130
8/1/2025 7:00,-356
8/1/2025 7:15,-630
8/1/2025 7:30,-928
8/1/2025 7:45,-1197
8/1/2025 8:00,-1447
8/1/2025 8:15,-1561
8/1/2025 8:30,-1597
8/1/2025 8:45,-1665
8/1/2025 9:00,-1183
8/1/2025 9:15,-1666
8/1/2025 9:30,-1665
8/1/2025 9:45,-1666
8/1/2025 10:00,-1665
8/1/2025 10:15,-1664
8/1/2025 10:30,-1665
8/1/2025 10:45,-1664
8/1/2025 11:00,-1665
8/1/2025 11:15,-1663
8/1/2025 11:30,-1663
8/1/2025 11:45,-1663
8/1/2025 12:00,-1661
8/1/2025 12:15,-1662
8/1/2025 12:30,-1662
8/1/2025 12:45,-1664
8/1/2025 13:00,-1663
8/1/2025 13:15,-1655
8/1/2025 13:30,-1661
8/1/2025 13:45,-1662
8/1/2025 14:00,-1660
8/1/2025 14:15,-1661
8/1/2025 14:30,-1662
8/1/2025 14:45,-1654
8/1/2025 15:00,-1658
8/1/2025 15:15,-1643
8/1/2025 15:30,-1650
8/1/2025 15:45,-1644
8/1/2025 16:00,-1660
8/1/2025 16:15,-1646
8/1/2025 16:30,-1659
8/1/2025 16:45,-1541
8/1/2025 17:00,-1628
8/1/2025 17:15,-1496
8/1/2025 17:30,-1660
8/1/2025 17:45,-1657
8/1/2025 18:00,-1542
8/1/2025 18:15,-1576
8/1/2025 18:30,-1444
8/1/2025 18:45,-1132
8/1/2025 19:00,-722
8/1/2025 19:15,-107
8/1/2025 19:30,-270
8/1/2025 19:45,-81
8/1/2025 20:00,-24
8/1/2025 20:15,-4
8/1/2025 20:30,-3
8/1/2025 20:45,-3
8/1/2025 21:00,-4
8/1/2025 21:15,-4
8/1/2025 21:30,-4
8/1/2025 21:45,-4
8/1/2025 22:00,-4
8/1/2025 22:15,-2
8/1/2025 22:30,-3
8/1/2025 22:45,-3
8/1/2025 23:00,-2
8/1/2025 23:15,-3
8/1/2025 23:30,-3
8/1/2025 23:45,-2
8/2/2025 0:00,-3
8/2/2025 0:15,-3
8/2/2025 0:30,-3
8/2/2025 0:45,-3
8/2/2025 1:00,-4
8/2/2025 1:15,-3
8/2/2025 1:30,-2
8/2/2025 1:45,-3
8/2/2025 2:00,-4
8/2/2025 2:15,-3
8/2/2025 2:30,-3
8/2/2025 2:45,-2
8/2/2025 3:00,-3
8/2/2025 3:15,-3
8/2/2025 3:30,-3
8/2/2025 3:45,-3
8/2/2025 4:00,-3
8/2/2025 4:15,-3
8/2/2025 4:30,-2
8/2/2025 4:45,-2
8/2/2025 5:00,-4
8/2/2025 5:15,-3
8/2/2025 5:30,-2
8/2/2025 5:45,-3
8/2/2025 6:00,-2
8/2/2025 6:15,-3
8/2/2025 6:30,-17
8/2/2025 6:45,-97
8/2/2025 7:00,0
8/2/2025 7:15,-623
8/2/2025 7:30,-872
8/2/2025 7:45,-1181
8/2/2025 8:00,-1066
8/2/2025 8:15,-1599
8/2/2025 8:30,-1615
8/2/2025 8:45,-1637
8/2/2025 9:00,-1634
8/2/2025 9:15,-1645
8/2/2025 9:30,-1659
8/2/2025 9:45,-1659
8/2/2025 10:00,-1663
8/2/2025 10:15,-1662
8/2/2025 10:30,-1662
8/2/2025 10:45,-1660
8/2/2025 11:00,-1661
8/2/2025 11:15,-1664
8/2/2025 11:30,-1664
8/2/2025 11:45,-1663
8/2/2025 12:00,-1660
8/2/2025 12:15,-1659
8/2/2025 12:30,-383
8/2/2025 12:45,-1663
8/2/2025 13:00,-1662
8/2/2025 13:15,-1663
8/2/2025 13:30,-1663
8/2/2025 13:45,-1662
8/2/2025 14:00,-1661
8/2/2025 14:15,-1661
8/2/2025 14:30,-1661
8/2/2025 14:45,-1661
8/2/2025 15:00,-1653
8/2/2025 15:15,-1586
8/2/2025 15:30,-1640
8/2/2025 15:45,-1658
8/2/2025 16:00,-1642
8/2/2025 16:15,-253
8/2/2025 16:30,-1652
8/2/2025 16:45,-1590
8/2/2025 17:00,-346
8/2/2025 17:15,-236
8/2/2025 17:30,-1661
8/2/2025 17:45,-1660
8/2/2025 18:00,-1426
8/2/2025 18:15,-1423
8/2/2025 18:30,-1387
8/2/2025 18:45,-97
8/2/2025 19:00,-669
8/2/2025 19:15,-394
8/2/2025 19:30,-219
8/2/2025 19:45,-85
8/2/2025 20:00,-32
8/2/2025 20:15,-6
8/2/2025 20:30,-3
8/2/2025 20:45,-3
8/2/2025 21:00,-3
8/2/2025 21:15,-3
8/2/2025 21:30,-4
8/2/2025 21:45,-4
8/2/2025 22:00,-3
8/2/2025 22:15,-3
8/2/2025 22:30,-3
8/2/2025 22:45,-2
8/2/2025 23:00,-2
8/2/2025 23:15,-3
8/2/2025 23:30,-3
8/2/2025 23:45,-3
8/3/2025 0:00,-3
8/3/2025 0:15,-2
8/3/2025 0:30,-3
8/3/2025 0:45,-3
8/3/2025 1:00,-3
8/3/2025 1:15,-2
8/3/2025 1:30,-2
8/3/2025 1:45,-3
8/3/2025 2:00,-2
8/3/2025 2:15,-3
8/3/2025 2:30,-3
8/3/2025 2:45,-3
8/3/2025 3:00,-4
8/3/2025 3:15,-3
8/3/2025 3:30,-2
8/3/2025 3:45,-3
8/3/2025 4:00,-3
8/3/2025 4:15,-3
8/3/2025 4:30,-3
8/3/2025 4:45,-2
8/3/2025 5:00,-3
8/3/2025 5:15,-3
8/3/2025 5:30,-3
8/3/2025 5:45,-3
8/3/2025 6:00,-3
8/3/2025 6:15,-3
8/3/2025 6:30,-20
8/3/2025 6:45,-88
8/3/2025 7:00,-249
8/3/2025 7:15,-502
8/3/2025 7:30,-769
8/3/2025 7:45,-1004
8/3/2025 8:00,-1294
8/3/2025 8:15,-1522
8/3/2025 8:30,-1566
8/3/2025 8:45,-1629
8/3/2025 9:00,-1667
8/3/2025 9:15,-1666
8/3/2025 9:30,-1666
8/3/2025 9:45,-1665
8/3/2025 10:00,-1666
8/3/2025 10:15,-1665
8/3/2025 10:30,-1665
8/3/2025 10:45,-1664
8/3/2025 11:00,-1664
8/3/2025 11:15,-1662
8/3/2025 11:30,-1663
8/3/2025 11:45,-1655
8/3/2025 12:00,-1655
8/3/2025 12:15,-1661
8/3/2025 12:30,-1662
8/3/2025 12:45,-1662
8/3/2025 13:00,-1662
8/3/2025 13:15,-1661
8/3/2025 13:30,-1662
8/3/2025 13:45,-1661
8/3/2025 14:00,-1661
8/3/2025 14:15,-1661
8/3/2025 14:30,-1660
8/3/2025 14:45,-1661
8/3/2025 15:00,-1660
8/3/2025 15:15,-1661
8/3/2025 15:30,-1661
8/3/2025 15:45,-1660
8/3/2025 16:00,-1659
8/3/2025 16:15,-1661
8/3/2025 16:30,-1661
8/3/2025 16:45,-1624
8/3/2025 17:00,-1624
8/3/2025 17:15,-1636
8/3/2025 17:30,-1636
8/3/2025 17:45,-1623
8/3/2025 18:00,0
8/3/2025 18:15,-1539
8/3/2025 18:45,-953
8/3/2025 19:00,-642
8/3/2025 19:15,-394
8/3/2025 19:30,-241
8/3/2025 19:45,-113
8/3/2025 20:00,-36
8/3/2025 20:15,-8
8/3/2025 20:30,-4
8/3/2025 20:45,-3
8/3/2025 21:00,-3
8/3/2025 21:15,-4
8/3/2025 21:30,-4
8/3/2025 21:45,-4
8/3/2025 22:00,-2
8/3/2025 22:15,-3
8/3/2025 22:30,-3
8/3/2025 22:45,-2
8/3/2025 23:00,-3
8/3/2025 23:15,-3
8/3/2025 23:30,-3
8/3/2025 23:45,-3
8/4/2025 0:00,-3
8/4/2025 0:15,-3
8/4/2025 0:30,-2
8/4/2025 0:45,-2
8/4/2025 1:00,-3
8/4/2025 1:15,-3
8/4/2025 1:30,-3
8/4/2025 1:45,-3
8/4/2025 2:00,-3
8/4/2025 2:15,-3
8/4/2025 2:30,-2
8/4/2025 2:45,-2
8/4/2025 3:00,-2
8/4/2025 3:15,-3
8/4/2025 3:30,-3
8/4/2025 3:45,-2
8/4/2025 4:00,-3
8/4/2025 4:15,-3
8/4/2025 4:30,-3
8/4/2025 4:45,-3
8/4/2025 5:00,-3
8/4/2025 5:15,-3
8/4/2025 5:30,-3
8/4/2025 5:45,-3
8/4/2025 6:00,-3
8/4/2025 6:15,-3
8/4/2025 6:30,-18
8/4/2025 6:45,-84
8/4/2025 7:00,-218
8/4/2025 7:15,-444
8/4/2025 7:30,-727
8/4/2025 7:45,-1131
8/4/2025 8:00,-1445
8/4/2025 8:15,-1610
8/4/2025 8:30,-1665
8/4/2025 8:45,-1667
8/4/2025 9:00,-1666
8/4/2025 9:15,-1665
8/4/2025 9:30,-1666
8/4/2025 9:45,-1650
8/4/2025 10:00,-1647
8/4/2025 10:15,-1652
8/4/2025 10:30,-1658
8/4/2025 10:45,-1659
8/4/2025 11:00,-1662
8/4/2025 11:15,-1665
8/4/2025 11:30,-1664
8/4/2025 11:45,-1663
8/4/2025 12:00,-1663
8/4/2025 12:15,-1663
8/4/2025 12:30,-1662
8/4/2025 12:45,-1662
8/4/2025 13:00,-1660
8/4/2025 13:15,-1661
8/4/2025 13:30,-1661
8/4/2025 13:45,-1661
8/4/2025 14:00,-1661
8/4/2025 14:15,-1661
8/4/2025 14:30,-1660
8/4/2025 14:45,-1661
8/4/2025 15:00,-1661
8/4/2025 15:15,-1661
8/4/2025 15:30,-1660
8/4/2025 15:45,-1660
8/4/2025 16:00,-1661
8/4/2025 16:15,-1660
8/4/2025 16:30,-1660
8/4/2025 16:45,-1662
8/4/2025 17:00,-1661
8/4/2025 17:15,-1292
8/4/2025 17:30,-1463
8/4/2025 17:45,-1553
8/4/2025 18:00,-1608
8/4/2025 18:15,-1231
8/4/2025 18:30,-1414
8/4/2025 18:45,-675
8/4/2025 19:00,-751
8/4/2025 19:15,-359
8/4/2025 19:30,-245
8/4/2025 19:45,-111
8/4/2025 20:00,-25
8/4/2025 20:15,-2
8/4/2025 20:30,-3
8/4/2025 20:45,-2
8/4/2025 21:00,-3
8/4/2025 21:15,-4
8/4/2025 21:30,-2
8/4/2025 21:45,-3
8/4/2025 22:00,-3
8/4/2025 22:15,-3
8/4/2025 22:30,-3
8/4/2025 22:45,-3
8/4/2025 23:00,-3
8/4/2025 23:15,-3
8/4/2025 23:30,-3
8/4/2025 23:45,-3
8/5/2025 0:00,-3
8/5/2025 0:15,-4
8/5/2025 0:30,-2
8/5/2025 0:45,-3
8/5/2025 1:00,-3
8/5/2025 1:15,-3
8/5/2025 1:30,-2
8/5/2025 1:45,-3
8/5/2025 2:00,-3
8/5/2025 2:15,-2
8/5/2025 2:30,-3
8/5/2025 2:45,-3
8/5/2025 3:00,-2
8/5/2025 3:15,-2
8/5/2025 3:30,-3
8/5/2025 3:45,-2
8/5/2025 4:00,-3
8/5/2025 4:15,-3
8/5/2025 4:30,-3
8/5/2025 4:45,-3
8/5/2025 5:00,-3
8/5/2025 5:15,-3
8/5/2025 5:30,-3
8/5/2025 5:45,-2
8/5/2025 6:00,-2
8/5/2025 6:15,-3
8/5/2025 6:30,-17
8/5/2025 6:45,-45
8/5/2025 7:00,-309
8/5/2025 7:15,-596
8/5/2025 7:30,-911
8/5/2025 7:45,-1198
8/5/2025 8:00,-1456
8/5/2025 8:15,-1615
8/5/2025 8:30,-1602
8/5/2025 8:45,-1547
8/5/2025 9:00,-1570
8/5/2025 9:15,-1566
8/5/2025 9:30,-1536
8/5/2025 9:45,-1635
8/5/2025 10:00,-1641
8/5/2025 10:15,-1652
8/5/2025 10:30,-1650
8/5/2025 10:45,-1644
8/5/2025 11:00,-1644
8/5/2025 11:15,-1645
8/5/2025 11:30,-1656
8/5/2025 11:45,-1660
8/5/2025 12:00,-1663
8/5/2025 12:15,-1662
8/5/2025 12:30,-1662
8/5/2025 12:45,-1662
8/5/2025 13:00,-1663
8/5/2025 13:15,-1661
8/5/2025 13:30,-1662
8/5/2025 13:45,-1662
8/5/2025 14:00,-1661
8/5/2025 14:15,-1660
8/5/2025 14:30,-1644
8/5/2025 14:45,-1630
8/5/2025 15:00,-1613
8/5/2025 15:15,-1547
8/5/2025 15:30,-1594
8/5/2025 15:45,-1623
8/5/2025 16:00,-1646
8/5/2025 16:15,-1538
8/5/2025 16:30,-1553
8/5/2025 16:45,-1593
8/5/2025 17:00,-1661
8/5/2025 17:15,-1653
8/5/2025 17:30,-1604
8/5/2025 17:45,-1648
8/5/2025 18:00,-1638
8/5/2025 18:15,-1572
8/5/2025 18:30,-1316
8/5/2025 18:45,-885
8/5/2025 19:00,-563
8/5/2025 19:15,-342
8/5/2025 19:30,-216
8/5/2025 19:45,-81
8/5/2025 20:00,-20
8/5/2025 20:15,-3
8/5/2025 20:30,-4
8/5/2025 20:45,-3
8/5/2025 21:00,-3
8/5/2025 21:15,-3
8/5/2025 21:30,-3
8/5/2025 21:45,-3
8/5/2025 22:00,-2
8/5/2025 22:15,-3
8/5/2025 22:30,-3
8/5/2025 22:45,-3
8/5/2025 23:00,-3
8/5/2025 23:15,-3
8/5/2025 23:30,-4
8/5/2025 23:45,-2
8/6/2025 0:00,-4
8/6/2025 0:15,-4
8/6/2025 0:30,-2
8/6/2025 0:45,-4
8/6/2025 1:00,-4
8/6/2025 1:15,-3
8/6/2025 1:30,-3
8/6/2025 1:45,-3
8/6/2025 2:00,-3
8/6/2025 2:15,-3
8/6/2025 2:30,-4
8/6/2025 2:45,-3
8/6/2025 3:00,-3
8/6/2025 3:15,-3
8/6/2025 3:30,-3
8/6/2025 3:45,-4
8/6/2025 4:00,-2
8/6/2025 4:15,-3
8/6/2025 4:30,-3
8/6/2025 4:45,-3
8/6/2025 5:00,-3
8/6/2025 5:15,-3
8/6/2025 5:30,-2
8/6/2025 5:45,-3
8/6/2025 6:00,-2
8/6/2025 6:15,-3
8/6/2025 6:30,-16
8/6/2025 6:45,-81
8/6/2025 7:00,-256
8/6/2025 7:15,-516
8/6/2025 7:30,-793
8/6/2025 7:45,-1033
8/6/2025 8:00,-1230
8/6/2025 8:15,-1452
8/6/2025 8:30,-1500
8/6/2025 8:45,-1556
8/6/2025 9:00,-1601
8/6/2025 9:15,-1629
8/6/2025 9:30,-1635
8/6/2025 9:45,-1633
8/6/2025 10:00,-1626
8/6/2025 10:15,-1621
8/6/2025 10:30,-1638
8/6/2025 10:45,-1626
8/6/2025 11:00,-1641
8/6/2025 11:15,-1654
8/6/2025 11:30,-1634
8/6/2025 11:45,-1628
8/6/2025 12:00,-763
8/6/2025 12:15,-769
8/6/2025 12:30,-1606
8/6/2025 12:45,-1613
8/6/2025 13:00,-1662
8/6/2025 13:15,-559
8/6/2025 13:30,-1506
8/6/2025 13:45,-1558
8/6/2025 14:00,-829
8/6/2025 14:15,-1644
8/6/2025 14:30,-544
8/6/2025 14:45,-634
8/6/2025 15:00,-686
8/6/2025 15:15,-516
8/6/2025 15:30,-1648
8/6/2025 15:45,-1648
8/6/2025 16:00,-1152
8/6/2025 16:15,-1348
8/6/2025 16:30,-986
8/6/2025 16:45,-720
8/6/2025 17:00,-1641
8/6/2025 17:15,-952
8/6/2025 17:30,-550
8/6/2025 17:45,-829
8/6/2025 18:00,-300
8/6/2025 18:15,-1177
8/6/2025 18:30,-226
8/6/2025 18:45,-853
8/6/2025 19:00,-304
8/6/2025 19:15,-93
8/6/2025 19:30,-34
8/6/2025 19:45,-30
8/6/2025 20:00,-33
8/6/2025 20:15,-4
8/6/2025 20:30,-4
8/6/2025 20:45,-4
8/6/2025 21:00,-4
8/6/2025 21:15,-4
8/6/2025 21:30,-4
8/6/2025 21:45,-2
8/6/2025 22:00,-4
8/6/2025 22:15,-4
8/6/2025 22:30,-2
8/6/2025 22:45,-2
8/6/2025 23:00,-3
8/6/2025 23:15,-3
8/6/2025 23:30,-3
8/6/2025 23:45,-3
8/7/2025 0:00,-3
8/7/2025 0:15,-2
8/7/2025 0:30,-3
8/7/2025 0:45,-2
8/7/2025 1:00,-3
8/7/2025 1:15,-3
8/7/2025 1:30,-3
8/7/2025 1:45,-3
8/7/2025 2:00,-3
8/7/2025 2:15,-4
8/7/2025 2:30,-4
8/7/2025 2:45,-3
8/7/2025 3:00,-3
8/7/2025 3:15,-4
8/7/2025 3:30,-2
8/7/2025 3:45,-2
8/7/2025 4:00,-3
8/7/2025 4:15,-3
8/7/2025 4:30,-3
8/7/2025 4:45,-3
8/7/2025 5:00,-3
8/7/2025 5:15,-2
8/7/2025 5:30,-3
8/7/2025 5:45,-3
8/7/2025 6:00,-2
8/7/2025 6:15,-3
8/7/2025 6:30,-1
8/7/2025 6:45,-41
8/7/2025 7:00,-236
8/7/2025 7:15,-477
8/7/2025 7:30,-739
8/7/2025 7:45,-1036
8/7/2025 8:00,-1250
8/7/2025 8:15,-1502
8/7/2025 8:30,-1475
8/7/2025 8:45,-1631
8/7/2025 9:00,-1649
8/7/2025 9:15,-1626
8/7/2025 9:30,-1666
8/7/2025 9:45,-1665
8/7/2025 10:00,-1664
8/7/2025 10:15,-1664
8/7/2025 10:30,-1638
8/7/2025 10:45,-1618
8/7/2025 11:00,-1661
8/7/2025 11:15,-1628
8/7/2025 11:30,-1648
8/7/2025 11:45,-1655
8/7/2025 12:00,-1644
8/7/2025 12:15,-1654
8/7/2025 12:30,-1660
8/7/2025 12:45,-1661
8/7/2025 13:00,-1656
8/7/2025 13:15,-459
8/7/2025 13:30,-1661
8/7/2025 13:45,-685
8/7/2025 14:00,-1569
8/7/2025 14:15,-474
8/7/2025 14:30,-852
8/7/2025 14:45,-1643
8/7/2025 15:00,-252
8/7/2025 15:15,-1521
8/7/2025 15:30,-680
8/7/2025 15:45,-542
8/7/2025 16:00,-1614
8/7/2025 16:15,-346
8/7/2025 16:30,-1632
8/7/2025 16:45,-459
8/7/2025 17:00,-1620
8/7/2025 17:15,-1616
8/7/2025 17:30,-1560
8/7/2025 17:45,-1573
8/7/2025 18:00,-245
8/7/2025 18:15,-219
8/7/2025 18:30,-534
8/7/2025 18:45,-969
8/7/2025 19:00,-537
8/7/2025 19:15,-376
8/7/2025 19:30,-129
8/7/2025 19:45,-94
8/7/2025 20:00,-26
8/7/2025 20:15,-3
8/7/2025 20:30,-3
8/7/2025 20:45,-3
8/7/2025 21:00,-4
8/7/2025 21:15,-4
8/7/2025 21:30,-4
8/7/2025 21:45,-4
8/7/2025 22:00,-4
8/7/2025 22:15,-4
8/7/2025 22:30,-4
8/7/2025 22:45,-4
8/7/2025 23:00,-3
8/7/2025 23:15,-3
8/7/2025 23:30,-3
8/7/2025 23:45,-3
8/8/2025 0:00,-3
8/8/2025 0:15,-4
8/8/2025 0:30,-4
8/8/2025 0:45,-3
8/8/2025 1:00,-3
8/8/2025 1:15,-4
8/8/2025 1:30,-3
8/8/2025 1:45,-3
8/8/2025 2:00,-3
8/8/2025 2:15,-3
8/8/2025 2:30,-3
8/8/2025 2:45,-3
8/8/2025 3:00,-2
8/8/2025 3:15,-3
8/8/2025 3:30,-4
8/8/2025 3:45,-4
8/8/2025 4:00,-4
8/8/2025 4:15,-2
8/8/2025 4:30,-4
8/8/2025 4:45,-2
8/8/2025 5:00,-4
8/8/2025 5:15,-4
8/8/2025 5:30,-4
8/8/2025 5:45,-3
8/8/2025 6:00,-3
8/8/2025 6:15,-4
8/8/2025 6:30,-2
8/8/2025 6:45,-25
8/8/2025 7:00,-128
8/8/2025 7:15,-208
8/8/2025 7:30,-374
8/8/2025 7:45,-1052
8/8/2025 8:00,-1139
8/8/2025 8:15,-1477
8/8/2025 8:30,-1552
8/8/2025 8:45,-1606
8/8/2025 9:00,-591
8/8/2025 9:15,-1132
8/8/2025 9:30,-489
8/8/2025 9:45,-1663
8/8/2025 10:00,-1657
8/8/2025 10:15,-1662
8/8/2025 10:30,-1661
8/8/2025 10:45,-1659
8/8/2025 11:00,-1659
8/8/2025 11:15,-1658
8/8/2025 11:30,-1662
8/8/2025 11:45,-1554
8/8/2025 12:00,-1561
8/8/2025 12:15,-1549
8/8/2025 12:30,-1561
8/8/2025 12:45,-1535
8/8/2025 13:00,0
8/8/2025 13:15,-1427
8/8/2025 13:30,-1565
8/8/2025 13:45,-1659
8/8/2025 14:00,-1645
8/8/2025 14:15,-1575
8/8/2025 14:30,-1651
8/8/2025 14:45,-1638
8/8/2025 15:00,-1647
8/8/2025 15:15,-589
8/8/2025 15:30,-952
8/8/2025 15:45,-1657
8/8/2025 16:00,-1645
8/8/2025 16:15,-1662
8/8/2025 16:30,-1656
8/8/2025 16:45,-1653
8/8/2025 17:00,-1657
8/8/2025 17:15,-618
8/8/2025 17:30,-1593
8/8/2025 17:45,-1591
8/8/2025 18:00,-1541
8/8/2025 18:15,-1368
8/8/2025 18:30,-1080
8/8/2025 18:45,-716
8/8/2025 19:00,-503
8/8/2025 19:15,-145
8/8/2025 19:30,-155
8/8/2025 19:45,-63
8/8/2025 20:00,-21
8/8/2025 20:15,-3
8/8/2025 20:30,-4
8/8/2025 20:45,-3
8/8/2025 21:00,-3
8/8/2025 21:15,-3
8/8/2025 21:30,-4
8/8/2025 21:45,-3
8/8/2025 22:00,-3
8/8/2025 22:15,-3
8/8/2025 22:30,-4
8/8/2025 22:45,-4
8/8/2025 23:00,-2
8/8/2025 23:15,-3
8/8/2025 23:30,-2
8/8/2025 23:45,-2
8/9/2025 0:00,-3
8/9/2025 0:15,-3
8/9/2025 0:30,-4
8/9/2025 0:45,-3
8/9/2025 1:00,-3
8/9/2025 1:15,-3
8/9/2025 1:30,-3
8/9/2025 1:45,-2
8/9/2025 2:00,-2
8/9/2025 2:15,-2
8/9/2025 2:30,-3
8/9/2025 2:45,-3
8/9/2025 3:00,-3
8/9/2025 3:15,-3
8/9/2025 3:30,-3
8/9/2025 3:45,-3
8/9/2025 4:00,-3
8/9/2025 4:15,-3
8/9/2025 4:30,-3
8/9/2025 4:45,-3
8/9/2025 5:00,-3
8/9/2025 5:15,-3
8/9/2025 5:30,-3
8/9/2025 5:45,-3
8/9/2025 6:00,-3
8/9/2025 6:15,-2
8/9/2025 6:30,-13
8/9/2025 6:45,-62
8/9/2025 7:00,-203
8/9/2025 7:15,-440
8/9/2025 7:30,-697
8/9/2025 7:45,-961
8/9/2025 8:00,-1211
8/9/2025 8:15,-1445
8/9/2025 8:30,-1544
8/9/2025 8:45,-1602
8/9/2025 9:00,-1628
8/9/2025 9:15,-1634
8/9/2025 9:30,-1637
8/9/2025 9:45,-1642
8/9/2025 10:00,-1650
8/9/2025 10:15,-1654
8/9/2025 10:30,-1653
8/9/2025 10:45,-1659
8/9/2025 11:00,-1661
8/9/2025 11:15,-1663
8/9/2025 11:30,-1663
8/9/2025 11:45,-1663
8/9/2025 12:00,-1662
8/9/2025 12:15,-1661
8/9/2025 12:30,-1662
8/9/2025 12:45,-1656
8/9/2025 13:00,-1661
8/9/2025 13:15,-1656
8/9/2025 13:30,-1622
8/9/2025 13:45,-1625
8/9/2025 14:00,-1554
8/9/2025 14:15,-1609
8/9/2025 14:30,-1595
8/9/2025 14:45,-1628
8/9/2025 15:00,-1617
8/9/2025 15:15,-1639
8/9/2025 15:30,-1661
8/9/2025 15:45,-1628
8/9/2025 16:00,-1599
8/9/2025 16:15,-1611
8/9/2025 16:30,-1612
8/9/2025 16:45,-1611
8/9/2025 17:00,-1612
8/9/2025 17:15,-1647
8/9/2025 17:30,-1649
8/9/2025 17:45,-1600
8/9/2025 18:00,-1556
8/9/2025 18:15,-1450
8/9/2025 18:30,-1197
8/9/2025 18:45,-788
8/9/2025 19:00,-502
8/9/2025 19:15,-329
8/9/2025 19:30,-70
8/9/2025 19:45,-24
8/9/2025 20:00,-11
8/9/2025 20:15,-4
8/9/2025 20:30,-4
8/9/2025 20:45,-4
8/9/2025 21:00,-4
8/9/2025 21:15,-3
8/9/2025 21:30,-4
8/9/2025 21:45,-3
8/9/2025 22:00,-3
8/9/2025 22:15,-3
8/9/2025 22:30,-3
8/9/2025 22:45,-3
8/9/2025 23:00,-4
8/9/2025 23:15,-3
8/9/2025 23:30,-3
8/9/2025 23:45,-3
8/10/2025 0:00,-3
8/10/2025 0:15,-4
8/10/2025 0:30,-3
8/10/2025 0:45,-2
8/10/2025 1:00,-4
8/10/2025 1:15,-3
8/10/2025 1:30,-3
8/10/2025 1:45,-3
8/10/2025 2:00,-2
8/10/2025 2:15,-4
8/10/2025 2:30,-2
8/10/2025 2:45,-2
8/10/2025 3:00,-4
8/10/2025 3:15,-2
8/10/2025 3:30,-3
8/10/2025 3:45,-3
8/10/2025 4:00,-3
8/10/2025 4:15,-3
8/10/2025 4:30,-3
8/10/2025 4:45,-3
8/10/2025 5:00,-3
8/10/2025 5:15,-3
8/10/2025 5:30,-3
8/10/2025 5:45,-3
8/10/2025 6:00,-3
8/10/2025 6:15,-3
8/10/2025 6:30,-3
8/10/2025 6:45,-31
8/10/2025 7:00,-84
8/10/2025 7:15,-132
8/10/2025 7:30,-164
8/10/2025 7:45,-244
8/10/2025 8:00,-292
8/10/2025 8:15,-408
8/10/2025 8:30,-1564
8/10/2025 8:45,-1556
8/10/2025 9:00,-1428
8/10/2025 9:15,-1449
8/10/2025 9:30,-1194
8/10/2025 9:45,-827
8/10/2025 10:00,-1665
8/10/2025 10:15,-718
8/10/2025 10:30,-1404
8/10/2025 10:45,-1665
8/10/2025 11:00,-726
8/10/2025 11:15,-1606
8/10/2025 11:30,-1664
8/10/2025 11:45,-1140
8/10/2025 12:00,-905
8/10/2025 12:15,-1663
8/10/2025 12:30,-1080
8/10/2025 12:45,-1348
8/10/2025 13:00,-998
8/10/2025 13:15,-1058
8/10/2025 13:30,-817
8/10/2025 13:45,-944
8/10/2025 14:00,-1102
8/10/2025 14:15,-1113
8/10/2025 14:30,-1492
8/10/2025 14:45,-1562
8/10/2025 15:00,-1531
8/10/2025 15:15,-1600
8/10/2025 15:30,-1610
8/10/2025 15:45,-1319
8/10/2025 16:00,-1632
8/10/2025 16:15,-1638
8/10/2025 16:30,-1634
8/10/2025 16:45,-1633
8/10/2025 17:00,-1634
8/10/2025 17:15,-1642
8/10/2025 17:30,-1646
8/10/2025 17:45,-1647
8/10/2025 18:00,-1641
8/10/2025 18:15,-1269
8/10/2025 18:30,-1202
8/10/2025 18:45,-817
8/10/2025 19:00,-562
8/10/2025 19:15,-335
8/10/2025 19:30,-184
8/10/2025 19:45,-70
8/10/2025 20:00,-21
8/10/2025 20:15,-3
8/10/2025 20:30,-4
8/10/2025 20:45,-4
8/10/2025 21:00,-3
8/10/2025 21:15,-4
8/10/2025 21:30,-3
8/10/2025 21:45,-3
8/10/2025 22:00,-2
8/10/2025 22:15,-3
8/10/2025 22:30,-3
8/10/2025 22:45,-2
8/10/2025 23:00,-3
8/10/2025 23:15,-3
8/10/2025 23:30,-3
8/10/2025 23:45,-3
8/11/2025 0:00,-2
8/11/2025 0:15,-3
8/11/2025 0:30,-2
8/11/2025 0:45,-2
8/11/2025 1:00,-3
8/11/2025 1:15,-3
8/11/2025 1:30,-3
8/11/2025 1:45,-3
8/11/2025 2:00,-3
8/11/2025 2:15,-3
8/11/2025 2:30,-2
8/11/2025 2:45,-2
8/11/2025 3:00,-3
8/11/2025 3:15,-2
8/11/2025 3:30,-2
8/11/2025 3:45,-3
8/11/2025 4:00,-3
8/11/2025 4:15,-2
8/11/2025 4:30,-3
8/11/2025 4:45,-3
8/11/2025 5:00,-3
8/11/2025 5:15,-2
8/11/2025 5:30,-2
8/11/2025 5:45,-2
8/11/2025 6:00,-2
8/11/2025 6:15,-3
8/11/2025 6:30,-3
8/11/2025 6:45,-63
8/11/2025 7:00,-218
8/11/2025 7:15,-433
8/11/2025 7:30,-732
8/11/2025 7:45,-929
8/11/2025 8:00,-1196
8/11/2025 8:15,-1388
8/11/2025 8:30,-1515
8/11/2025 8:45,-1555
8/11/2025 9:00,-1617
8/11/2025 9:15,-1664
8/11/2025 9:30,-1666
8/11/2025 9:45,-1666
8/11/2025 10:00,-1666
8/11/2025 10:15,-1664
8/11/2025 10:30,-1665
8/11/2025 10:45,-1663
8/11/2025 11:00,-1664
8/11/2025 11:15,-1664
8/11/2025 11:30,-1663
8/11/2025 11:45,-1663
8/11/2025 12:00,-1663
8/11/2025 12:15,-1661
8/11/2025 12:30,-1643
8/11/2025 12:45,-1637
8/11/2025 13:00,-1643
8/11/2025 13:15,-1537
8/11/2025 13:30,-1549
8/11/2025 13:45,-1500
8/11/2025 14:00,-1541
8/11/2025 14:15,-1577
8/11/2025 14:30,-1624
8/11/2025 14:45,-1599
8/11/2025 15:00,-1603
8/11/2025 15:15,-1608
8/11/2025 15:30,-1613
8/11/2025 15:45,-1556
8/11/2025 16:00,-1621
8/11/2025 16:15,-1655
8/11/2025 16:30,-1606
8/11/2025 16:45,-1571
8/11/2025 17:00,-1365
8/11/2025 17:15,-1298
8/11/2025 17:30,-1188
8/11/2025 17:45,-1048
8/11/2025 18:00,-1018
8/11/2025 18:15,-880
8/11/2025 18:30,-759
8/11/2025 18:45,-523
8/11/2025 19:00,-304
8/11/2025 19:15,-172
8/11/2025 19:30,-87
8/11/2025 19:45,-42
8/11/2025 20:00,-14
8/11/2025 20:15,-3
8/11/2025 20:30,-3
8/11/2025 20:45,-4
8/11/2025 21:00,-4
8/11/2025 21:15,-4
8/11/2025 21:30,-3
8/11/2025 21:45,-3
8/11/2025 22:00,-3
8/11/2025 22:15,-2
8/11/2025 22:30,-4
8/11/2025 22:45,-3
8/11/2025 23:00,-2
8/11/2025 23:15,-3
8/11/2025 23:30,-3
8/11/2025 23:45,-2
8/12/2025 0:00,-3
8/12/2025 0:15,-3
8/12/2025 0:30,-3
8/12/2025 0:45,-3
8/12/2025 1:00,-3
8/12/2025 1:15,-3
8/12/2025 1:30,-3
8/12/2025 1:45,-3
8/12/2025 2:00,-2
8/12/2025 2:15,-3
8/12/2025 2:30,-2
8/12/2025 2:45,-2
8/12/2025 3:00,-2
8/12/2025 3:15,-3
8/12/2025 3:30,-3
8/12/2025 3:45,-3
8/12/2025 4:00,-3
8/12/2025 4:15,-3
8/12/2025 4:30,-3
8/12/2025 4:45,-2
8/12/2025 5:00,-2
8/12/2025 5:15,-3
8/12/2025 5:30,-3
8/12/2025 5:45,-2
8/12/2025 6:00,-2
8/12/2025 6:15,-2
8/12/2025 6:30,-3
8/12/2025 6:45,-45
8/12/2025 7:00,-135
8/12/2025 7:15,-283
8/12/2025 7:30,-469
8/12/2025 7:45,-737
8/12/2025 8:00,-986
8/12/2025 8:15,-1253
8/12/2025 8:30,-1454
8/12/2025 8:45,-1563
8/12/2025 9:00,-1611
8/12/2025 9:15,-1649
8/12/2025 9:30,-1660
8/12/2025 9:45,-1666
8/12/2025 10:00,-1663
8/12/2025 10:15,-1666
8/12/2025 10:30,-1664
8/12/2025 10:45,-1664
8/12/2025 11:00,-1665
8/12/2025 11:15,-1664
8/12/2025 11:30,-1663
8/12/2025 11:45,-1662
8/12/2025 12:00,-1662
8/12/2025 12:15,-1662
8/12/2025 12:30,-1645
8/12/2025 12:45,-1650
8/12/2025 13:00,-1652
8/12/2025 13:15,-1652
8/12/2025 13:30,-1572
8/12/2025 13:45,-1650
8/12/2025 14:00,-1439
8/12/2025 14:15,-1659
8/12/2025 14:30,-1661
8/12/2025 14:45,-1661
8/12/2025 15:00,-1660
8/12/2025 15:15,-1659
8/12/2025 15:30,-1658
8/12/2025 15:45,-1660
8/12/2025 16:00,-1660
8/12/2025 16:15,-1661
8/12/2025 16:30,-1661
8/12/2025 16:45,-1660
8/12/2025 17:00,-1656
8/12/2025 17:15,-1630
8/12/2025 17:30,-1586
8/12/2025 17:45,-1521
8/12/2025 18:00,-1420
8/12/2025 18:15,-1262
8/12/2025 18:30,-964
8/12/2025 18:45,-625
8/12/2025 19:00,-428
8/12/2025 19:15,-275
8/12/2025 19:30,-171
8/12/2025 19:45,-75
8/12/2025 20:00,-25
8/12/2025 20:15,-3
8/12/2025 20:30,-4
8/12/2025 20:45,-4
8/12/2025 21:00,-3
8/12/2025 21:15,-3
8/12/2025 21:30,-4
8/12/2025 21:45,-4
8/12/2025 22:00,-2
8/12/2025 22:15,-4
8/12/2025 22:30,-3
8/12/2025 22:45,-2
8/12/2025 23:00,-4
8/12/2025 23:15,-4
8/12/2025 23:30,-2
8/12/2025 23:45,-3
8/13/2025 0:00,-4
8/13/2025 0:15,-3
8/13/2025 0:30,-3
8/13/2025 0:45,-3
8/13/2025 1:00,-2
8/13/2025 1:15,-3
8/13/2025 1:30,-3
8/13/2025 1:45,-3
8/13/2025 2:00,-3
8/13/2025 2:15,-2
8/13/2025 2:30,-3
8/13/2025 2:45,-3
8/13/2025 3:00,-2
8/13/2025 3:15,-2
8/13/2025 3:30,-3
8/13/2025 3:45,-3
8/13/2025 4:00,-3
8/13/2025 4:15,-3
8/13/2025 4:30,-3
8/13/2025 4:45,-3
8/13/2025 5:00,-2
8/13/2025 5:15,-3
8/13/2025 5:30,-3
8/13/2025 5:45,-3
8/13/2025 6:00,-3
8/13/2025 6:15,-3
8/13/2025 6:30,-3
8/13/2025 6:45,-40
8/13/2025 7:00,-143
8/13/2025 7:15,-370
8/13/2025 7:30,-627
8/13/2025 7:45,-900
8/13/2025 8:00,-1171
8/13/2025 8:15,-1391
8/13/2025 8:30,-1521
8/13/2025 8:45,-1593
8/13/2025 9:00,-1626
8/13/2025 9:15,-1654
8/13/2025 9:30,-1666
8/13/2025 9:45,-1641
8/13/2025 10:00,-1643
8/13/2025 10:15,-1646
8/13/2025 10:30,-1652
8/13/2025 10:45,-1663
8/13/2025 11:00,-1663
8/13/2025 11:15,-1659
8/13/2025 11:30,-1650
8/13/2025 11:45,-1655
8/13/2025 12:00,-1662
8/13/2025 12:15,-1662
8/13/2025 12:30,-1645
8/13/2025 12:45,-1659
8/13/2025 13:00,-1659
8/13/2025 13:15,-1661
8/13/2025 13:30,-1646
8/13/2025 13:45,-1658
8/13/2025 14:00,-1657
8/13/2025 14:15,-1656
8/13/2025 14:30,-1657
8/13/2025 14:45,-1651
8/13/2025 15:00,-1660
8/13/2025 15:15,-1660
8/13/2025 15:30,-1659
8/13/2025 15:45,-1658
8/13/2025 16:00,-1658
8/13/2025 16:15,-1660
8/13/2025 16:30,-1599
8/13/2025 16:45,-965
8/13/2025 17:00,-1618
8/13/2025 17:15,-1658
8/13/2025 17:30,-1541
8/13/2025 18:00,-1394
8/13/2025 18:15,-449
8/13/2025 18:30,-286
8/13/2025 18:45,-221
8/13/2025 19:00,-457
8/13/2025 19:15,-213
8/13/2025 19:30,-141
8/13/2025 19:45,-59
8/13/2025 20:00,-16
8/13/2025 20:15,-3
8/13/2025 20:30,-4
8/13/2025 20:45,-4
8/13/2025 21:00,-3
8/13/2025 21:15,-4
8/13/2025 21:30,-3
8/13/2025 21:45,-4
8/13/2025 22:00,0
8/13/2025 22:15,-4
8/13/2025 22:30,-3
8/13/2025 22:45,-3
8/13/2025 23:00,-3
8/13/2025 23:15,-4
8/13/2025 23:30,-2
8/13/2025 23:45,-3
8/14/2025 0:00,-3
8/14/2025 0:15,-2
8/14/2025 0:30,-4
8/14/2025 0:45,-3
8/14/2025 1:00,-4
8/14/2025 1:15,-4
8/14/2025 1:30,-2
8/14/2025 1:45,-4
8/14/2025 2:00,-4
8/14/2025 2:15,-3
8/14/2025 2:30,-4
8/14/2025 2:45,-3
8/14/2025 3:00,-3
8/14/2025 3:15,-3
8/14/2025 3:30,-3
8/14/2025 3:45,-2
8/14/2025 4:00,-4
8/14/2025 4:15,-3
8/14/2025 4:30,-3
8/14/2025 4:45,-2
8/14/2025 5:00,-4
8/14/2025 5:15,-3
8/14/2025 5:30,-3
8/14/2025 5:45,-2
8/14/2025 6:00,-3
8/14/2025 6:15,-2
8/14/2025 6:30,-3
8/14/2025 6:45,-20
8/14/2025 7:00,-66
8/14/2025 7:15,-93
8/14/2025 7:30,-248
8/14/2025 7:45,-947
8/14/2025 8:00,-1213
8/14/2025 8:15,-1451
8/14/2025 8:30,-1613
8/14/2025 8:45,-1583
8/14/2025 9:00,-1514
8/14/2025 9:15,-1663
8/14/2025 9:30,-1402
8/14/2025 9:45,-1634
8/14/2025 10:00,-1666
8/14/2025 10:15,-1184
8/14/2025 10:30,-1133
8/14/2025 10:45,-655
8/14/2025 11:00,-1664
8/14/2025 11:15,-1610
8/14/2025 11:30,-1383
8/14/2025 11:45,-1351
8/14/2025 12:00,-1661
8/14/2025 12:15,-1340
8/14/2025 12:30,-1660
8/14/2025 12:45,-1651
8/14/2025 13:00,-1662
8/14/2025 13:15,-1622
8/14/2025 13:30,-1606
8/14/2025 13:45,-1608
8/14/2025 14:00,-1626
8/14/2025 14:15,-1572
8/14/2025 14:30,-1179
8/14/2025 14:45,-1538
8/14/2025 15:00,-1579
8/14/2025 15:15,-507
8/14/2025 15:30,-370
8/14/2025 15:45,-1650
8/14/2025 16:00,-1608
8/14/2025 16:15,-1579
8/14/2025 16:30,-1573
8/14/2025 16:45,-1607
8/14/2025 17:00,-1541
8/14/2025 17:15,-985
8/14/2025 17:30,-1205
8/14/2025 17:45,-1198
8/14/2025 18:00,-862
8/14/2025 18:15,-295
8/14/2025 18:30,-224
8/14/2025 18:45,-174
8/14/2025 19:00,-225
8/14/2025 19:15,-96
8/14/2025 19:30,-65
8/14/2025 19:45,-19
8/14/2025 20:00,-3
8/14/2025 20:15,-4
8/14/2025 20:30,-4
8/14/2025 20:45,-4
8/14/2025 21:00,-4
8/14/2025 21:15,-4
8/14/2025 21:30,-4
8/14/2025 21:45,-3
8/14/2025 22:00,0
8/14/2025 22:15,-4
8/14/2025 22:30,-4
8/14/2025 22:45,-4
8/14/2025 23:00,-4
8/14/2025 23:15,-3
8/14/2025 23:30,-4
8/14/2025 23:45,-4
8/15/2025 0:00,-4
8/15/2025 0:15,-3
8/15/2025 0:30,-3
8/15/2025 0:45,-3
8/15/2025 1:00,-2
8/15/2025 1:15,-4
8/15/2025 1:30,-3
8/15/2025 1:45,-3
8/15/2025 2:00,-3
8/15/2025 2:15,-4
8/15/2025 2:30,-2
8/15/2025 2:45,-2
8/15/2025 3:00,-3
8/15/2025 3:15,-3
8/15/2025 3:30,-3
8/15/2025 3:45,-2
8/15/2025 4:00,-3
8/15/2025 4:15,-4
8/15/2025 4:30,-2
8/15/2025 4:45,-3
8/15/2025 5:00,-4
8/15/2025 5:15,-2
8/15/2025 5:30,-3
8/15/2025 5:45,-3
8/15/2025 6:00,-3
8/15/2025 6:15,-2
8/15/2025 6:30,-3
8/15/2025 6:45,-43
8/15/2025 7:00,-75
8/15/2025 7:15,-404
8/15/2025 7:30,-189
8/15/2025 7:45,-190
8/15/2025 8:00,-365
8/15/2025 8:15,-267
8/15/2025 8:30,-394
8/15/2025 8:45,-571
8/15/2025 9:00,-604
8/15/2025 9:15,-965
8/15/2025 9:30,-951
8/15/2025 9:45,-848
8/15/2025 10:00,-652
8/15/2025 10:15,-1031
8/15/2025 10:30,-980
8/15/2025 10:45,-1637
8/15/2025 11:00,-1642
8/15/2025 11:15,-1651
8/15/2025 11:30,-1652
8/15/2025 11:45,-1652
8/15/2025 12:00,-1633
8/15/2025 12:15,-1642
8/15/2025 12:30,-1646
8/15/2025 12:45,-1660
8/15/2025 13:00,-1662
8/15/2025 13:15,-683
8/15/2025 13:30,-1455
8/15/2025 13:45,-789
8/15/2025 14:00,-822
8/15/2025 14:15,-984
8/15/2025 14:30,-840
8/15/2025 14:45,-736
8/15/2025 15:00,-765
8/15/2025 15:15,-540
8/15/2025 15:30,-992
8/15/2025 15:45,-949
8/15/2025 16:00,-701
8/15/2025 16:15,-730
8/15/2025 16:30,-638
8/15/2025 16:45,-756
8/15/2025 17:00,-1576
8/15/2025 17:15,-381
8/15/2025 17:30,-502
8/15/2025 17:45,-1450
8/15/2025 18:00,-623
8/15/2025 18:15,-269
8/15/2025 18:30,-168
8/15/2025 18:45,-117
8/15/2025 19:00,-93
8/15/2025 19:15,-69
8/15/2025 19:30,-43
8/15/2025 19:45,-19
8/15/2025 20:00,-3
8/15/2025 20:15,-4
8/15/2025 20:30,-3
8/15/2025 20:45,-3
8/15/2025 21:00,-4
8/15/2025 21:15,-3
8/15/2025 21:30,-3
8/15/2025 21:45,-3
8/15/2025 22:00,-3
8/15/2025 22:15,-3
8/15/2025 22:30,-4
8/15/2025 22:45,-2
8/15/2025 23:00,-3
8/15/2025 23:15,-3
8/15/2025 23:30,-2
8/15/2025 23:45,-3
8/16/2025 0:00,-3
8/16/2025 0:15,-3
8/16/2025 0:30,-4
8/16/2025 0:45,-2
8/16/2025 1:00,0
8/16/2025 1:15,-3
8/16/2025 1:30,-2
8/16/2025 1:45,-3
8/16/2025 2:00,-4
8/16/2025 2:15,-2
8/16/2025 2:30,-2
8/16/2025 2:45,-2
8/16/2025 3:00,-4
8/16/2025 3:15,-3
8/16/2025 3:30,-2
8/16/2025 3:45,-2
8/16/2025 4:00,-2
8/16/2025 4:15,-3
8/16/2025 4:30,-2
8/16/2025 4:45,-4
8/16/2025 5:00,-4
8/16/2025 5:15,-4
8/16/2025 5:30,-4
8/16/2025 5:45,-4
8/16/2025 6:00,-4
8/16/2025 6:15,-4
8/16/2025 6:30,-2
8/16/2025 6:45,-20
8/16/2025 7:00,-52
8/16/2025 7:15,-419
8/16/2025 7:30,-702
8/16/2025 7:45,-986
8/16/2025 8:00,-1257
8/16/2025 8:15,-1494
8/16/2025 8:30,-1560
8/16/2025 8:45,-1600
8/16/2025 9:00,-1654
8/16/2025 9:15,-1659
8/16/2025 9:30,-1664
8/16/2025 9:45,-1651
8/16/2025 10:00,-1638
8/16/2025 10:15,-1657
8/16/2025 10:30,-1657
8/16/2025 10:45,-1654
8/16/2025 11:00,-1662
8/16/2025 11:15,-1659
8/16/2025 11:30,-1648
8/16/2025 11:45,-1534
8/16/2025 12:00,-1632
8/16/2025 12:15,-1619
8/16/2025 12:30,-1641
8/16/2025 12:45,-1637
8/16/2025 13:00,-1640
8/16/2025 13:15,-448
8/16/2025 13:30,-476
8/16/2025 13:45,-1409
8/16/2025 14:00,-1634
8/16/2025 14:15,-1628
8/16/2025 14:30,-1329
8/16/2025 14:45,-1603
8/16/2025 15:00,-1631
8/16/2025 15:15,-1612
8/16/2025 15:30,-1615
8/16/2025 15:45,-1638
8/16/2025 16:00,-1625
8/16/2025 16:15,-1638
8/16/2025 16:30,-1656
8/16/2025 16:45,-1661
8/16/2025 17:00,-1648
8/16/2025 17:15,-1645
8/16/2025 17:30,-1618
8/16/2025 17:45,-1598
8/16/2025 18:00,-1547
8/16/2025 18:15,-1423
8/16/2025 18:30,-978
8/16/2025 18:45,-643
8/16/2025 19:00,-436
8/16/2025 19:15,-263
8/16/2025 19:30,-123
8/16/2025 19:45,-37
8/16/2025 20:00,-8
8/16/2025 20:15,-4
8/16/2025 20:30,-4
8/16/2025 20:45,-3
8/16/2025 21:00,-4
8/16/2025 21:15,-3
8/16/2025 21:30,-3
8/16/2025 21:45,-4
8/16/2025 22:00,-4
8/16/2025 22:15,-4
8/16/2025 22:30,-2
8/16/2025 22:45,-4
8/16/2025 23:00,-3
8/16/2025 23:15,-3
8/16/2025 23:30,-4
8/16/2025 23:45,-2
8/17/2025 0:00,-2
8/17/2025 0:15,-3
8/17/2025 0:30,-3
8/17/2025 0:45,-2
8/17/2025 1:00,-4
8/17/2025 1:15,-2
8/17/2025 1:30,-3
8/17/2025 1:45,-2
8/17/2025 2:00,-3
8/17/2025 2:15,-3
8/17/2025 2:30,-2
8/17/2025 2:45,-3
8/17/2025 3:00,-3
8/17/2025 3:15,-3
8/17/2025 3:30,-3
8/17/2025 3:45,-3
8/17/2025 4:00,-3
8/17/2025 4:15,-2
8/17/2025 4:30,-3
8/17/2025 4:45,-3
8/17/2025 5:00,-3
8/17/2025 5:15,-3
8/17/2025 5:30,-3
8/17/2025 5:45,-3
8/17/2025 6:00,-3
8/17/2025 6:15,-2
8/17/2025 6:30,-3
8/17/2025 6:45,-28
8/17/2025 7:00,-158
8/17/2025 7:15,-415
8/17/2025 7:30,-720
8/17/2025 7:45,-1026
8/17/2025 8:00,-1307
8/17/2025 8:15,-1536
8/17/2025 8:30,-1594
8/17/2025 8:45,-1623
8/17/2025 9:00,-1626
8/17/2025 9:15,-1628
8/17/2025 9:30,-1633
8/17/2025 9:45,-1633
8/17/2025 10:00,-1644
8/17/2025 10:15,-1649
8/17/2025 10:30,-1652
8/17/2025 10:45,-1655
8/17/2025 11:00,-1656
8/17/2025 11:15,-1661
8/17/2025 11:30,-1661
8/17/2025 11:45,-1663
8/17/2025 12:00,-1662
8/17/2025 12:15,-1662
8/17/2025 12:30,-1662
8/17/2025 12:45,-1662
8/17/2025 13:00,-1631
8/17/2025 13:15,-1639
8/17/2025 13:30,-1646
8/17/2025 13:45,-1534
8/17/2025 14:00,-1655
8/17/2025 14:15,-1656
8/17/2025 14:30,-1042
8/17/2025 14:45,-1632
8/17/2025 15:00,-1656
8/17/2025 15:15,-1658
8/17/2025 15:30,-1660
8/17/2025 15:45,-1661
8/17/2025 16:00,-660
8/17/2025 16:15,-1658
8/17/2025 16:30,-1641
8/17/2025 16:45,-192
8/17/2025 17:00,-1632
8/17/2025 17:15,-1167
8/17/2025 17:30,-1654
8/17/2025 17:45,-1628
8/17/2025 18:00,-1558
8/17/2025 18:15,-1392
8/17/2025 18:30,-995
8/17/2025 18:45,-634
8/17/2025 19:00,-404
8/17/2025 19:15,-242
8/17/2025 19:30,-111
8/17/2025 19:45,-30
8/17/2025 20:00,-5
8/17/2025 20:15,-4
8/17/2025 20:30,-3
8/17/2025 20:45,-4
8/17/2025 21:00,-4
8/17/2025 21:15,-4
8/17/2025 21:30,-4
8/17/2025 21:45,-3
8/17/2025 22:00,-4
8/17/2025 22:15,-3
8/17/2025 22:30,-3
8/17/2025 22:45,-3
8/17/2025 23:00,-3
8/17/2025 23:15,-3
8/17/2025 23:30,-3
8/17/2025 23:45,-3
8/18/2025 0:00,-2
8/18/2025 0:15,-2
8/18/2025 0:30,-3
8/18/2025 0:45,-2
8/18/2025 1:00,-2
8/18/2025 1:15,-3
8/18/2025 1:30,-2
8/18/2025 1:45,-2
8/18/2025 2:00,-2
8/18/2025 2:15,-2
8/18/2025 2:30,-2
8/18/2025 2:45,-4
8/18/2025 3:00,-2
8/18/2025 3:15,-2
8/18/2025 3:30,-2
8/18/2025 3:45,-4
8/18/2025 4:00,-2
8/18/2025 4:15,-4
8/18/2025 4:30,-2
8/18/2025 4:45,-2
8/18/2025 5:00,-2
8/18/2025 5:15,-2
8/18/2025 5:30,-3
8/18/2025 5:45,-3
8/18/2025 6:00,-3
8/18/2025 6:15,-2
8/18/2025 6:30,-2
8/18/2025 6:45,-24
8/18/2025 7:00,-111
8/18/2025 7:15,-480
8/18/2025 7:30,-802
8/18/2025 7:45,-1063
8/18/2025 8:00,-1435
8/18/2025 8:15,-1621
8/18/2025 8:30,-1624
8/18/2025 8:45,-1666
8/18/2025 9:00,-1667
8/18/2025 9:15,-789
8/18/2025 9:30,-1534
8/18/2025 9:45,-1667
8/18/2025 10:00,-463
8/18/2025 10:15,-1664
8/18/2025 10:30,-1665
8/18/2025 10:45,-1654
8/18/2025 11:00,-1659
8/18/2025 11:15,-1660
8/18/2025 11:30,-1662
8/18/2025 11:45,-1663
8/18/2025 12:00,-1663
8/18/2025 12:15,-1663
8/18/2025 12:30,-1662
8/18/2025 12:45,-1663
8/18/2025 13:00,-1661
8/18/2025 13:15,-1662
8/18/2025 13:30,-1658
8/18/2025 13:45,-1658
8/18/2025 14:00,-1660
8/18/2025 14:15,-1661
8/18/2025 14:30,-1655
8/18/2025 14:45,-1440
8/18/2025 15:00,-1579
8/18/2025 15:15,-1659
8/18/2025 15:30,-1646
8/18/2025 15:45,-1489
8/18/2025 16:00,-1654
8/18/2025 16:15,-1650
8/18/2025 16:30,-1509
8/18/2025 16:45,-1660
8/18/2025 17:00,-1640
8/18/2025 17:15,-1561
8/18/2025 17:30,-1651
8/18/2025 17:45,-1537
8/18/2025 18:00,-1545
8/18/2025 18:15,-1344
8/18/2025 18:30,-946
8/18/2025 18:45,-665
8/18/2025 19:00,-425
8/18/2025 19:15,-241
8/18/2025 19:30,-107
8/18/2025 19:45,-27
8/18/2025 20:00,-5
8/18/2025 20:15,-4
8/18/2025 20:30,-4
8/18/2025 20:45,-3
8/18/2025 21:00,-4
8/18/2025 21:15,-4
8/18/2025 21:30,-4
8/18/2025 21:45,-3
8/18/2025 22:00,-2
8/18/2025 22:15,-3
8/18/2025 22:30,-3
8/18/2025 22:45,-3
8/18/2025 23:00,-2
8/18/2025 23:15,-3
8/18/2025 23:30,-4
8/18/2025 23:45,-2
8/19/2025 0:00,-4
8/19/2025 0:15,-2
8/19/2025 0:30,-3
8/19/2025 0:45,-4
8/19/2025 1:00,-2
8/19/2025 1:15,-3
8/19/2025 1:30,-3
8/19/2025 1:45,-2
8/19/2025 2:00,-3
8/19/2025 2:15,-4
8/19/2025 2:30,-2
8/19/2025 2:45,-2
8/19/2025 3:00,-3
8/19/2025 3:15,-3
8/19/2025 3:30,-2
8/19/2025 3:45,-2
8/19/2025 4:00,-4
8/19/2025 4:15,-2
8/19/2025 4:30,-2
8/19/2025 4:45,-3
8/19/2025 5:00,-4
8/19/2025 5:15,-2
8/19/2025 5:30,-4
8/19/2025 5:45,-2
8/19/2025 6:00,-3
8/19/2025 6:15,-3
8/19/2025 6:30,-3
8/19/2025 6:45,-21
8/19/2025 7:00,-129
8/19/2025 7:15,-360
8/19/2025 7:30,-640
8/19/2025 7:45,-958
8/19/2025 8:00,-1231
8/19/2025 8:15,-1480
8/19/2025 8:30,-1570
8/19/2025 8:45,-1621
8/19/2025 9:00,-1595
8/19/2025 9:15,-1612
8/19/2025 9:30,-1623
8/19/2025 9:45,-1644
8/19/2025 10:00,-1634
8/19/2025 10:15,-1647
8/19/2025 10:30,-1651
8/19/2025 10:45,-1663
8/19/2025 11:00,-1662
8/19/2025 11:15,-1663
8/19/2025 11:30,-1663
8/19/2025 11:45,-1662
8/19/2025 12:00,-1662
8/19/2025 12:15,-1662
8/19/2025 12:30,-1662
8/19/2025 12:45,-1662
8/19/2025 13:00,-1661
8/19/2025 13:15,-1660
8/19/2025 13:30,-1661
8/19/2025 13:45,-1660
8/19/2025 14:00,-1660
8/19/2025 14:15,-1660
8/19/2025 14:30,-1660
8/19/2025 14:45,-1659
8/19/2025 15:00,-1661
8/19/2025 15:15,-431
8/19/2025 15:30,-1661
8/19/2025 15:45,-1661
8/19/2025 16:00,-1661
8/19/2025 16:15,-1660
8/19/2025 16:30,-1660
8/19/2025 16:45,-1661
8/19/2025 17:00,-1658
8/19/2025 17:15,-1612
8/19/2025 17:30,-748
8/19/2025 17:45,-540
8/19/2025 18:00,-1055
8/19/2025 18:15,-1225
8/19/2025 18:30,-862
8/19/2025 18:45,-592
8/19/2025 19:00,-311
8/19/2025 19:15,-270
8/19/2025 19:30,-150
8/19/2025 19:45,-50
8/19/2025 20:00,-7
8/19/2025 20:15,-2
8/19/2025 20:30,-4
8/19/2025 20:45,-3
8/19/2025 21:00,-4
8/19/2025 21:15,-4
8/19/2025 21:30,-4
8/19/2025 21:45,-4
8/19/2025 22:00,-4
8/19/2025 22:15,-2
8/19/2025 22:30,-2
8/19/2025 22:45,-4
8/19/2025 23:00,-3
8/19/2025 23:15,-2
8/19/2025 23:30,-4
8/19/2025 23:45,-4
8/20/2025 0:00,-3
8/20/2025 0:15,-2
8/20/2025 0:30,-4
8/20/2025 0:45,-3
8/20/2025 1:00,-3
8/20/2025 1:15,-4
8/20/2025 1:30,-4
8/20/2025 1:45,-4
8/20/2025 2:00,-4
8/20/2025 2:15,-4
8/20/2025 2:30,-3
8/20/2025 2:45,-4
8/20/2025 3:00,-4
8/20/2025 3:15,-3
8/20/2025 3:30,-3
8/20/2025 3:45,-3
8/20/2025 4:00,-3
8/20/2025 4:15,-4
8/20/2025 4:30,-3
8/20/2025 4:45,-3
8/20/2025 5:00,-3
8/20/2025 5:15,-3
8/20/2025 5:30,-2
8/20/2025 5:45,-3
8/20/2025 6:00,-2
8/20/2025 6:15,-2
8/20/2025 6:30,-3
8/20/2025 6:45,-22
8/20/2025 7:00,-105
8/20/2025 7:15,-279
8/20/2025 7:30,-538
8/20/2025 7:45,-862
8/20/2025 8:00,-1165
8/20/2025 8:15,-1423
8/20/2025 8:30,-1528
8/20/2025 8:45,-1556
8/20/2025 9:00,-1602
8/20/2025 9:15,-1664
8/20/2025 9:30,-1665
8/20/2025 9:45,-1665
8/20/2025 10:00,-1664
8/20/2025 10:15,-1664
8/20/2025 10:30,-1664
8/20/2025 10:45,-1664
8/20/2025 11:00,-1663
8/20/2025 11:15,-1663
8/20/2025 11:30,-1653
8/20/2025 11:45,-1662
8/20/2025 12:00,-1662
8/20/2025 12:15,-1662
8/20/2025 12:30,-1662
8/20/2025 12:45,-1661
8/20/2025 13:00,-1660
8/20/2025 13:15,-1661
8/20/2025 13:30,-1662
8/20/2025 13:45,-1660
8/20/2025 14:00,-1660
8/20/2025 14:15,-1661
8/20/2025 14:30,-1648
8/20/2025 14:45,-850
8/20/2025 15:00,-1652
8/20/2025 15:15,-521
8/20/2025 15:30,-625
8/20/2025 15:45,-1251
8/20/2025 16:00,-1652
8/20/2025 16:15,-1662
8/20/2025 16:30,-1552
8/20/2025 16:45,-642
8/20/2025 17:00,-434
8/20/2025 17:15,-652
8/20/2025 17:30,-355
8/20/2025 17:45,-621
8/20/2025 18:00,-338
8/20/2025 18:15,-320
8/20/2025 18:30,-902
8/20/2025 18:45,-331
8/20/2025 19:00,-222
8/20/2025 19:15,-108
8/20/2025 19:30,-59
8/20/2025 19:45,-36
8/20/2025 20:00,-4
8/20/2025 20:15,-4
8/20/2025 20:30,-4
8/20/2025 20:45,-4
8/20/2025 21:00,-4
8/20/2025 21:15,-4
8/20/2025 21:30,-4
8/20/2025 21:45,-4
8/20/2025 22:00,-3
8/20/2025 22:15,-4
8/20/2025 22:30,-4
8/20/2025 22:45,-3
8/20/2025 23:00,-4
8/20/2025 23:15,-4
8/20/2025 23:30,-3
8/20/2025 23:45,-4
8/21/2025 0:00,-2
8/21/2025 0:15,-2
8/21/2025 0:30,-4
8/21/2025 0:45,-3
8/21/2025 1:00,-2
8/21/2025 1:15,-4
8/21/2025 1:30,-3
8/21/2025 1:45,-3
8/21/2025 2:00,-4
8/21/2025 2:15,-3
8/21/2025 2:30,-3
8/21/2025 2:45,-3
8/21/2025 3:00,-4
8/21/2025 3:15,-2
8/21/2025 3:30,-3
8/21/2025 3:45,-3
8/21/2025 4:00,-3
8/21/2025 4:15,-2
8/21/2025 4:30,-2
8/21/2025 4:45,-2
8/21/2025 5:00,-2
8/21/2025 5:15,-3
8/21/2025 5:30,-3
8/21/2025 5:45,-2
8/21/2025 6:00,-3
8/21/2025 6:15,-3
8/21/2025 6:30,-3
8/21/2025 6:45,-19
8/21/2025 7:00,-96
8/21/2025 7:15,-295
8/21/2025 7:30,-556
8/21/2025 7:45,-818
8/21/2025 8:00,-1089
8/21/2025 8:15,-1377
8/21/2025 8:30,-1545
8/21/2025 8:45,-1590
8/21/2025 9:00,-1623
8/21/2025 9:15,-1638
8/21/2025 9:30,-1661
8/21/2025 9:45,-1655
8/21/2025 10:00,-1665
8/21/2025 10:15,-1617
8/21/2025 10:30,-1659
8/21/2025 10:45,-1661
8/21/2025 11:00,-1663
8/21/2025 11:15,-1663
8/21/2025 11:30,-1661
8/21/2025 11:45,-1655
8/21/2025 12:00,-1660
8/21/2025 12:15,-1662
8/21/2025 12:30,-1596
8/21/2025 12:45,-1552
8/21/2025 13:00,-1568
8/21/2025 13:15,-1553
8/21/2025 13:30,-1565
8/21/2025 13:45,-1551
8/21/2025 14:00,-1571
8/21/2025 14:15,-1598
8/21/2025 14:30,-788
8/21/2025 14:45,-798
8/21/2025 15:00,-347
8/21/2025 15:15,-290
8/21/2025 15:30,-153
8/21/2025 15:45,-82
8/21/2025 16:00,-52
8/21/2025 16:15,-48
8/21/2025 16:30,-54
8/21/2025 16:45,-61
8/21/2025 17:00,-78
8/21/2025 17:15,-105
8/21/2025 17:30,-153
8/21/2025 17:45,-200
8/21/2025 18:00,-227
8/21/2025 18:15,-285
8/21/2025 18:30,-214
8/21/2025 18:45,-122
8/21/2025 19:00,-117
8/21/2025 19:15,-66
8/21/2025 19:30,-28
8/21/2025 19:45,-5
8/21/2025 20:00,-4
8/21/2025 20:15,-3
8/21/2025 20:30,-4
8/21/2025 20:45,-2
8/21/2025 21:00,-4
8/21/2025 21:15,-4
8/21/2025 21:30,-3
8/21/2025 21:45,-3
8/21/2025 22:00,-4
8/21/2025 22:15,-4
8/21/2025 22:30,-4
8/21/2025 22:45,-4
8/21/2025 23:00,-4
8/21/2025 23:15,-4
8/21/2025 23:30,-4
8/21/2025 23:45,-4
8/22/2025 0:00,-3
8/22/2025 0:15,-4
8/22/2025 0:30,-4
8/22/2025 0:45,-4
8/22/2025 1:00,-4
8/22/2025 1:15,-3
8/22/2025 1:30,-4
8/22/2025 1:45,-4
8/22/2025 2:00,-4
8/22/2025 2:15,-3
8/22/2025 2:30,-3
8/22/2025 2:45,-4
8/22/2025 3:00,-2
8/22/2025 3:15,-2
8/22/2025 3:30,-4
8/22/2025 3:45,-3
8/22/2025 4:00,-2
8/22/2025 4:15,-4
8/22/2025 4:30,-2
8/22/2025 4:45,-4
8/22/2025 5:00,-2
8/22/2025 5:15,-3
8/22/2025 5:30,-3
8/22/2025 5:45,-3
8/22/2025 6:00,-3
8/22/2025 6:15,-3
8/22/2025 6:30,-2
8/22/2025 6:45,-17
8/22/2025 7:00,-40
8/22/2025 7:15,-68
8/22/2025 7:30,-297
8/22/2025 7:45,-773
8/22/2025 8:00,-1020
8/22/2025 8:15,-1301
8/22/2025 8:30,-1521
8/22/2025 8:45,-1555
8/22/2025 9:00,-1636
8/22/2025 9:15,-1603
8/22/2025 9:30,-1645
8/22/2025 9:45,-1663
8/22/2025 10:00,-1664
8/22/2025 10:15,-1660
8/22/2025 10:30,-1663
8/22/2025 10:45,-1661
8/22/2025 11:00,-1663
8/22/2025 11:15,-1662
8/22/2025 11:30,-1662
8/22/2025 11:45,-1663
8/22/2025 12:00,-1660
8/22/2025 12:15,-1629
8/22/2025 12:30,-1660
8/22/2025 12:45,-1661
8/22/2025 13:00,-1661
8/22/2025 13:15,-1661
8/22/2025 13:30,-1661
8/22/2025 13:45,-1660
8/22/2025 14:00,-1661
8/22/2025 14:15,-1214
8/22/2025 14:30,-564
8/22/2025 14:45,-424
8/22/2025 15:00,-415
8/22/2025 15:15,-239
8/22/2025 15:30,-121
8/22/2025 15:45,-83
8/22/2025 16:00,-92
8/22/2025 16:15,-77
8/22/2025 16:30,-67
8/22/2025 16:45,-62
8/22/2025 17:00,-58
8/22/2025 17:15,-58
8/22/2025 17:30,-64
8/22/2025 17:45,-76
8/22/2025 18:00,-64
8/22/2025 18:15,-64
8/22/2025 18:30,-86
8/22/2025 18:45,-84
8/22/2025 19:00,-52
8/22/2025 19:15,-30
8/22/2025 19:30,-15
8/22/2025 19:45,-4
8/22/2025 20:00,-4
8/22/2025 20:15,-4
8/22/2025 20:30,-3
8/22/2025 20:45,-2
8/22/2025 21:00,-4
8/22/2025 21:15,-3
8/22/2025 21:30,-2
8/22/2025 21:45,-2
8/22/2025 22:00,-3
8/22/2025 22:15,-2
8/22/2025 22:30,-4
8/22/2025 22:45,-4
8/22/2025 23:00,-3
8/22/2025 23:15,-3
8/22/2025 23:30,-4
8/22/2025 23:45,-4
8/23/2025 0:00,-4
8/23/2025 0:15,-4
8/23/2025 0:30,-4
8/23/2025 0:45,-4
8/23/2025 1:00,-3
8/23/2025 1:15,-4
8/23/2025 1:30,-4
8/23/2025 1:45,-4
8/23/2025 2:00,-4
8/23/2025 2:15,-3
8/23/2025 2:30,-3
8/23/2025 2:45,-3
8/23/2025 3:00,-3
8/23/2025 3:15,-2
8/23/2025 3:30,-4
8/23/2025 3:45,-4
8/23/2025 4:00,-4
8/23/2025 4:15,-4
8/23/2025 4:30,-2
8/23/2025 4:45,-3
8/23/2025 5:00,-4
8/23/2025 5:15,-2
8/23/2025 5:30,-3
8/23/2025 5:45,-4
8/23/2025 6:00,-2
8/23/2025 6:15,-3
8/23/2025 6:30,-4
8/23/2025 6:45,-18
8/23/2025 7:00,-83
8/23/2025 7:15,-268
8/23/2025 7:30,-572
8/23/2025 7:45,-345
8/23/2025 8:00,-293
8/23/2025 8:15,-243
8/23/2025 8:30,-240
8/23/2025 8:45,-265
8/23/2025 9:00,-343
8/23/2025 9:15,-519
8/23/2025 9:30,-650
8/23/2025 9:45,-1637
8/23/2025 10:00,-1639
8/23/2025 10:15,-1462
8/23/2025 10:30,-1635
8/23/2025 10:45,-1638
8/23/2025 11:00,-1445
8/23/2025 11:15,-1216
8/23/2025 11:30,-1370
8/23/2025 11:45,-1281
8/23/2025 12:00,-1663
8/23/2025 12:15,-1662
8/23/2025 12:30,-1664
8/23/2025 12:45,-1658
8/23/2025 13:00,-1651
8/23/2025 13:15,-1646
8/23/2025 13:30,-1655
8/23/2025 13:45,-1658
8/23/2025 14:00,-1097
8/23/2025 14:15,-814
8/23/2025 14:30,-358
8/23/2025 14:45,-289
8/23/2025 15:00,-794
8/23/2025 15:15,-539
8/23/2025 15:30,-155
8/23/2025 15:45,-98
8/23/2025 16:00,-71
8/23/2025 16:15,-90
8/23/2025 16:30,-147
8/23/2025 16:45,-228
8/23/2025 17:00,-220
8/23/2025 17:15,-185
8/23/2025 17:30,-112
8/23/2025 17:45,-72
8/23/2025 18:00,-54
8/23/2025 18:15,-53
8/23/2025 18:30,-57
8/23/2025 18:45,-76
8/23/2025 19:00,-59
8/23/2025 19:15,-25
8/23/2025 19:30,-4
8/23/2025 19:45,-3
8/23/2025 20:00,-3
8/23/2025 20:15,-4
8/23/2025 20:30,-4
8/23/2025 20:45,-4
8/23/2025 21:00,-3
8/23/2025 21:15,-2
8/23/2025 21:30,-3
8/23/2025 21:45,-4
8/23/2025 22:00,-4
8/23/2025 22:15,-2
8/23/2025 22:30,-4
8/23/2025 22:45,-4
8/23/2025 23:00,-2
8/23/2025 23:15,-2
8/23/2025 23:30,-4
8/23/2025 23:45,-2
8/24/2025 0:00,-2
8/24/2025 0:15,-4
8/24/2025 0:30,-4
8/24/2025 1:00,-2
8/24/2025 1:15,-4
8/24/2025 1:30,-2
8/24/2025 1:45,-2
8/24/2025 2:00,-3
8/24/2025 2:15,-3
8/24/2025 2:30,-3
8/24/2025 2:45,-3
8/24/2025 3:00,-3
8/24/2025 3:15,-3
8/24/2025 3:30,-2
8/24/2025 3:45,-3
8/24/2025 4:00,-3
8/24/2025 4:15,-3
8/24/2025 4:30,-4
8/24/2025 4:45,-4
8/24/2025 5:00,-2
8/24/2025 5:15,-2
8/24/2025 5:30,-4
8/24/2025 5:45,-2
8/24/2025 6:00,-4
8/24/2025 6:15,-2
8/24/2025 6:30,-2
8/24/2025 6:45,-2
8/24/2025 7:00,-50
8/24/2025 7:15,-108
8/24/2025 7:30,-211
8/24/2025 7:45,-339
8/24/2025 8:00,-430
8/24/2025 8:15,-518
8/24/2025 8:30,-315
8/24/2025 8:45,-1322
8/24/2025 9:00,-1649
8/24/2025 9:15,-1604
8/24/2025 9:30,-1641
8/24/2025 9:45,-1537
8/24/2025 10:00,-1639
8/24/2025 10:15,-1650
8/24/2025 10:30,-1658
8/24/2025 10:45,-1663
8/24/2025 11:00,-1665
8/24/2025 11:15,-1664
8/24/2025 11:30,-1664
8/24/2025 11:45,-1663
8/24/2025 12:00,-1663
8/24/2025 12:15,-1663
8/24/2025 12:30,-1589
8/24/2025 12:45,-1260
8/24/2025 13:00,-1662
8/24/2025 13:15,-1662
8/24/2025 13:30,-1658
8/24/2025 13:45,-1591
8/24/2025 14:00,-724
8/24/2025 14:15,-483
8/24/2025 14:30,-344
8/24/2025 14:45,-227
8/24/2025 15:00,-247
8/24/2025 15:15,-193
8/24/2025 15:30,-88
8/24/2025 15:45,-71
8/24/2025 16:00,-163
8/24/2025 16:15,-390
8/24/2025 16:30,-400
8/24/2025 16:45,-220
8/24/2025 17:00,-204
8/24/2025 17:15,-109
8/24/2025 17:30,-163
8/24/2025 17:45,-156
8/24/2025 18:00,-378
8/24/2025 18:15,-522
8/24/2025 18:30,-192
8/24/2025 18:45,-169
8/24/2025 19:00,-159
8/24/2025 19:15,-98
8/24/2025 19:30,-45
8/24/2025 19:45,-10
8/24/2025 20:00,-2
8/24/2025 20:15,-2
8/24/2025 20:30,-2
8/24/2025 20:45,-4
8/24/2025 21:00,-3
8/24/2025 21:15,-3
8/24/2025 21:30,-4
8/24/2025 21:45,-3
8/24/2025 22:00,-3
8/24/2025 22:15,-3
8/24/2025 22:30,-2
8/24/2025 22:45,-3
8/24/2025 23:00,-3
8/24/2025 23:15,-2
8/24/2025 23:30,-2
8/24/2025 23:45,-3
8/25/2025 0:00,-3
8/25/2025 0:15,-3
8/25/2025 0:30,-3
8/25/2025 0:45,-3
8/25/2025 1:00,-3
8/25/2025 1:15,-2
8/25/2025 1:30,-3
8/25/2025 1:45,-2
8/25/2025 2:00,-2
8/25/2025 2:15,-2
8/25/2025 2:30,-3
8/25/2025 2:45,-3
8/25/2025 3:00,-3
8/25/2025 3:15,-2
8/25/2025 3:30,-3
8/25/2025 3:45,-3
8/25/2025 4:00,-3
8/25/2025 4:15,-3
8/25/2025 4:30,-3
8/25/2025 4:45,-3
8/25/2025 5:00,-3
8/25/2025 5:15,-3
8/25/2025 5:30,-3
8/25/2025 5:45,-2
8/25/2025 6:00,-3
8/25/2025 6:15,-3
8/25/2025 6:30,-3
8/25/2025 6:45,-9
8/25/2025 7:00,-38
8/25/2025 7:15,-81
8/25/2025 7:30,-106
8/25/2025 7:45,-889
8/25/2025 8:00,-858
8/25/2025 8:15,-1580
8/25/2025 8:30,-486
8/25/2025 8:45,-1667
8/25/2025 9:00,-1667
8/25/2025 9:15,-1580
8/25/2025 9:30,-731
8/25/2025 9:45,-1279
8/25/2025 10:00,-1629
8/25/2025 10:15,-1063
8/25/2025 10:30,-892
8/25/2025 10:45,-661
8/25/2025 11:00,-904
8/25/2025 11:15,-1666
8/25/2025 11:30,-1665
8/25/2025 11:45,-1664
8/25/2025 12:00,-1658
8/25/2025 12:15,-1630
8/25/2025 12:30,-1638
8/25/2025 12:45,-1620
8/25/2025 13:00,-1584
8/25/2025 13:15,-1379
8/25/2025 13:30,-1616
8/25/2025 13:45,-803
8/25/2025 14:00,-1129
8/25/2025 14:15,-366
8/25/2025 14:30,-406
8/25/2025 14:45,-320
8/25/2025 15:00,-277
8/25/2025 15:15,-176
8/25/2025 15:30,-124
8/25/2025 15:45,-168
8/25/2025 16:00,-109
8/25/2025 16:15,-65
8/25/2025 16:30,-32
8/25/2025 16:45,-20
8/25/2025 17:00,-18
8/25/2025 17:15,-15
8/25/2025 17:30,-19
8/25/2025 17:45,-11
8/25/2025 18:00,-10
8/25/2025 18:15,-17
8/25/2025 18:30,-22
8/25/2025 18:45,-28
8/25/2025 19:00,-30
8/25/2025 19:15,-20
8/25/2025 19:30,-14
8/25/2025 19:45,-4
8/25/2025 20:00,-2
8/25/2025 20:15,-3
8/25/2025 20:30,-2
8/25/2025 20:45,-3
8/25/2025 21:00,-3
8/25/2025 21:15,-3
8/25/2025 21:30,-3
8/25/2025 21:45,-2
8/25/2025 22:00,-3
8/25/2025 22:15,-3
8/25/2025 22:30,-2
8/25/2025 22:45,-3
8/25/2025 23:00,-2
8/25/2025 23:15,-4
8/25/2025 23:30,-2
8/25/2025 23:45,-3
8/26/2025 0:00,-2
8/26/2025 0:15,-2
8/26/2025 0:30,-3
8/26/2025 0:45,-3
8/26/2025 1:00,-4
8/26/2025 1:15,-4
8/26/2025 1:30,-2
8/26/2025 1:45,-4
8/26/2025 2:00,-4
8/26/2025 2:15,-2
8/26/2025 2:30,-2
8/26/2025 2:45,-2
8/26/2025 3:00,-2
8/26/2025 3:15,-3
8/26/2025 3:30,-2
8/26/2025 3:45,-3
8/26/2025 4:00,-3
8/26/2025 4:15,-2
8/26/2025 4:30,-3
8/26/2025 4:45,-2
8/26/2025 5:00,-3
8/26/2025 5:15,-3
8/26/2025 5:30,-3
8/26/2025 5:45,-3
8/26/2025 6:00,-3
8/26/2025 6:15,-3
8/26/2025 6:30,-2
8/26/2025 6:45,-1
8/26/2025 7:00,-26
8/26/2025 7:15,-59
8/26/2025 7:30,-45
8/26/2025 7:45,-65
8/26/2025 8:00,-59
8/26/2025 8:15,-74
8/26/2025 8:30,-109
8/26/2025 8:45,-143
8/26/2025 9:00,-479
8/26/2025 9:15,-431
8/26/2025 9:30,-425
8/26/2025 9:45,-374
8/26/2025 10:00,-520
8/26/2025 10:15,-760
8/26/2025 10:30,-1427
8/26/2025 10:45,-862
8/26/2025 11:00,-1654
8/26/2025 11:15,-953
8/26/2025 11:30,-1464
8/26/2025 11:45,-1590
8/26/2025 12:00,-1571
8/26/2025 12:15,-1666
8/26/2025 12:30,-1498
8/26/2025 12:45,-1665
8/26/2025 13:00,-1665
8/26/2025 13:15,-1664
8/26/2025 13:30,-1596
8/26/2025 13:45,-1665
8/26/2025 14:00,-1665
8/26/2025 14:15,-1663
8/26/2025 14:30,-1633
8/26/2025 14:45,-1646
8/26/2025 15:00,-1656
8/26/2025 15:15,-1656
8/26/2025 15:30,-587
8/26/2025 15:45,-613
8/26/2025 16:00,-585
8/26/2025 16:15,-1406
8/26/2025 16:30,-201
8/26/2025 16:45,-61
8/26/2025 17:00,-12
8/26/2025 17:15,-4
8/26/2025 17:30,-14
8/26/2025 17:45,-21
8/26/2025 18:00,-75
8/26/2025 18:15,-102
8/26/2025 18:30,-155
8/26/2025 18:45,-144
8/26/2025 19:00,-137
8/26/2025 19:15,-116
8/26/2025 19:30,-32
8/26/2025 19:45,-7
8/26/2025 20:00,-3
8/26/2025 20:15,-2
8/26/2025 20:30,-2
8/26/2025 20:45,-3
8/26/2025 21:00,-3
8/26/2025 21:15,-2
8/26/2025 21:30,-3
8/26/2025 21:45,-3
8/26/2025 22:00,-2
8/26/2025 22:15,-2
8/26/2025 22:30,-2
8/26/2025 22:45,-3
8/26/2025 23:00,-2
8/26/2025 23:15,-2
8/26/2025 23:30,-2
8/26/2025 23:45,-3
8/27/2025 0:00,-3
8/27/2025 0:15,-2
8/27/2025 0:30,-3
8/27/2025 0:45,-2
8/27/2025 1:00,-3
8/27/2025 1:15,-3
8/27/2025 1:30,-3
8/27/2025 1:45,-3
8/27/2025 2:00,-2
8/27/2025 2:15,-3
8/27/2025 2:30,-3
8/27/2025 2:45,-3
8/27/2025 3:00,-2
8/27/2025 3:15,-3
8/27/2025 3:30,-3
8/27/2025 3:45,-3
8/27/2025 4:00,-3
8/27/2025 4:15,-3
8/27/2025 4:30,-2
8/27/2025 4:45,-2
8/27/2025 5:00,-2
8/27/2025 5:15,-3
8/27/2025 5:30,-3
8/27/2025 5:45,-2
8/27/2025 6:00,-4
8/27/2025 6:15,-3
8/27/2025 6:30,-2
8/27/2025 6:45,-2
8/27/2025 7:00,-29
8/27/2025 7:15,-59
8/27/2025 7:30,-38
8/27/2025 7:45,-144
8/27/2025 8:00,-288
8/27/2025 8:15,-497
8/27/2025 8:30,-1598
8/27/2025 8:45,-1561
8/27/2025 9:00,-799
8/27/2025 9:15,-1447
8/27/2025 9:30,-1173
8/27/2025 9:45,-910
8/27/2025 10:00,-410
8/27/2025 10:15,-1622
8/27/2025 10:30,-1649
8/27/2025 10:45,-1656
8/27/2025 11:00,-1657
8/27/2025 11:15,-1663
8/27/2025 11:30,-1433
8/27/2025 11:45,-1661
8/27/2025 12:00,-1661
8/27/2025 12:15,-1663
8/27/2025 12:30,-1597
8/27/2025 12:45,-1122
8/27/2025 13:00,-1491
8/27/2025 13:15,-1183
8/27/2025 13:30,-655
8/27/2025 13:45,-563
8/27/2025 14:00,-626
8/27/2025 14:15,-541
8/27/2025 14:30,-632
8/27/2025 14:45,-927
8/27/2025 15:00,-919
8/27/2025 15:15,-460
8/27/2025 15:30,-566
8/27/2025 15:45,-484
8/27/2025 16:00,-1662
8/27/2025 16:15,-1662
8/27/2025 16:30,-430
8/27/2025 16:45,-537
8/27/2025 17:00,-1474
8/27/2025 17:15,-169
8/27/2025 17:30,-205
8/27/2025 17:45,-1647
8/27/2025 18:00,-376
8/27/2025 18:15,-1222
8/27/2025 18:30,-746
8/27/2025 18:45,-108
8/27/2025 19:00,-68
8/27/2025 19:15,-41
8/27/2025 19:30,-31
8/27/2025 19:45,-4
8/27/2025 20:00,-2
8/27/2025 20:15,-4
8/27/2025 20:30,-3
8/27/2025 20:45,-3
8/27/2025 21:00,-4
8/27/2025 21:15,-4
8/27/2025 21:30,-3
8/27/2025 21:45,-3
8/27/2025 22:00,-3
8/27/2025 22:15,-2
8/27/2025 22:30,-3
8/27/2025 22:45,-3
8/27/2025 23:00,-3
8/27/2025 23:15,-3
8/27/2025 23:30,-4
8/27/2025 23:45,-2
8/28/2025 0:00,-2
8/28/2025 0:15,-3
8/28/2025 0:30,-4
8/28/2025 0:45,-2
8/28/2025 1:00,-4
8/28/2025 1:15,-3
8/28/2025 1:30,-3
8/28/2025 1:45,-2
8/28/2025 2:00,-3
8/28/2025 2:15,-2
8/28/2025 2:30,-2
8/28/2025 2:45,-2
8/28/2025 3:00,-2
8/28/2025 3:15,-3
8/28/2025 3:30,-3
8/28/2025 3:45,-3
8/28/2025 4:00,-2
8/28/2025 4:15,-3
8/28/2025 4:30,-3
8/28/2025 4:45,-2
8/28/2025 5:00,-2
8/28/2025 5:15,-2
8/28/2025 5:30,-2
8/28/2025 5:45,-3
8/28/2025 6:00,-2
8/28/2025 6:15,-2
8/28/2025 6:30,-3
8/28/2025 6:45,-17
8/28/2025 7:00,-87
8/28/2025 7:15,-276
8/28/2025 7:30,-571
8/28/2025 7:45,-882
8/28/2025 8:00,-1172
8/28/2025 8:15,-1430
8/28/2025 8:30,-1592
8/28/2025 8:45,-1593
8/28/2025 9:00,-1608
8/28/2025 9:15,-1626
8/28/2025 9:30,-1654
8/28/2025 9:45,-1656
8/28/2025 10:00,-1647
8/28/2025 10:15,-1625
8/28/2025 10:30,-1663
8/28/2025 10:45,-1664
8/28/2025 11:00,-1661
8/28/2025 11:15,-1663
8/28/2025 11:30,-1663
8/28/2025 11:45,-1664
8/28/2025 12:00,-1662
8/28/2025 12:15,-1663
8/28/2025 12:30,-1663
8/28/2025 12:45,-1664
8/28/2025 13:00,-1663
8/28/2025 13:15,-1662
8/28/2025 13:30,-1662
8/28/2025 13:45,-1662
8/28/2025 14:00,-1662
8/28/2025 14:15,-396
8/28/2025 14:30,-1601
8/28/2025 14:45,-1662
8/28/2025 15:00,-1642
8/28/2025 15:15,-1630
8/28/2025 15:30,-1610
8/28/2025 15:45,-277
8/28/2025 16:00,-1624
8/28/2025 16:15,-1515
8/28/2025 16:30,-1083
8/28/2025 16:45,-766
8/28/2025 17:00,-1087
8/28/2025 17:15,-1498
8/28/2025 17:30,-1614
8/28/2025 17:45,-548
8/28/2025 18:00,-978
8/28/2025 18:15,-1143
8/28/2025 18:30,-747
8/28/2025 18:45,-294
8/28/2025 19:00,-84
8/28/2025 19:15,-67
8/28/2025 19:30,-27
8/28/2025 19:45,-3
8/28/2025 20:00,-3
8/28/2025 20:15,-4
8/28/2025 20:30,-3
8/28/2025 20:45,-3
8/28/2025 21:00,-3
8/28/2025 21:15,-2
8/28/2025 21:30,-2
8/28/2025 21:45,-3
8/28/2025 22:00,-3
8/28/2025 22:15,-2
8/28/2025 22:30,-4
8/28/2025 22:45,-2
8/28/2025 23:00,-2
8/28/2025 23:15,-3
8/28/2025 23:30,-3
8/28/2025 23:45,-4
8/29/2025 0:00,-2
8/29/2025 0:15,-3
8/29/2025 0:30,-3
8/29/2025 0:45,-3
8/29/2025 1:00,-4
8/29/2025 1:15,-3
8/29/2025 1:30,-2
8/29/2025 1:45,-3
8/29/2025 2:00,-2
8/29/2025 2:15,-4
8/29/2025 2:30,-4
8/29/2025 2:45,-4
8/29/2025 3:00,-4
8/29/2025 3:15,-3
8/29/2025 3:30,-4
8/29/2025 3:45,-4
8/29/2025 4:00,-2
8/29/2025 4:15,-2
8/29/2025 4:30,-4
8/29/2025 4:45,-2
8/29/2025 5:00,-2
8/29/2025 5:15,-2
8/29/2025 5:30,-4
8/29/2025 5:45,-4
8/29/2025 6:00,-3
8/29/2025 6:15,-4
8/29/2025 6:30,-4
8/29/2025 6:45,-2
8/29/2025 7:00,-11
8/29/2025 7:15,-51
8/29/2025 7:30,-44
8/29/2025 7:45,-53
8/29/2025 8:00,-91
8/29/2025 8:15,-107
8/29/2025 8:30,-188
8/29/2025 8:45,-1511
8/29/2025 9:00,-439
8/29/2025 9:15,-545
8/29/2025 9:30,-365
8/29/2025 9:45,-266
8/29/2025 10:00,-324
8/29/2025 10:15,-535
8/29/2025 10:30,-589
8/29/2025 10:45,-580
8/29/2025 11:00,-957
8/29/2025 11:15,-674
8/29/2025 11:30,-608
8/29/2025 11:45,-1045
8/29/2025 12:00,-1636
8/29/2025 12:15,-886
8/29/2025 12:30,-630
8/29/2025 12:45,-671
8/29/2025 13:00,-820
8/29/2025 13:15,-690
8/29/2025 13:30,-577
8/29/2025 13:45,-682
8/29/2025 14:00,-840
8/29/2025 14:15,-474
8/29/2025 14:30,-548
8/29/2025 14:45,-476
8/29/2025 15:00,-324
8/29/2025 15:15,-1159
8/29/2025 15:30,-1653
8/29/2025 15:45,-1310
8/29/2025 16:00,-1608
8/29/2025 16:15,-843
8/29/2025 16:30,-1549
8/29/2025 16:45,-279
8/29/2025 17:00,-518
8/29/2025 17:15,-367
8/29/2025 17:30,-128
8/29/2025 17:45,-273
8/29/2025 18:00,-290
8/29/2025 18:15,-1232
8/29/2025 18:30,-109
8/29/2025 18:45,-111
8/29/2025 19:00,-49
8/29/2025 19:15,-77
8/29/2025 19:30,-51
8/29/2025 19:45,-7
8/29/2025 20:00,-3
8/29/2025 20:15,-4
8/29/2025 20:30,-2
8/29/2025 20:45,-4
8/29/2025 21:00,-3
8/29/2025 21:15,-3
8/29/2025 21:30,-4
8/29/2025 21:45,-2
8/29/2025 22:00,-2
8/29/2025 22:15,-2
8/29/2025 22:30,-2
8/29/2025 22:45,-2
8/29/2025 23:00,-2
8/29/2025 23:15,-3
8/29/2025 23:30,-2
8/29/2025 23:45,-2
8/30/2025 0:00,-3
8/30/2025 0:15,-2
8/30/2025 0:30,-2
8/30/2025 0:45,-2
8/30/2025 1:00,-3
8/30/2025 1:15,-2
8/30/2025 1:30,-3
8/30/2025 1:45,-3
8/30/2025 2:00,-2
8/30/2025 2:15,-3
8/30/2025 2:30,-3
8/30/2025 2:45,-3
8/30/2025 3:00,-2
8/30/2025 3:15,-3
8/30/2025 3:30,-3
8/30/2025 3:45,-3
8/30/2025 4:00,-3
8/30/2025 4:15,-3
8/30/2025 4:30,-2
8/30/2025 4:45,-3
8/30/2025 5:00,-3
8/30/2025 5:15,-2
8/30/2025 5:30,-3
8/30/2025 5:45,-3
8/30/2025 6:00,-3
8/30/2025 6:15,-2
8/30/2025 6:30,-3
8/30/2025 6:45,-14
8/30/2025 7:00,-74
8/30/2025 7:15,-243
8/30/2025 7:30,-531
8/30/2025 7:45,-862
8/30/2025 8:00,-1129
8/30/2025 8:15,-1400
8/30/2025 8:30,-1566
8/30/2025 8:45,-1595
8/30/2025 9:00,-1599
8/30/2025 9:15,-1592
8/30/2025 9:30,-1582
8/30/2025 9:45,-1584
8/30/2025 10:00,-1599
8/30/2025 10:15,-1615
8/30/2025 10:30,-1627
8/30/2025 10:45,-1598
8/30/2025 11:00,-1577
8/30/2025 11:15,-1593
8/30/2025 11:30,-1588
8/30/2025 11:45,-1600
8/30/2025 12:00,-1596
8/30/2025 12:15,-1581
8/30/2025 12:30,-1574
8/30/2025 12:45,-1473
8/30/2025 13:00,-1639
8/30/2025 13:15,-1627
8/30/2025 13:30,-1631
8/30/2025 13:45,-1649
8/30/2025 14:00,-1644
8/30/2025 14:15,-1088
8/30/2025 14:30,-1645
8/30/2025 14:45,-1663
8/30/2025 15:00,-1663
8/30/2025 15:15,-1662
8/30/2025 15:30,-1485
8/30/2025 15:45,-1657
8/30/2025 16:00,-1511
8/30/2025 16:15,-1584
8/30/2025 16:30,-1660
8/30/2025 16:45,-1492
8/30/2025 17:00,-1613
8/30/2025 17:15,-1657
8/30/2025 17:30,-1620
8/30/2025 17:45,-1572
8/30/2025 18:00,-1372
8/30/2025 18:15,-985
8/30/2025 18:30,-699
8/30/2025 18:45,-437
8/30/2025 19:00,-231
8/30/2025 19:15,-95
8/30/2025 19:30,-27
8/30/2025 19:45,-4
8/30/2025 20:00,-3
8/30/2025 20:15,-3
8/30/2025 20:30,-3
8/30/2025 20:45,-4
8/30/2025 21:00,-4
8/30/2025 21:15,-2
8/30/2025 21:30,-3
8/30/2025 21:45,-4
8/30/2025 22:00,-3
8/30/2025 22:15,-2
8/30/2025 22:30,-4
8/30/2025 22:45,-2
8/30/2025 23:00,-3
8/30/2025 23:15,-3
8/30/2025 23:30,-3
8/30/2025 23:45,-3
8/31/2025 0:00,-3
8/31/2025 0:15,-3
8/31/2025 0:30,-3
8/31/2025 0:45,-3
8/31/2025 1:00,-3
8/31/2025 1:15,-3
8/31/2025 1:30,-3
8/31/2025 1:45,-2
8/31/2025 2:00,-2
8/31/2025 2:15,-3
8/31/2025 2:30,-2
8/31/2025 2:45,-2
8/31/2025 3:00,-2
8/31/2025 3:15,-2
8/31/2025 3:30,-3
8/31/2025 3:45,-2
8/31/2025 4:00,-3
8/31/2025 4:15,-3
8/31/2025 4:30,-2
8/31/2025 4:45,-2
8/31/2025 5:00,-2
8/31/2025 5:15,-3
8/31/2025 5:30,-2
8/31/2025 5:45,-3
8/31/2025 6:00,-2
8/31/2025 6:15,-2
8/31/2025 6:30,-3
8/31/2025 6:45,-9
8/31/2025 7:00,-58
8/31/2025 7:15,-220
8/31/2025 7:30,-510
8/31/2025 7:45,-807
8/31/2025 8:00,-1106
8/31/2025 8:15,-1381
8/31/2025 8:30,-1577
8/31/2025 8:45,-1627
8/31/2025 9:00,-1643
8/31/2025 9:15,-1667
8/31/2025 9:30,-1666
8/31/2025 9:45,-1666
8/31/2025 10:00,-1666
8/31/2025 10:15,-1665
8/31/2025 10:30,-1653
8/31/2025 10:45,-1664
8/31/2025 11:00,-1665
8/31/2025 11:15,-225
8/31/2025 11:30,-1540
8/31/2025 11:45,-1507
8/31/2025 12:00,-1583
8/31/2025 12:15,-1621
8/31/2025 12:30,-1606
8/31/2025 12:45,-1603
8/31/2025 13:00,-1625
8/31/2025 13:15,-1643
8/31/2025 13:30,-1547
8/31/2025 13:45,-1604
8/31/2025 14:00,-1553
8/31/2025 14:15,-1618
8/31/2025 14:30,-1659
8/31/2025 14:45,-1651
8/31/2025 15:00,-1637
8/31/2025 15:15,-1659
8/31/2025 15:30,-1559
8/31/2025 15:45,-1629
8/31/2025 16:00,-1639
8/31/2025 16:15,-1593
8/31/2025 16:30,-1579
8/31/2025 16:45,-1613
8/31/2025 17:00,-1649
8/31/2025 17:15,-1626
8/31/2025 17:30,-1550
8/31/2025 17:45,-1510
8/31/2025 18:00,-1290
8/31/2025 18:15,-909
8/31/2025 18:30,-647
8/31/2025 18:45,-469
8/31/2025 19:00,-229
8/31/2025 19:15,-102
8/31/2025 19:30,-42
8/31/2025 19:45,-4
8/31/2025 20:00,-4
8/31/2025 20:15,-4
8/31/2025 20:30,-4
8/31/2025 20:45,-4
8/31/2025 21:00,-3
8/31/2025 21:15,-3
8/31/2025 21:30,-4
8/31/2025 21:45,-3
8/31/2025 22:00,-3
8/31/2025 22:15,-3
8/31/2025 22:30,-3
8/31/2025 22:45,-3
8/31/2025 23:00,-3
8/31/2025 23:15,-3
8/31/2025 23:30,-3
8/31/2025 23:45,-3
9/1/2025 0:00,-3
9/1/2025 0:15,-2
9/1/2025 0:30,-3
9/1/2025 0:45,-3
9/1/2025 1:00,-3
9/1/2025 1:15,-3
9/1/2025 1:30,-3
9/1/2025 1:45,-3
9/1/2025 2:00,-3
9/1/2025 2:15,-3
9/1/2025 2:30,-3
9/1/2025 2:45,-3
9/1/2025 3:00,-3
9/1/2025 3:15,-3
9/1/2025 3:30,-3
9/1/2025 3:45,-3
9/1/2025 4:00,-3
9/1/2025 4:15,-3
9/1/2025 4:30,-3
9/1/2025 4:45,-3
9/1/2025 5:00,-2
9/1/2025 5:15,-3
9/1/2025 5:30,-3
9/1/2025 5:45,-3
9/1/2025 6:00,-3
9/1/2025 6:15,-3
9/1/2025 6:30,-2
9/1/2025 6:45,-2
9/1/2025 7:00,-26
9/1/2025 7:15,-207
9/1/2025 7:30,-465
9/1/2025 7:45,-767
9/1/2025 8:00,-1041
9/1/2025 8:15,-1355
9/1/2025 8:30,-1560
9/1/2025 8:45,-1632
9/1/2025 9:00,-1667
9/1/2025 9:15,-1667
9/1/2025 9:30,-1665
9/1/2025 9:45,-1665
9/1/2025 10:00,-1665
9/1/2025 10:15,-1666
9/1/2025 10:30,-1663
9/1/2025 10:45,-1665
9/1/2025 11:00,-1630
9/1/2025 11:15,-1663
9/1/2025 11:30,-1633
9/1/2025 11:45,-1622
9/1/2025 12:00,-1645
9/1/2025 12:15,-1645
9/1/2025 12:30,-1658
9/1/2025 12:45,-1573
9/1/2025 13:00,-1584
9/1/2025 13:15,-1588
9/1/2025 13:30,-1537
9/1/2025 13:45,-1649
9/1/2025 14:00,-1174
9/1/2025 14:15,-1139
9/1/2025 14:30,-1558
9/1/2025 14:45,-1332
9/1/2025 15:00,-1579
9/1/2025 15:15,-1604
9/1/2025 15:30,-1575
9/1/2025 15:45,-1632
9/1/2025 16:00,-1648
9/1/2025 16:15,-1656
9/1/2025 16:30,-1660
9/1/2025 16:45,-1662
9/1/2025 17:00,-183
9/1/2025 17:15,-1661
9/1/2025 17:30,-1622
9/1/2025 17:45,-1548
9/1/2025 18:00,-1287
9/1/2025 18:15,-201
9/1/2025 18:30,-172
9/1/2025 18:45,-119
9/1/2025 19:00,-102
9/1/2025 19:15,-37
9/1/2025 19:30,-33
9/1/2025 19:45,-4
9/1/2025 20:00,-3
9/1/2025 20:15,-2
9/1/2025 20:30,-3
9/1/2025 20:45,-3
9/1/2025 21:00,-4
9/1/2025 21:15,-3
9/1/2025 21:30,-3
9/1/2025 21:45,-3
9/1/2025 22:00,-3
9/1/2025 22:15,-3
9/1/2025 22:30,-3
9/1/2025 22:45,-3
9/1/2025 23:00,-4
9/1/2025 23:15,-3
9/1/2025 23:30,-3
9/1/2025 23:45,-3
9/2/2025 0:00,-2
9/2/2025 0:15,-2
9/2/2025 0:30,-3
9/2/2025 0:45,-3
9/2/2025 1:00,-3
9/2/2025 1:15,-2
9/2/2025 1:30,-2
9/2/2025 1:45,-2
9/2/2025 2:00,-3
9/2/2025 2:15,-3
9/2/2025 2:30,-3
9/2/2025 2:45,-2
9/2/2025 3:00,-2
9/2/2025 3:15,-2
9/2/2025 3:30,-3
9/2/2025 3:45,-2
9/2/2025 4:00,-3
9/2/2025 4:15,-3
9/2/2025 4:30,-2
9/2/2025 4:45,-2
9/2/2025 5:00,-2
9/2/2025 5:15,-3
9/2/2025 5:30,-2
9/2/2025 5:45,-3
9/2/2025 6:00,-3
9/2/2025 6:15,-3
9/2/2025 6:30,-3
9/2/2025 6:45,-2
9/2/2025 7:00,-55
9/2/2025 7:15,-205
9/2/2025 7:30,-471
9/2/2025 7:45,-740
9/2/2025 8:00,-1063
9/2/2025 8:15,-1342
9/2/2025 8:30,-1576
9/2/2025 8:45,-1646
9/2/2025 9:00,-1599
9/2/2025 9:15,-1340
9/2/2025 9:30,-1666
9/2/2025 9:45,-1664
9/2/2025 10:00,-1663
9/2/2025 10:15,-1656
9/2/2025 10:30,-1659
9/2/2025 10:45,-1645
9/2/2025 11:00,-1640
9/2/2025 11:15,-1651
9/2/2025 11:30,-1663
9/2/2025 11:45,-1638
9/2/2025 12:00,-1660
9/2/2025 12:15,-1642
9/2/2025 12:30,-1648
9/2/2025 12:45,-1663
9/2/2025 13:00,-1663
9/2/2025 13:15,-1650
9/2/2025 13:30,-1636
9/2/2025 13:45,-1574
9/2/2025 14:00,-1571
9/2/2025 14:15,-453
9/2/2025 14:30,-1579
9/2/2025 14:45,-1574
9/2/2025 15:00,-1639
9/2/2025 15:15,-1542
9/2/2025 15:30,-689
9/2/2025 15:45,-380
9/2/2025 16:00,-292
9/2/2025 16:15,-348
9/2/2025 16:30,-287
9/2/2025 16:45,-321
9/2/2025 17:00,-1141
9/2/2025 17:15,-533
9/2/2025 17:30,-469
9/2/2025 17:45,-410
9/2/2025 18:00,-1174
9/2/2025 18:15,-241
9/2/2025 18:30,-224
9/2/2025 18:45,-161
9/2/2025 19:00,-62
9/2/2025 19:15,-62
9/2/2025 19:30,-9
9/2/2025 19:45,-4
9/2/2025 20:00,-3
9/2/2025 20:15,-4
9/2/2025 20:30,-4
9/2/2025 20:45,-4
9/2/2025 21:00,-3
9/2/2025 21:15,-3
9/2/2025 21:30,-2
9/2/2025 21:45,-3
9/2/2025 22:00,-4
9/2/2025 22:15,-3
9/2/2025 22:30,-3
9/2/2025 22:45,-3
9/2/2025 23:00,-3
9/2/2025 23:15,-3
9/2/2025 23:30,-3
9/2/2025 23:45,-3
9/3/2025 0:00,-4
9/3/2025 0:15,-3
9/3/2025 0:30,-3
9/3/2025 0:45,-3
9/3/2025 1:00,-3
9/3/2025 1:15,-2
9/3/2025 1:30,-2
9/3/2025 1:45,-2
9/3/2025 2:00,-2
9/3/2025 2:15,-2
9/3/2025 2:30,-2
9/3/2025 2:45,-3
9/3/2025 3:00,-3
9/3/2025 3:15,-3
9/3/2025 3:30,-3
9/3/2025 3:45,-2
9/3/2025 4:00,-2
9/3/2025 4:15,-3
9/3/2025 4:30,-3
9/3/2025 4:45,-2
9/3/2025 5:00,-2
9/3/2025 5:15,-2
9/3/2025 5:30,-2
9/3/2025 5:45,-2
9/3/2025 6:00,-3
9/3/2025 6:15,-3
9/3/2025 6:30,-3
9/3/2025 6:45,-3
9/3/2025 7:00,-35
9/3/2025 7:15,-73
9/3/2025 7:30,-119
9/3/2025 7:45,-242
9/3/2025 8:00,-1178
9/3/2025 8:15,-1487
9/3/2025 8:30,-1027
9/3/2025 8:45,-1668
9/3/2025 9:00,-1548
9/3/2025 9:15,-1665
9/3/2025 9:30,-1667
9/3/2025 9:45,-1659
9/3/2025 10:00,-1666
9/3/2025 10:15,-1666
9/3/2025 10:30,-1665
9/3/2025 10:45,-1665
9/3/2025 11:00,-1664
9/3/2025 11:15,-1663
9/3/2025 11:30,-1664
9/3/2025 11:45,-1579
9/3/2025 12:00,-1516
9/3/2025 12:15,-1512
9/3/2025 12:30,-1564
9/3/2025 12:45,-1632
9/3/2025 13:00,-1663
9/3/2025 13:15,-1662
9/3/2025 13:30,-1526
9/3/2025 13:45,-1127
9/3/2025 14:00,-891
9/3/2025 14:15,-501
9/3/2025 14:30,-675
9/3/2025 14:45,-675
9/3/2025 15:00,-637
9/3/2025 15:15,-371
9/3/2025 15:30,-323
9/3/2025 15:45,-332
9/3/2025 16:00,-432
9/3/2025 16:15,-588
9/3/2025 16:30,-661
9/3/2025 16:45,-820
9/3/2025 17:00,-1282
9/3/2025 17:15,-1664
9/3/2025 17:30,-1406
9/3/2025 17:45,-311
9/3/2025 18:00,-298
9/3/2025 18:15,-210
9/3/2025 18:30,-148
9/3/2025 18:45,-114
9/3/2025 19:00,-86
9/3/2025 19:15,-60
9/3/2025 19:30,-14
9/3/2025 19:45,-4
9/3/2025 20:00,-4
9/3/2025 20:15,-2
9/3/2025 20:30,-2
9/3/2025 20:45,-4
9/3/2025 21:00,-3
9/3/2025 21:15,-3
9/3/2025 21:30,-4
9/3/2025 21:45,-3
9/3/2025 22:00,-3
9/3/2025 22:15,-3
9/3/2025 22:30,-3
9/3/2025 22:45,-3
9/3/2025 23:00,-3
9/3/2025 23:15,-3
9/3/2025 23:30,-3
9/3/2025 23:45,-3
9/4/2025 0:00,-3
9/4/2025 0:15,-3
9/4/2025 0:30,-2
9/4/2025 0:45,-4
9/4/2025 1:00,-3
9/4/2025 1:15,-2
9/4/2025 1:30,-3
9/4/2025 1:45,-3
9/4/2025 2:00,-3
9/4/2025 2:15,-3
9/4/2025 2:30,-3
9/4/2025 2:45,-3
9/4/2025 3:00,-3
9/4/2025 3:15,-3
9/4/2025 3:30,-2
9/4/2025 3:45,-3
9/4/2025 4:00,-3
9/4/2025 4:15,-3
9/4/2025 4:30,-3
9/4/2025 4:45,-3
9/4/2025 5:00,-3
9/4/2025 5:15,-2
9/4/2025 5:30,-2
9/4/2025 5:45,-2
9/4/2025 6:00,-3
9/4/2025 6:15,-3
9/4/2025 6:30,-2
9/4/2025 6:45,-3
9/4/2025 7:00,-72
9/4/2025 7:15,-192
9/4/2025 7:30,-399
9/4/2025 7:45,-438
9/4/2025 8:00,-433
9/4/2025 8:15,-341
9/4/2025 8:30,-353
9/4/2025 8:45,-271
9/4/2025 9:00,-252
9/4/2025 9:15,-238
9/4/2025 9:30,-286
9/4/2025 9:45,-389
9/4/2025 10:00,-467
9/4/2025 10:15,-679
9/4/2025 10:30,-690
9/4/2025 10:45,-705
9/4/2025 11:00,-722
9/4/2025 11:15,-790
9/4/2025 11:30,-738
9/4/2025 11:45,-767
9/4/2025 12:00,-1100
9/4/2025 12:15,-869
9/4/2025 12:30,-990
9/4/2025 12:45,-996
9/4/2025 13:00,-1039
9/4/2025 13:15,-949
9/4/2025 13:30,-1130
9/4/2025 13:45,-1188
9/4/2025 14:00,-1118
9/4/2025 14:15,-1646
9/4/2025 14:30,-1361
9/4/2025 14:45,-1662
9/4/2025 15:00,-1650
9/4/2025 15:15,-691
9/4/2025 15:30,-1326
9/4/2025 15:45,-692
9/4/2025 16:00,-763
9/4/2025 16:15,-1118
9/4/2025 16:30,-551
9/4/2025 16:45,-642
9/4/2025 17:00,-1376
9/4/2025 17:15,-433
9/4/2025 17:30,-1628
9/4/2025 17:45,-1286
9/4/2025 18:00,-360
9/4/2025 18:15,-181
9/4/2025 18:30,-119
9/4/2025 18:45,-62
9/4/2025 19:00,-37
9/4/2025 19:15,-21
9/4/2025 19:30,-4
9/4/2025 19:45,-3
9/4/2025 20:00,-3
9/4/2025 20:15,-3
9/4/2025 20:30,-3
9/4/2025 20:45,-3
9/4/2025 21:00,-3
9/4/2025 21:15,-3
9/4/2025 21:30,-3
9/4/2025 21:45,-4
9/4/2025 22:00,-3
9/4/2025 22:15,-2
9/4/2025 22:30,-4
9/4/2025 22:45,-3
9/4/2025 23:00,-2
9/4/2025 23:15,-4
9/4/2025 23:30,-3
9/4/2025 23:45,-3
9/5/2025 0:00,-3
9/5/2025 0:15,-3
9/5/2025 0:30,-2
9/5/2025 0:45,-2
9/5/2025 1:00,-3
9/5/2025 1:15,-3
9/5/2025 1:30,-2
9/5/2025 1:45,-3
9/5/2025 2:00,-3
9/5/2025 2:15,-3
9/5/2025 2:30,-2
9/5/2025 2:45,-3
9/5/2025 3:00,-3
9/5/2025 3:15,-2
9/5/2025 3:30,-3
9/5/2025 3:45,-3
9/5/2025 4:00,-3
9/5/2025 4:15,-2
9/5/2025 4:30,-3
9/5/2025 4:45,-3
9/5/2025 5:00,-3
9/5/2025 5:15,-3
9/5/2025 5:30,-3
9/5/2025 5:45,-3
9/5/2025 6:00,-3
9/5/2025 6:15,-3
9/5/2025 6:30,-3
9/5/2025 6:45,-2
9/5/2025 7:00,-3
9/5/2025 7:15,-27
9/5/2025 7:30,-29
9/5/2025 7:45,-43
9/5/2025 8:00,-95
9/5/2025 8:15,-134
9/5/2025 8:30,-216
9/5/2025 8:45,-272
9/5/2025 9:00,-322
9/5/2025 9:15,-379
9/5/2025 9:30,-1015
9/5/2025 9:45,-953
9/5/2025 10:00,-680
9/5/2025 10:15,-802
9/5/2025 10:30,-839
9/5/2025 10:45,-1651
9/5/2025 11:00,-1398
9/5/2025 11:15,-1666
9/5/2025 11:30,-1351
9/5/2025 11:45,-1464
9/5/2025 12:00,-1538
9/5/2025 12:15,-1437
9/5/2025 12:30,-1666
9/5/2025 12:45,-1665
9/5/2025 13:00,-1664
9/5/2025 13:15,-1664
9/5/2025 13:30,-1612
9/5/2025 13:45,-1663
9/5/2025 14:00,-1657
9/5/2025 14:15,-608
9/5/2025 14:30,-173
9/5/2025 14:45,-292
9/5/2025 15:00,-326
9/5/2025 15:15,-398
9/5/2025 15:30,-755
9/5/2025 15:45,-609
9/5/2025 16:00,-490
9/5/2025 16:15,-493
9/5/2025 16:30,-447
9/5/2025 16:45,-174
9/5/2025 17:00,-136
9/5/2025 17:15,-109
9/5/2025 17:30,-171
9/5/2025 17:45,-186
9/5/2025 18:00,-185
9/5/2025 18:15,-154
9/5/2025 18:30,-96
9/5/2025 18:45,-78
9/5/2025 19:00,-57
9/5/2025 19:15,-28
9/5/2025 19:30,-3
9/5/2025 19:45,-4
9/5/2025 20:00,-3
9/5/2025 20:15,-3
9/5/2025 20:30,-3
9/5/2025 20:45,-3
9/5/2025 21:00,-2
9/5/2025 21:15,-3
9/5/2025 21:30,-3
9/5/2025 21:45,-3
9/5/2025 22:00,-3
9/5/2025 22:15,-3
9/5/2025 22:30,-3
9/5/2025 22:45,-3
9/5/2025 23:00,-3
9/5/2025 23:15,-3
9/5/2025 23:30,-3
9/5/2025 23:45,-3
9/6/2025 0:00,-2
9/6/2025 0:15,-3
9/6/2025 0:30,-3
9/6/2025 0:45,-3
9/6/2025 1:00,-3
9/6/2025 1:15,-2
9/6/2025 1:30,-3
9/6/2025 1:45,-2
9/6/2025 2:00,-2
9/6/2025 2:15,-2
9/6/2025 2:30,-3
9/6/2025 2:45,-2
9/6/2025 3:00,-3
9/6/2025 3:15,-2
9/6/2025 3:30,-3
9/6/2025 3:45,-3
9/6/2025 4:00,-3
9/6/2025 4:15,-2
9/6/2025 4:30,-3
9/6/2025 4:45,-2
9/6/2025 5:00,-2
9/6/2025 5:15,-2
9/6/2025 5:30,-2
9/6/2025 5:45,-2
9/6/2025 6:00,-3
9/6/2025 6:15,-3
9/6/2025 6:30,-2
9/6/2025 6:45,-2
9/6/2025 7:00,-28
9/6/2025 7:15,-155
9/6/2025 7:30,-403
9/6/2025 7:45,-717
9/6/2025 8:00,-1000
9/6/2025 8:15,-1274
9/6/2025 8:30,-1521
9/6/2025 8:45,-1603
9/6/2025 9:00,-1649
9/6/2025 9:15,-1667
9/6/2025 9:30,-1667
9/6/2025 9:45,-1666
9/6/2025 10:00,-1666
9/6/2025 10:15,-1654
9/6/2025 10:30,-1556
9/6/2025 10:45,-1663
9/6/2025 11:00,-1590
9/6/2025 11:15,-1427
9/6/2025 11:30,-1450
9/6/2025 11:45,-1539
9/6/2025 12:00,-1441
9/6/2025 12:15,-1409
9/6/2025 12:30,-1400
9/6/2025 12:45,-1522
9/6/2025 13:00,-1605
9/6/2025 13:15,-1545
9/6/2025 13:30,-1616
9/6/2025 13:45,-1651
9/6/2025 14:00,-1122
9/6/2025 14:15,-1540
9/6/2025 14:30,-1273
9/6/2025 14:45,-859
9/6/2025 15:00,-1657
9/6/2025 15:15,-1651
9/6/2025 15:30,-569
9/6/2025 15:45,-766
9/6/2025 16:00,-1641
9/6/2025 16:15,-715
9/6/2025 16:30,-1658
9/6/2025 16:45,-1664
9/6/2025 17:00,-526
9/6/2025 17:15,-691
9/6/2025 17:30,-352
9/6/2025 17:45,-990
9/6/2025 18:00,-190
9/6/2025 18:15,-121
9/6/2025 18:30,-59
9/6/2025 18:45,-19
9/6/2025 19:00,-22
9/6/2025 19:15,-30
9/6/2025 19:30,-3
9/6/2025 19:45,-3
9/6/2025 20:00,-2
9/6/2025 20:15,-3
9/6/2025 20:30,-3
9/6/2025 20:45,-3
9/6/2025 21:00,-4
9/6/2025 21:15,-2
9/6/2025 21:30,-2
9/6/2025 21:45,-2
9/6/2025 22:00,-3
9/6/2025 22:15,-3
9/6/2025 22:30,-3
9/6/2025 22:45,-2
9/6/2025 23:00,-2
9/6/2025 23:15,-3
9/6/2025 23:30,-3
9/6/2025 23:45,-2
9/7/2025 0:00,-2
9/7/2025 0:15,-2
9/7/2025 0:30,-2
9/7/2025 0:45,-2
9/7/2025 1:00,-2
9/7/2025 1:15,-3
9/7/2025 1:30,-3
9/7/2025 1:45,-2
9/7/2025 2:00,-3
9/7/2025 2:15,-2
9/7/2025 2:30,-2
9/7/2025 2:45,-2
9/7/2025 3:00,-2
9/7/2025 3:15,-2
9/7/2025 3:30,-2
9/7/2025 3:45,-2
9/7/2025 4:00,-2
9/7/2025 4:15,-3
9/7/2025 4:30,-3
9/7/2025 4:45,-3
9/7/2025 5:00,-2
9/7/2025 5:15,-3
9/7/2025 5:30,-2
9/7/2025 5:45,-2
9/7/2025 6:00,-3
9/7/2025 6:15,-3
9/7/2025 6:30,-2
9/7/2025 6:45,-3
9/7/2025 7:00,-25
9/7/2025 7:15,-154
9/7/2025 7:30,-398
9/7/2025 7:45,-716
9/7/2025 8:00,-1025
9/7/2025 8:15,-1316
9/7/2025 8:30,-1562
9/7/2025 8:45,-1649
9/7/2025 9:00,-1667
9/7/2025 9:15,-1668
9/7/2025 9:30,-1667
9/7/2025 9:45,-1667
9/7/2025 10:00,-1666
9/7/2025 10:15,-1617
9/7/2025 10:30,-1667
9/7/2025 10:45,-1665
9/7/2025 11:00,-1622
9/7/2025 11:15,-1565
9/7/2025 11:30,-1448
9/7/2025 11:45,-1530
9/7/2025 12:00,-1501
9/7/2025 12:15,-1552
9/7/2025 12:30,-716
9/7/2025 12:45,-694
9/7/2025 13:00,-662
9/7/2025 13:15,-606
9/7/2025 13:30,-467
9/7/2025 13:45,-1096
9/7/2025 14:00,-1660
9/7/2025 14:15,-1609
9/7/2025 14:30,-1623
9/7/2025 14:45,-1623
9/7/2025 15:00,-1661
9/7/2025 15:15,-1660
9/7/2025 15:30,-1639
9/7/2025 15:45,-1664
9/7/2025 16:00,-1656
9/7/2025 16:15,-1563
9/7/2025 16:30,-1662
9/7/2025 16:45,-1633
9/7/2025 17:00,-1509
9/7/2025 17:15,-1568
9/7/2025 17:30,-1553
9/7/2025 17:45,-1458
9/7/2025 18:00,-1083
9/7/2025 18:15,-743
9/7/2025 18:30,-453
9/7/2025 18:45,-273
9/7/2025 19:00,-121
9/7/2025 19:15,-32
9/7/2025 19:30,-5
9/7/2025 19:45,-4
9/7/2025 20:00,-2
9/7/2025 20:15,-3
9/7/2025 20:30,-4
9/7/2025 20:45,-4
9/7/2025 21:00,-2
9/7/2025 21:15,-3
9/7/2025 21:30,-3
9/7/2025 21:45,-3
9/7/2025 22:00,-4
9/7/2025 22:15,-3
9/7/2025 22:30,-3
9/7/2025 22:45,-3
9/7/2025 23:00,-3
9/7/2025 23:15,-3
9/7/2025 23:30,-3
9/7/2025 23:45,-3
9/8/2025 0:00,-3
9/8/2025 0:15,-3
9/8/2025 0:30,-2
9/8/2025 0:45,-2
9/8/2025 1:00,-2
9/8/2025 1:15,-2
9/8/2025 1:30,-2
9/8/2025 1:45,-2
9/8/2025 2:00,-2
9/8/2025 2:15,-2
9/8/2025 2:30,-3
9/8/2025 2:45,-3
9/8/2025 3:00,-2
9/8/2025 3:15,-2
9/8/2025 3:30,-3
9/8/2025 3:45,-3
9/8/2025 4:00,-3
9/8/2025 4:15,-2
9/8/2025 4:30,-2
9/8/2025 4:45,-2
9/8/2025 5:00,-2
9/8/2025 5:15,-2
9/8/2025 5:30,-3
9/8/2025 5:45,-3
9/8/2025 6:00,-3
9/8/2025 6:15,-3
9/8/2025 6:30,-3
9/8/2025 6:45,-4
9/8/2025 7:00,-33
9/8/2025 7:15,-170
9/8/2025 7:30,-355
9/8/2025 7:45,-534
9/8/2025 8:00,-823
9/8/2025 8:15,-1032
9/8/2025 8:30,-1474
9/8/2025 8:45,-1524
9/8/2025 9:00,-1527
9/8/2025 9:15,-1510
9/8/2025 9:30,-1609
9/8/2025 9:45,-1586
9/8/2025 10:00,-1556
9/8/2025 10:15,-1662
9/8/2025 10:30,-1649
9/8/2025 10:45,-1649
9/8/2025 11:00,-1667
9/8/2025 11:15,-1665
9/8/2025 11:30,-1665
9/8/2025 11:45,-1662
9/8/2025 12:00,-1663
9/8/2025 12:15,-1575
9/8/2025 12:30,-1453
9/8/2025 12:45,-1516
9/8/2025 13:00,-1587
9/8/2025 13:15,-1647
9/8/2025 13:30,-1514
9/8/2025 13:45,-1514
9/8/2025 14:00,-749
9/8/2025 14:15,-1653
9/8/2025 14:30,-1135
9/8/2025 14:45,-472
9/8/2025 15:00,-929
9/8/2025 15:15,-1561
9/8/2025 15:30,-1556
9/8/2025 15:45,-1663
9/8/2025 16:00,-1662
9/8/2025 16:15,-1662
9/8/2025 16:30,-1662
9/8/2025 16:45,-1663
9/8/2025 17:00,-1660
9/8/2025 17:15,-1651
9/8/2025 17:30,-1604
9/8/2025 17:45,-1455
9/8/2025 18:00,-1090
9/8/2025 18:15,-696
9/8/2025 18:30,-446
9/8/2025 18:45,-255
9/8/2025 19:00,-101
9/8/2025 19:15,-26
9/8/2025 19:30,-4
9/8/2025 19:45,-4
9/8/2025 20:00,-4
9/8/2025 20:15,-2
9/8/2025 20:30,-3
9/8/2025 20:45,-3
9/8/2025 21:00,-2
9/8/2025 21:15,-4
9/8/2025 21:30,-3
9/8/2025 21:45,-3
9/8/2025 22:00,-3
9/8/2025 22:15,-4
9/8/2025 22:30,-3
9/8/2025 22:45,-3
9/8/2025 23:00,-3
9/8/2025 23:15,-3
9/8/2025 23:30,-3
9/8/2025 23:45,-2
9/9/2025 0:00,-3
9/9/2025 0:15,-3
9/9/2025 0:30,-2
9/9/2025 0:45,-2
9/9/2025 1:00,-3
9/9/2025 1:15,-3
9/9/2025 1:30,-3
9/9/2025 1:45,-3
9/9/2025 2:00,-3
9/9/2025 2:15,-2
9/9/2025 2:30,-3
9/9/2025 2:45,-2
9/9/2025 3:00,-2
9/9/2025 3:15,-2
9/9/2025 3:30,-2
9/9/2025 3:45,-2
9/9/2025 4:00,-2
9/9/2025 4:15,-2
9/9/2025 4:30,-2
9/9/2025 4:45,-3
9/9/2025 5:00,-2
9/9/2025 5:15,-2
9/9/2025 5:30,-2
9/9/2025 5:45,-2
9/9/2025 6:00,-3
9/9/2025 6:15,-3
9/9/2025 6:30,-3
9/9/2025 6:45,-5
9/9/2025 7:00,-59
9/9/2025 7:15,-157
9/9/2025 7:30,-50
9/9/2025 7:45,-734
9/9/2025 8:00,-1059
9/9/2025 8:15,-1332
9/9/2025 8:30,-1607
9/9/2025 8:45,-1668
9/9/2025 9:00,-1662
9/9/2025 9:15,-1665
9/9/2025 9:30,-668
9/9/2025 9:45,-1613
9/9/2025 10:00,-1578
9/9/2025 10:15,-1667
9/9/2025 10:30,-1665
9/9/2025 10:45,-1666
9/9/2025 11:00,-1666
9/9/2025 11:15,-1664
9/9/2025 11:30,-1662
9/9/2025 11:45,-1664
9/9/2025 12:00,-1664
9/9/2025 12:15,-1654
9/9/2025 12:30,-1663
9/9/2025 12:45,-1663
9/9/2025 13:00,-1662
9/9/2025 13:15,-1663
9/9/2025 13:30,-1121
9/9/2025 13:45,-334
9/9/2025 14:00,-1663
9/9/2025 14:15,-311
9/9/2025 14:30,-1662
9/9/2025 14:45,-316
9/9/2025 15:00,-856
9/9/2025 15:15,-1161
9/9/2025 15:30,-394
9/9/2025 15:45,-1546
9/9/2025 16:00,-1663
9/9/2025 16:15,-200
9/9/2025 16:30,-744
9/9/2025 16:45,-1544
9/9/2025 17:00,-1602
9/9/2025 17:15,-207
9/9/2025 17:30,-1598
9/9/2025 17:45,-1453
9/9/2025 18:00,-1038
9/9/2025 18:15,-143
9/9/2025 18:30,-422
9/9/2025 18:45,-68
9/9/2025 19:00,-95
9/9/2025 19:15,-18
9/9/2025 19:30,-4
9/9/2025 19:45,-4
9/9/2025 20:00,-4
9/9/2025 20:15,-3
9/9/2025 20:30,-3
9/9/2025 20:45,-4
9/9/2025 21:00,-3
9/9/2025 21:15,-3
9/9/2025 21:30,-4
9/9/2025 21:45,-3
9/9/2025 22:00,-3
9/9/2025 22:15,-3
9/9/2025 22:30,-3
9/9/2025 22:45,-3
9/9/2025 23:00,-3
9/9/2025 23:15,-3
9/9/2025 23:30,-3
9/9/2025 23:45,-3
9/10/2025 0:00,-3
9/10/2025 0:15,-3
9/10/2025 0:30,-3
9/10/2025 0:45,-3
9/10/2025 1:00,-3
9/10/2025 1:15,-3
9/10/2025 1:30,-2
9/10/2025 1:45,-3
9/10/2025 2:00,-3
9/10/2025 2:15,-3
9/10/2025 2:30,-3
9/10/2025 2:45,-3
9/10/2025 3:00,-3
9/10/2025 3:15,-3
9/10/2025 3:30,-3
9/10/2025 3:45,-3
9/10/2025 4:00,-3
9/10/2025 4:15,-3
9/10/2025 4:30,-3
9/10/2025 4:45,-3
9/10/2025 5:00,-2
9/10/2025 5:15,-3
9/10/2025 5:30,-2
9/10/2025 5:45,-2
9/10/2025 6:00,-2
9/10/2025 6:15,-2
9/10/2025 6:30,-2
9/10/2025 6:45,-2
9/10/2025 7:00,-6
9/10/2025 7:15,-44
9/10/2025 7:30,-102
9/10/2025 7:45,-403
9/10/2025 8:00,-1090
9/10/2025 8:15,-1402
9/10/2025 8:30,-1238
9/10/2025 8:45,-1639
9/10/2025 9:00,-1601
9/10/2025 9:15,-1586
9/10/2025 9:30,-1608
9/10/2025 9:45,-1653
9/10/2025 10:00,-1619
9/10/2025 10:15,-1643
9/10/2025 10:30,-1621
9/10/2025 10:45,-1641
9/10/2025 11:00,-470
9/10/2025 11:15,-1409
9/10/2025 11:30,-1626
9/10/2025 11:45,-1344
9/10/2025 12:00,-609
9/10/2025 12:15,-1395
9/10/2025 12:30,-874
9/10/2025 12:45,-1664
9/10/2025 13:00,-1664
9/10/2025 13:15,-1638
9/10/2025 13:30,-1656
9/10/2025 13:45,-1642
9/10/2025 14:00,-1583
9/10/2025 14:15,-1417
9/10/2025 14:30,-1663
9/10/2025 14:45,-282
9/10/2025 15:00,0
9/10/2025 15:15,-581
9/10/2025 15:30,-277
9/10/2025 15:45,-860
9/10/2025 16:00,-181
9/10/2025 16:15,-363
9/10/2025 16:30,-378
9/10/2025 16:45,-1648
9/10/2025 17:00,-1652
9/10/2025 17:15,-208
9/10/2025 17:30,-96
9/10/2025 17:45,-1407
9/10/2025 18:00,-236
9/10/2025 18:15,-282
9/10/2025 18:30,-524
9/10/2025 18:45,-317
9/10/2025 19:00,-60
9/10/2025 19:15,-17
9/10/2025 19:30,-2
9/10/2025 19:45,-4
9/10/2025 20:00,-3
9/10/2025 20:15,-2
9/10/2025 20:30,-3
9/10/2025 20:45,-2
9/10/2025 21:00,-2
9/10/2025 21:15,-1
9/10/2025 21:30,-3
9/10/2025 21:45,-3
9/10/2025 22:00,-3
9/10/2025 22:15,-3
9/10/2025 22:30,-3
9/10/2025 22:45,-3
9/10/2025 23:00,-3
9/10/2025 23:15,-3
9/10/2025 23:30,-2
9/10/2025 23:45,-3
9/11/2025 0:00,-2
9/11/2025 0:15,-3
9/11/2025 0:30,-2
9/11/2025 0:45,-3
9/11/2025 1:00,-2
9/11/2025 1:15,-3
9/11/2025 1:30,-2
9/11/2025 1:45,-3
9/11/2025 2:00,-3
9/11/2025 2:15,-3
9/11/2025 2:30,-2
9/11/2025 2:45,-3
9/11/2025 3:00,-3
9/11/2025 3:15,-3
9/11/2025 3:30,-3
9/11/2025 3:45,-2
9/11/2025 4:00,-2
9/11/2025 4:15,-2
9/11/2025 4:30,-4
9/11/2025 4:45,-3
9/11/2025 5:00,-2
9/11/2025 5:15,-2
9/11/2025 5:30,-2
9/11/2025 5:45,-2
9/11/2025 6:00,-2
9/11/2025 6:15,-2
9/11/2025 6:30,-2
9/11/2025 6:45,-3
9/11/2025 7:00,-8
9/11/2025 7:15,-19
9/11/2025 7:30,-358
9/11/2025 7:45,-666
9/11/2025 8:00,-959
9/11/2025 8:15,-1244
9/11/2025 8:30,-1529
9/11/2025 8:45,-1619
9/11/2025 9:00,-1666
9/11/2025 9:30,-408
9/11/2025 9:45,-1305
9/11/2025 10:00,-1394
9/11/2025 10:15,-453
9/11/2025 10:30,-447
9/11/2025 10:45,-1664
9/11/2025 11:00,-1221
9/11/2025 11:15,-1627
9/11/2025 11:30,-1463
9/11/2025 11:45,-1592
9/11/2025 12:00,-1651
9/11/2025 12:15,-1662
9/11/2025 12:30,-1136
9/11/2025 12:45,-1542
9/11/2025 13:00,-373
9/11/2025 13:15,-174
9/11/2025 13:30,-756
9/11/2025 13:45,-1636
9/11/2025 14:00,-1555
9/11/2025 14:15,-1598
9/11/2025 14:30,-1557
9/11/2025 14:45,-1514
9/11/2025 15:00,-425
9/11/2025 15:15,-295
9/11/2025 15:30,-226
9/11/2025 15:45,-902
9/11/2025 16:00,-819
9/11/2025 16:15,-308
9/11/2025 16:30,-185
9/11/2025 16:45,-173
9/11/2025 17:00,-1644
9/11/2025 17:15,-150
9/11/2025 17:30,-66
9/11/2025 17:45,-17
9/11/2025 18:00,-4
9/11/2025 18:15,-5
9/11/2025 18:30,-30
9/11/2025 18:45,-64
9/11/2025 19:00,-102
9/11/2025 19:15,-16
9/11/2025 19:30,-3
9/11/2025 19:45,-3
9/11/2025 20:00,-3
9/11/2025 20:15,-2
9/11/2025 20:30,-2
9/11/2025 20:45,-2
9/11/2025 21:00,-2
9/11/2025 21:15,-2
9/11/2025 21:30,-2
9/11/2025 21:45,-3
9/11/2025 22:00,-3
9/11/2025 22:15,-2
9/11/2025 22:30,-2
9/11/2025 22:45,-2
9/11/2025 23:00,-3
9/11/2025 23:15,-2
9/11/2025 23:30,-2
9/11/2025 23:45,-3
9/12/2025 0:00,-3
9/12/2025 0:15,-2
9/12/2025 0:30,-3
9/12/2025 0:45,-3
9/12/2025 1:00,-3
9/12/2025 1:15,-3
9/12/2025 1:30,-2
9/12/2025 1:45,-3
9/12/2025 2:00,-2
9/12/2025 2:15,-3
9/12/2025 2:30,-3
9/12/2025 2:45,-3
9/12/2025 3:00,-2
9/12/2025 3:15,-2
9/12/2025 3:30,-2
9/12/2025 3:45,-4
9/12/2025 4:00,-2
9/12/2025 4:15,-3
9/12/2025 4:30,-2
9/12/2025 4:45,-4
9/12/2025 5:00,-2
9/12/2025 5:15,-2
9/12/2025 5:30,-2
9/12/2025 5:45,-2
9/12/2025 6:00,-3
9/12/2025 6:15,-2
9/12/2025 6:30,-3
9/12/2025 6:45,-2
9/12/2025 7:00,-1
9/12/2025 7:15,-4
9/12/2025 7:30,-24
9/12/2025 7:45,-114
9/12/2025 8:00,-121
9/12/2025 8:15,-384
9/12/2025 8:30,-319
9/12/2025 8:45,-501
9/12/2025 9:00,-1078
9/12/2025 9:15,-821
9/12/2025 9:30,-486
9/12/2025 9:45,-842
9/12/2025 10:00,-587
9/12/2025 10:15,-709
9/12/2025 10:30,-453
9/12/2025 10:45,-569
9/12/2025 11:00,-641
9/12/2025 11:15,-372
9/12/2025 11:30,-208
9/12/2025 11:45,-111
9/12/2025 12:00,-88
9/12/2025 12:15,-262
9/12/2025 12:30,-1457
9/12/2025 12:45,-673
9/12/2025 13:00,-654
9/12/2025 13:15,-538
9/12/2025 13:30,-291
9/12/2025 13:45,-297
9/12/2025 14:00,-1594
9/12/2025 14:15,-1256
9/12/2025 14:30,-1466
9/12/2025 14:45,-1263
9/12/2025 15:00,-720
9/12/2025 15:15,-483
9/12/2025 15:30,-1291
9/12/2025 15:45,-807
9/12/2025 16:00,-112
9/12/2025 16:15,-61
9/12/2025 16:30,-33
9/12/2025 16:45,-15
9/12/2025 17:00,-15
9/12/2025 17:15,-2
9/12/2025 17:30,-12
9/12/2025 17:45,-73
9/12/2025 18:00,-19
9/12/2025 18:15,-26
9/12/2025 18:30,-23
9/12/2025 18:45,-66
9/12/2025 19:00,-50
9/12/2025 19:15,-18
9/12/2025 19:30,-3
9/12/2025 19:45,-2
9/12/2025 20:00,-3
9/12/2025 20:15,-2
9/12/2025 20:30,-2
9/12/2025 20:45,-3
9/12/2025 21:00,-4
9/12/2025 21:15,-4
9/12/2025 21:30,-3
9/12/2025 21:45,-2
9/12/2025 22:00,-2
9/12/2025 22:15,-2
9/12/2025 22:30,-2
9/12/2025 22:45,-3
9/12/2025 23:00,-3
9/12/2025 23:15,-3
9/12/2025 23:30,-3
9/12/2025 23:45,-2
9/13/2025 0:00,-3
9/13/2025 0:15,-2
9/13/2025 0:30,-2
9/13/2025 0:45,-4
9/13/2025 1:00,-2
9/13/2025 1:15,-2
9/13/2025 1:30,-2
9/13/2025 1:45,-2
9/13/2025 2:00,-4
9/13/2025 2:15,-2
9/13/2025 2:30,-3
9/13/2025 2:45,-3
9/13/2025 3:00,-2
9/13/2025 3:15,-2
9/13/2025 3:30,-3
9/13/2025 3:45,-2
9/13/2025 4:00,-3
9/13/2025 4:15,-2
9/13/2025 4:30,-3
9/13/2025 4:45,-4
9/13/2025 5:00,-3
9/13/2025 5:15,-3
9/13/2025 5:30,-2
9/13/2025 5:45,-3
9/13/2025 6:00,-2
9/13/2025 6:15,-3
9/13/2025 6:30,-3
9/13/2025 6:45,-2
9/13/2025 7:00,-2
9/13/2025 7:15,-3
9/13/2025 7:30,-4
9/13/2025 7:45,-44
9/13/2025 8:00,-1010
9/13/2025 8:15,-360
9/13/2025 8:30,-208
9/13/2025 8:45,-434
9/13/2025 9:00,-695
9/13/2025 9:15,-703
9/13/2025 9:30,-532
9/13/2025 9:45,-1042
9/13/2025 10:00,-1264
9/13/2025 10:15,-1575
9/13/2025 10:30,-1509
9/13/2025 10:45,-281
9/13/2025 11:00,-1180
9/13/2025 11:15,-1455
9/13/2025 11:30,-327
9/13/2025 11:45,-910
9/13/2025 12:00,-561
9/13/2025 12:15,-1532
9/13/2025 12:30,-1284
9/13/2025 12:45,-1463
9/13/2025 13:00,-1257
9/13/2025 13:15,-641
9/13/2025 13:30,-506
9/13/2025 13:45,-1653
9/13/2025 14:00,-295
9/13/2025 14:15,-77
9/13/2025 14:30,-17
9/13/2025 14:45,-61
9/13/2025 15:00,-1448
9/13/2025 15:15,-1112
9/13/2025 15:30,-1216
9/13/2025 15:45,-1237
9/13/2025 16:00,-1332
9/13/2025 16:15,-1290
9/13/2025 16:30,-1374
9/13/2025 16:45,-1664
9/13/2025 17:00,-1409
9/13/2025 17:15,-156
9/13/2025 17:30,-194
9/13/2025 17:45,-199
9/13/2025 18:00,-56
9/13/2025 18:15,-34
9/13/2025 18:30,-15
9/13/2025 18:45,-109
9/13/2025 19:00,-67
9/13/2025 19:15,-12
9/13/2025 19:30,-2
9/13/2025 19:45,-2
9/13/2025 20:00,-2
9/13/2025 20:15,-2
9/13/2025 20:30,-2
9/13/2025 20:45,-2
9/13/2025 21:00,-2
9/13/2025 21:15,-3
9/13/2025 21:30,-3
9/13/2025 21:45,-3
9/13/2025 22:00,-2
9/13/2025 22:15,-3
9/13/2025 22:30,-1
9/13/2025 22:45,-1
9/13/2025 23:00,-2
9/13/2025 23:15,-3
9/13/2025 23:30,-2
9/13/2025 23:45,-3
9/14/2025 0:00,-3
9/14/2025 0:15,-2
9/14/2025 0:30,-2
9/14/2025 0:45,-3
9/14/2025 1:00,-2
9/14/2025 1:15,-2
9/14/2025 1:30,-2
9/14/2025 1:45,-2
9/14/2025 2:00,-2
9/14/2025 2:15,-3
9/14/2025 2:30,-2
9/14/2025 2:45,-2
9/14/2025 3:00,-2
9/14/2025 3:15,-2
9/14/2025 3:30,-2
9/14/2025 3:45,-3
9/14/2025 4:00,-2
9/14/2025 4:15,-3
9/14/2025 4:30,-1
9/14/2025 4:45,-2
9/14/2025 5:00,-2
9/14/2025 5:15,-2
9/14/2025 5:30,-2
9/14/2025 5:45,-2
9/14/2025 6:00,-2
9/14/2025 6:15,-3
9/14/2025 6:30,-3
9/14/2025 6:45,-3
9/14/2025 7:00,-19
9/14/2025 7:15,-111
9/14/2025 7:30,-348
9/14/2025 7:45,-669
9/14/2025 8:00,-1003
9/14/2025 8:15,-1312
9/14/2025 8:30,-1546
9/14/2025 8:45,-1594
9/14/2025 9:00,-1629
9/14/2025 9:15,-1639
9/14/2025 9:30,-1595
9/14/2025 9:45,-1618
9/14/2025 10:00,-1486
9/14/2025 10:15,-1476
9/14/2025 10:30,-1398
9/14/2025 10:45,-1391
9/14/2025 11:00,-1234
9/14/2025 11:15,-1265
9/14/2025 11:30,-1225
9/14/2025 11:45,-1291
9/14/2025 12:00,-1340
9/14/2025 12:15,-1363
9/14/2025 12:30,-1370
9/14/2025 12:45,-1372
9/14/2025 13:00,-1342
9/14/2025 13:15,-1332
9/14/2025 13:30,-1593
9/14/2025 13:45,-1428
9/14/2025 14:00,-1663
9/14/2025 14:15,-1308
9/14/2025 14:30,-1510
9/14/2025 14:45,-1445
9/14/2025 15:00,-1334
9/14/2025 15:15,-1141
9/14/2025 15:30,-1558
9/14/2025 15:45,-1407
9/14/2025 16:00,-1337
9/14/2025 16:15,-1406
9/14/2025 16:30,-1479
9/14/2025 16:45,-1359
9/14/2025 17:00,-1560
9/14/2025 17:15,-1575
9/14/2025 17:30,-1542
9/14/2025 17:45,-1281
9/14/2025 18:00,-852
9/14/2025 18:15,-557
9/14/2025 18:30,-334
9/14/2025 18:45,-166
9/14/2025 19:00,-51
9/14/2025 19:15,-15
9/14/2025 19:30,-2
9/14/2025 19:45,-2
9/14/2025 20:00,-4
9/14/2025 20:15,-3
9/14/2025 20:30,-3
9/14/2025 20:45,-3
9/14/2025 21:00,-3
9/14/2025 21:15,-3
9/14/2025 21:30,-3
9/14/2025 21:45,-3
9/14/2025 22:00,-3
9/14/2025 22:15,-3
9/14/2025 22:30,-3
9/14/2025 22:45,-2
9/14/2025 23:00,-2
9/14/2025 23:15,-2
9/14/2025 23:30,-3
9/14/2025 23:45,-2
9/15/2025 0:00,-2
9/15/2025 0:15,-3
9/15/2025 0:30,-2
9/15/2025 0:45,-2
9/15/2025 1:00,-3
9/15/2025 1:15,-3
9/15/2025 1:30,-2
9/15/2025 1:45,-2
9/15/2025 2:00,-3
9/15/2025 2:15,-3
9/15/2025 2:30,-2
9/15/2025 2:45,-2
9/15/2025 3:00,-3
9/15/2025 3:15,-2
9/15/2025 3:30,-3
9/15/2025 3:45,-2
9/15/2025 4:00,-3
9/15/2025 4:15,-3
9/15/2025 4:30,-3
9/15/2025 4:45,-2
9/15/2025 5:00,-2
9/15/2025 5:15,-2
9/15/2025 5:30,-2
9/15/2025 5:45,-3
9/15/2025 6:00,-2
9/15/2025 6:15,-2
9/15/2025 6:30,-2
9/15/2025 6:45,-2
9/15/2025 7:00,-20
9/15/2025 7:15,-103
9/15/2025 7:30,-332
9/15/2025 7:45,-641
9/15/2025 8:00,-953
9/15/2025 8:15,-1254
9/15/2025 8:30,-1518
9/15/2025 8:45,-1536
9/15/2025 9:00,-1668
9/15/2025 9:15,-1661
9/15/2025 9:30,-1668
9/15/2025 9:45,-1648
9/15/2025 10:00,-1446
9/15/2025 10:15,-1146
9/15/2025 10:30,-1178
9/15/2025 10:45,-1157
9/15/2025 11:00,-915
9/15/2025 11:15,-885
9/15/2025 11:30,-888
9/15/2025 11:45,-898
9/15/2025 12:00,-912
9/15/2025 12:15,-943
9/15/2025 12:30,-920
9/15/2025 12:45,-982
9/15/2025 13:00,-924
9/15/2025 13:15,-982
9/15/2025 13:30,-963
9/15/2025 13:45,-888
9/15/2025 14:00,-953
9/15/2025 14:15,-992
9/15/2025 14:30,-1082
9/15/2025 14:45,-1103
9/15/2025 15:00,-1069
9/15/2025 15:15,-1127
9/15/2025 15:30,-1070
9/15/2025 15:45,-1041
9/15/2025 16:00,-1066
9/15/2025 16:15,-1311
9/15/2025 16:30,-1416
9/15/2025 16:45,-1655
9/15/2025 17:00,-1645
9/15/2025 17:15,-1600
9/15/2025 17:30,-1509
9/15/2025 17:45,-1226
9/15/2025 18:00,-773
9/15/2025 18:15,-507
9/15/2025 18:30,-315
9/15/2025 18:45,-152
9/15/2025 19:00,-44
9/15/2025 19:15,-12
9/15/2025 19:30,-4
9/15/2025 19:45,-4
9/15/2025 20:00,-2
9/15/2025 20:15,-3
9/15/2025 20:30,-3
9/15/2025 20:45,-3
9/15/2025 21:00,-3
9/15/2025 21:15,-3
9/15/2025 21:30,-3
9/15/2025 21:45,-3
9/15/2025 22:00,-3
9/15/2025 22:15,-3
9/15/2025 22:30,-3
9/15/2025 22:45,-3
9/15/2025 23:00,-3
9/15/2025 23:15,-3
9/15/2025 23:30,-3
9/15/2025 23:45,-3
9/16/2025 0:00,-3
9/16/2025 0:15,-2
9/16/2025 0:30,-2
9/16/2025 0:45,-2
9/16/2025 1:00,-1
9/16/2025 1:15,-3
9/16/2025 1:30,-2
9/16/2025 1:45,-3
9/16/2025 2:00,-3
9/16/2025 2:15,-2
9/16/2025 2:45,-2
9/16/2025 3:00,-2
9/16/2025 3:15,-2
9/16/2025 3:30,-2
9/16/2025 3:45,-3
9/16/2025 4:00,-2
9/16/2025 4:15,-3
9/16/2025 4:30,-2
9/16/2025 4:45,-2
9/16/2025 5:00,-2
9/16/2025 5:15,-2
9/16/2025 5:30,-3
9/16/2025 5:45,-3
9/16/2025 6:00,-2
9/16/2025 6:15,-2
9/16/2025 6:30,-3
9/16/2025 6:45,-2
9/16/2025 7:00,-1
9/16/2025 7:15,-22
9/16/2025 7:30,-40
9/16/2025 7:45,-85
9/16/2025 8:00,-161
9/16/2025 8:15,-1249
9/16/2025 8:30,-1527
9/16/2025 8:45,-1669
9/16/2025 9:00,-821
9/16/2025 9:15,-1269
9/16/2025 9:30,-1310
9/16/2025 9:45,-1595
9/16/2025 10:00,-1651
9/16/2025 10:15,-1543
9/16/2025 10:30,-1663
9/16/2025 10:45,-1664
9/16/2025 11:00,-1616
9/16/2025 11:15,-1617
9/16/2025 11:30,-1656
9/16/2025 11:45,-1665
9/16/2025 12:00,-1664
9/16/2025 12:15,-1662
9/16/2025 12:30,-1664
9/16/2025 12:45,-1660
9/16/2025 13:00,-1431
9/16/2025 13:15,-1597
9/16/2025 13:30,-1649
9/16/2025 13:45,-1642
9/16/2025 14:00,-1634
9/16/2025 14:15,-1541
9/16/2025 14:30,-1618
9/16/2025 14:45,-1661
9/16/2025 15:00,-1662
9/16/2025 15:15,-1664
9/16/2025 15:30,-1642
9/16/2025 15:45,-1589
9/16/2025 16:00,-1530
9/16/2025 16:15,-1663
9/16/2025 16:30,-1560
9/16/2025 16:45,-1611
9/16/2025 17:00,-1621
9/16/2025 17:15,-1625
9/16/2025 17:30,-1513
9/16/2025 17:45,-1203
9/16/2025 18:00,-761
9/16/2025 18:15,-501
9/16/2025 18:30,-301
9/16/2025 18:45,-142
9/16/2025 19:00,-41
9/16/2025 19:15,-9
9/16/2025 19:30,-4
9/16/2025 19:45,-3
9/16/2025 20:00,-4
9/16/2025 20:15,-3
9/16/2025 20:30,-3
9/16/2025 20:45,-2
9/16/2025 21:00,-4
9/16/2025 21:15,-2
9/16/2025 21:30,-3
9/16/2025 21:45,-2
9/16/2025 22:00,-3
9/16/2025 22:15,-3
9/16/2025 22:30,-3
9/16/2025 22:45,-3
9/16/2025 23:00,-1
9/16/2025 23:15,-1
9/16/2025 23:30,-3
9/16/2025 23:45,-2
9/17/2025 0:00,-2
9/17/2025 0:15,-2
9/17/2025 0:30,-2
9/17/2025 0:45,-2
9/17/2025 1:00,-2
9/17/2025 1:15,-2
9/17/2025 1:30,-3
9/17/2025 1:45,-2
9/17/2025 2:00,-2
9/17/2025 2:15,-3
9/17/2025 2:30,-3
9/17/2025 2:45,-3
9/17/2025 3:00,-2
9/17/2025 3:15,-3
9/17/2025 3:30,-3
9/17/2025 3:45,-3
9/17/2025 4:00,-1
9/17/2025 4:15,-2
9/17/2025 4:30,-2
9/17/2025 4:45,-3
9/17/2025 5:00,-3
9/17/2025 5:15,-3
9/17/2025 5:30,-2
9/17/2025 5:45,-2
9/17/2025 6:00,-2
9/17/2025 6:15,-2
9/17/2025 6:30,-2
9/17/2025 6:45,-2
9/17/2025 7:00,-9
9/17/2025 7:15,-90
9/17/2025 7:30,-304
9/17/2025 7:45,-616
9/17/2025 8:00,-922
9/17/2025 8:15,-1224
9/17/2025 8:30,-1503
9/17/2025 8:45,-1658
9/17/2025 9:00,-1630
9/17/2025 9:15,-1667
9/17/2025 9:30,-1667
9/17/2025 9:45,-1656
9/17/2025 10:00,-1507
9/17/2025 10:15,-1669
9/17/2025 10:30,-1650
9/17/2025 10:45,-1665
9/17/2025 11:00,-1615
9/17/2025 11:15,-1558
9/17/2025 11:30,-1579
9/17/2025 11:45,-1486
9/17/2025 12:00,-1664
9/17/2025 12:15,-1660
9/17/2025 12:30,-1602
9/17/2025 12:45,-1641
9/17/2025 13:00,-1603
9/17/2025 13:15,-1608
9/17/2025 13:30,-1589
9/17/2025 13:45,-1625
9/17/2025 14:00,-1629
9/17/2025 14:15,-1540
9/17/2025 14:30,-1664
9/17/2025 14:45,-1663
9/17/2025 15:00,-1662
9/17/2025 15:15,-1640
9/17/2025 15:30,-1523
9/17/2025 15:45,-1625
9/17/2025 16:00,-1467
9/17/2025 16:15,-1645
9/17/2025 16:30,-1648
9/17/2025 16:45,-1611
9/17/2025 17:00,-1622
9/17/2025 17:15,-1545
9/17/2025 17:30,-1511
9/17/2025 17:45,-1145
9/17/2025 18:00,-779
9/17/2025 18:15,-473
9/17/2025 18:30,-292
9/17/2025 18:45,-129
9/17/2025 19:00,-35
9/17/2025 19:15,-6
9/17/2025 19:30,-3
9/17/2025 19:45,-4
9/17/2025 20:00,-3
9/17/2025 20:15,-3
9/17/2025 20:30,-3
9/17/2025 20:45,-3
9/17/2025 21:00,-3
9/17/2025 21:15,-3
9/17/2025 21:30,-3
9/17/2025 21:45,-3
9/17/2025 22:00,-2
9/17/2025 22:15,-3
9/17/2025 22:30,-3
9/17/2025 22:45,-3
9/17/2025 23:00,-3
9/17/2025 23:15,-3
9/17/2025 23:30,-3
9/17/2025 23:45,-3
9/18/2025 0:00,-2
9/18/2025 0:15,-2
9/18/2025 0:30,-2
9/18/2025 0:45,-3
9/18/2025 1:00,-3
9/18/2025 1:15,-2
9/18/2025 1:30,-2
9/18/2025 1:45,-2
9/18/2025 2:00,-1
9/18/2025 2:15,-3
9/18/2025 2:30,-1
9/18/2025 2:45,-2
9/18/2025 3:00,-2
9/18/2025 3:15,-2
9/18/2025 3:30,-2
9/18/2025 3:45,-3
9/18/2025 4:00,-3
9/18/2025 4:15,-2
9/18/2025 4:30,-3
9/18/2025 4:45,-2
9/18/2025 5:00,-2
9/18/2025 5:15,-3
9/18/2025 5:30,-2
9/18/2025 5:45,-2
9/18/2025 6:00,-3
9/18/2025 6:15,-2
9/18/2025 6:30,-2
9/18/2025 6:45,-2
9/18/2025 7:00,-8
9/18/2025 7:15,-76
9/18/2025 7:30,-261
9/18/2025 7:45,-567
9/18/2025 8:00,-900
9/18/2025 8:15,-1214
9/18/2025 8:30,-1484
9/18/2025 8:45,-1637
9/18/2025 9:00,-1545
9/18/2025 9:15,-1667
9/18/2025 9:30,-1666
9/18/2025 9:45,-1667
9/18/2025 10:00,-1593
9/18/2025 10:15,-1658
9/18/2025 10:30,-1604
9/18/2025 10:45,-1625
9/18/2025 11:00,-1583
9/18/2025 11:15,-1510
9/18/2025 11:30,-1627
9/18/2025 11:45,-1646
9/18/2025 12:00,-1664
9/18/2025 12:15,-1665
9/18/2025 12:30,-1624
9/18/2025 12:45,-1662
9/18/2025 13:00,-1573
9/18/2025 13:15,-1641
9/18/2025 13:30,-1656
9/18/2025 13:45,-1662
9/18/2025 14:00,-1527
9/18/2025 14:15,-1592
9/18/2025 14:30,-1649
9/18/2025 14:45,-1663
9/18/2025 15:00,-1638
9/18/2025 15:15,-1498
9/18/2025 15:30,-1538
9/18/2025 15:45,-1658
9/18/2025 16:00,-1287
9/18/2025 16:15,-1601
9/18/2025 16:30,-1034
9/18/2025 16:45,-981
9/18/2025 17:00,-1663
9/18/2025 17:15,-1336
9/18/2025 17:30,-786
9/18/2025 17:45,-884
9/18/2025 18:00,-824
9/18/2025 18:15,-239
9/18/2025 18:30,-311
9/18/2025 18:45,-54
9/18/2025 19:00,-29
9/18/2025 19:15,-4
9/18/2025 19:30,-4
9/18/2025 19:45,-3
9/18/2025 20:00,-3
9/18/2025 20:15,-3
9/18/2025 20:30,-3
9/18/2025 20:45,-3
9/18/2025 21:00,-3
9/18/2025 21:15,-3
9/18/2025 21:30,-2
9/18/2025 21:45,-3
9/18/2025 22:00,-2
9/18/2025 22:15,-2
9/18/2025 22:30,-3
9/18/2025 22:45,-3
9/18/2025 23:00,-2
9/18/2025 23:15,-3
9/18/2025 23:30,-2
9/18/2025 23:45,-3
9/19/2025 0:00,-2
9/19/2025 0:15,-3
9/19/2025 0:30,-3
9/19/2025 0:45,-2
9/19/2025 1:00,-2
9/19/2025 1:15,-3
9/19/2025 1:30,-3
9/19/2025 1:45,-3
9/19/2025 2:00,-2
9/19/2025 2:15,-2
9/19/2025 2:30,-2
9/19/2025 2:45,-2
9/19/2025 3:00,-2
9/19/2025 3:15,-3
9/19/2025 3:30,-3
9/19/2025 3:45,-2
9/19/2025 4:00,-2
9/19/2025 4:15,-3
9/19/2025 4:30,-3
9/19/2025 4:45,-2
9/19/2025 5:00,-3
9/19/2025 5:15,-1
9/19/2025 5:30,-2
9/19/2025 5:45,-2
9/19/2025 6:00,-2
9/19/2025 6:15,-2
9/19/2025 6:30,-2
9/19/2025 6:45,-2
9/19/2025 7:00,-10
9/19/2025 7:15,-55
9/19/2025 7:30,-195
9/19/2025 7:45,-179
9/19/2025 8:00,-194
9/19/2025 8:15,-347
9/19/2025 8:30,-763
9/19/2025 8:45,-530
9/19/2025 9:00,-1274
9/19/2025 9:15,-1431
9/19/2025 9:30,-1276
9/19/2025 9:45,-659
9/19/2025 10:00,-1337
9/19/2025 10:15,-1574
9/19/2025 10:30,-1362
9/19/2025 10:45,-850
9/19/2025 11:00,-1667
9/19/2025 11:15,-1667
9/19/2025 11:30,-1624
9/19/2025 11:45,-1428
9/19/2025 12:00,-1186
9/19/2025 12:15,-1637
9/19/2025 12:30,-1654
9/19/2025 12:45,-1169
9/19/2025 13:00,-1629
9/19/2025 13:15,-690
9/19/2025 13:30,-702
9/19/2025 13:45,-664
9/19/2025 14:00,-755
9/19/2025 14:15,-600
9/19/2025 14:30,-586
9/19/2025 14:45,-491
9/19/2025 15:00,-562
9/19/2025 15:15,-637
9/19/2025 15:30,-498
9/19/2025 15:45,-807
9/19/2025 16:00,-1509
9/19/2025 16:15,-1293
9/19/2025 16:30,-1338
9/19/2025 16:45,-853
9/19/2025 17:00,-1018
9/19/2025 17:15,-1081
9/19/2025 17:30,-1573
9/19/2025 17:45,-1125
9/19/2025 18:00,-754
9/19/2025 18:15,-110
9/19/2025 18:30,-253
9/19/2025 18:45,-99
9/19/2025 19:00,-21
9/19/2025 19:15,-4
9/19/2025 19:30,-4
9/19/2025 19:45,-4
9/19/2025 20:00,-3
9/19/2025 20:15,-3
9/19/2025 20:30,-3
9/19/2025 20:45,-3
9/19/2025 21:00,-3
9/19/2025 21:15,-2
9/19/2025 21:30,-2
9/19/2025 21:45,-3
9/19/2025 22:00,-3
9/19/2025 22:15,-3
9/19/2025 22:30,-3
9/19/2025 22:45,-3
9/19/2025 23:00,-3
9/19/2025 23:15,-3
9/19/2025 23:30,-1
9/19/2025 23:45,-2
9/20/2025 0:00,-3
9/20/2025 0:15,-3
9/20/2025 0:30,-3
9/20/2025 0:45,-2
9/20/2025 1:00,-3
9/20/2025 1:15,-3
9/20/2025 1:30,-3
9/20/2025 1:45,-3
9/20/2025 2:00,-3
9/20/2025 2:15,-3
9/20/2025 2:30,-3
9/20/2025 2:45,-3
9/20/2025 3:00,-4
9/20/2025 3:15,-2
9/20/2025 3:30,-4
9/20/2025 3:45,-2
9/20/2025 4:00,-4
9/20/2025 4:15,-2
9/20/2025 4:30,-2
9/20/2025 4:45,-2
9/20/2025 5:00,-2
9/20/2025 5:15,-2
9/20/2025 5:30,-2
9/20/2025 6:00,0
9/20/2025 7:00,0
9/20/2025 8:00,0
9/20/2025 8:30,-607
9/20/2025 9:00,-543
9/20/2025 9:30,-511
9/20/2025 9:45,-830
9/20/2025 10:00,-397
9/20/2025 10:15,-1361
9/20/2025 10:30,-1021
9/20/2025 10:45,-1665
9/20/2025 11:00,-1646
9/20/2025 11:15,-1483
9/20/2025 11:30,-1539
9/20/2025 11:45,-1665
9/20/2025 12:00,-1665
9/20/2025 12:15,-1373
9/20/2025 12:30,-1664
9/20/2025 12:45,-1619
9/20/2025 13:00,-1548
9/20/2025 13:15,-1511
9/20/2025 13:30,-1471
9/20/2025 13:45,-1418
9/20/2025 14:00,-1596
9/20/2025 14:15,-1664
9/20/2025 14:30,-1661
9/20/2025 14:45,-1555
9/20/2025 15:00,-880
9/20/2025 15:15,-474
9/20/2025 15:30,-323
9/20/2025 15:45,-433
9/20/2025 16:00,-251
9/20/2025 16:15,-279
9/20/2025 16:30,-250
9/20/2025 16:45,-1433
9/20/2025 17:00,-1552
9/20/2025 17:15,-1618
9/20/2025 17:30,-1501
9/20/2025 17:45,-1111
9/20/2025 18:00,-737
9/20/2025 18:15,-448
9/20/2025 18:30,-261
9/20/2025 18:45,-99
9/20/2025 19:00,-26
9/20/2025 19:15,-4
9/20/2025 19:30,-4
9/20/2025 19:45,-4
9/20/2025 20:00,-4
9/20/2025 20:15,-4
9/20/2025 20:30,-4
9/20/2025 20:45,-3
9/20/2025 21:00,-2
9/20/2025 21:15,-3
9/20/2025 21:30,-3
9/20/2025 21:45,-3
9/20/2025 22:00,-3
9/20/2025 22:15,-2
9/20/2025 22:30,-2
9/20/2025 22:45,-3
9/20/2025 23:00,-3
9/20/2025 23:15,-3
9/20/2025 23:30,-2
9/20/2025 23:45,-2
9/21/2025 0:00,-3
9/21/2025 0:15,-2
9/21/2025 0:30,-2
9/21/2025 0:45,-3
9/21/2025 1:00,-3
9/21/2025 1:15,-3
9/21/2025 1:30,-3
9/21/2025 1:45,-3
9/21/2025 2:00,-3
9/21/2025 2:15,-3
9/21/2025 2:30,-2
9/21/2025 2:45,-2
9/21/2025 3:00,-3
9/21/2025 3:15,-3
9/21/2025 3:30,-3
9/21/2025 3:45,-2
9/21/2025 4:00,-2
9/21/2025 4:15,-3
9/21/2025 4:30,-3
9/21/2025 4:45,-3
9/21/2025 5:00,-2
9/21/2025 5:15,-2
9/21/2025 5:30,-2
9/21/2025 5:45,-2
9/21/2025 6:00,-2
9/21/2025 6:15,-2
9/21/2025 6:30,-2
9/21/2025 6:45,-1
9/21/2025 7:00,-2
9/21/2025 7:15,-36
9/21/2025 7:30,-193
9/21/2025 7:45,-485
9/21/2025 8:00,-826
9/21/2025 8:15,-1098
9/21/2025 8:30,-1389
9/21/2025 8:45,-1591
9/21/2025 9:00,-1645
9/21/2025 9:15,-1667
9/21/2025 9:30,-1668
9/21/2025 9:45,-1666
9/21/2025 10:00,-1651
9/21/2025 10:15,-1666
9/21/2025 10:30,-1666
9/21/2025 10:45,-1581
9/21/2025 11:00,-1432
9/21/2025 11:15,-1449
9/21/2025 11:30,-1338
9/21/2025 11:45,-1405
9/21/2025 12:00,-1417
9/21/2025 12:15,-1462
9/21/2025 12:30,-1370
9/21/2025 12:45,-1550
9/21/2025 13:00,-1489
9/21/2025 13:15,-1503
9/21/2025 13:30,-1507
9/21/2025 13:45,-1376
9/21/2025 14:00,0
9/21/2025 14:15,-1512
9/21/2025 14:30,-1558
9/21/2025 14:45,-1528
9/21/2025 15:00,-1500
9/21/2025 15:15,-1633
9/21/2025 15:30,-1594
9/21/2025 15:45,-1585
9/21/2025 16:00,-1553
9/21/2025 16:15,-1570
9/21/2025 16:30,-1555
9/21/2025 16:45,-1654
9/21/2025 17:00,-1648
9/21/2025 17:15,-1609
9/21/2025 17:30,-1464
9/21/2025 17:45,-1020
9/21/2025 18:00,-666
9/21/2025 18:15,-419
9/21/2025 18:30,-82
9/21/2025 18:45,-95
9/21/2025 19:00,-22
9/21/2025 19:15,-3
9/21/2025 19:30,-3
9/21/2025 19:45,-4
9/21/2025 20:00,-3
9/21/2025 20:15,-3
9/21/2025 20:30,-4
9/21/2025 20:45,-3
9/21/2025 21:00,-3
9/21/2025 21:15,-3
9/21/2025 21:30,-2
9/21/2025 21:45,-3
9/21/2025 22:00,-3
9/21/2025 22:15,-3
9/21/2025 22:30,-3
9/21/2025 22:45,-3
9/21/2025 23:00,-3
9/21/2025 23:15,-3
9/21/2025 23:30,-3
9/21/2025 23:45,-3
9/22/2025 0:00,-3
9/22/2025 0:15,-3
9/22/2025 0:30,-3
9/22/2025 0:45,-3
9/22/2025 1:00,-3
9/22/2025 1:15,-3
9/22/2025 1:30,-3
9/22/2025 1:45,-3
9/22/2025 2:00,-2
9/22/2025 2:15,-2
9/22/2025 2:30,-3
9/22/2025 2:45,-3
9/22/2025 3:00,-3
9/22/2025 3:15,-2
9/22/2025 3:30,-3
9/22/2025 3:45,-4
9/22/2025 4:00,-2
9/22/2025 4:15,-2
9/22/2025 4:30,-3
9/22/2025 4:45,-2
9/22/2025 5:00,-2
9/22/2025 5:15,-3
9/22/2025 5:30,-3
9/22/2025 5:45,-3
9/22/2025 6:00,-3
9/22/2025 6:15,-2
9/22/2025 6:30,-3
9/22/2025 6:45,-3
9/22/2025 7:00,0
9/22/2025 7:30,-41
9/22/2025 7:45,-17
9/22/2025 8:00,-73
9/22/2025 8:15,-127
9/22/2025 8:30,-239
9/22/2025 8:45,-1365
9/22/2025 9:00,-222
9/22/2025 9:15,-195
9/22/2025 9:30,-135
9/22/2025 9:45,-136
9/22/2025 10:00,-204
9/22/2025 10:15,-203
9/22/2025 10:30,-242
9/22/2025 10:45,-453
9/22/2025 11:00,-622
9/22/2025 11:15,-600
9/22/2025 11:45,-621
9/22/2025 12:00,-320
9/22/2025 12:15,-301
9/22/2025 12:30,-218
9/22/2025 12:45,-409
9/22/2025 13:00,-364
9/22/2025 13:15,-496
9/22/2025 13:30,-614
9/22/2025 13:45,-709
9/22/2025 14:00,-473
9/22/2025 14:15,-436
9/22/2025 14:30,-932
9/22/2025 14:45,-800
9/22/2025 15:00,-435
9/22/2025 15:15,-320
9/22/2025 15:30,-522
9/22/2025 15:45,-743
9/22/2025 16:00,-373
9/22/2025 16:15,-733
9/22/2025 16:30,-463
9/22/2025 16:45,-1409
9/22/2025 17:00,-636
9/22/2025 17:15,-359
9/22/2025 17:30,-303
9/22/2025 17:45,-1026
9/22/2025 18:00,-102
9/22/2025 18:15,-274
9/22/2025 18:30,-197
9/22/2025 18:45,-62
9/22/2025 19:00,-15
9/22/2025 19:15,-2
9/22/2025 19:30,-4
9/22/2025 19:45,-3
9/22/2025 20:00,-3
9/22/2025 20:15,-3
9/22/2025 20:30,-2
9/22/2025 20:45,-2
9/22/2025 21:00,-3
9/22/2025 21:15,-2
9/22/2025 21:30,-2
9/22/2025 21:45,-2
9/22/2025 22:00,-2
9/22/2025 22:15,-3
9/22/2025 22:30,-2
9/22/2025 22:45,-2
9/22/2025 23:00,-2
9/22/2025 23:15,-3
9/22/2025 23:30,-3
9/22/2025 23:45,-3
9/23/2025 0:00,-3
9/23/2025 0:15,-2
9/23/2025 0:45,-2
9/23/2025 1:00,-2
9/23/2025 1:15,-3
9/23/2025 1:30,-2
9/23/2025 1:45,-3
9/23/2025 2:00,-2
9/23/2025 2:15,-3
9/23/2025 2:30,-3
9/23/2025 2:45,-2
9/23/2025 3:00,-2
9/23/2025 3:15,-2
9/23/2025 3:30,-2
9/23/2025 3:45,-2
9/23/2025 4:00,-2
9/23/2025 4:15,-3
9/23/2025 4:30,-2
9/23/2025 4:45,-3
9/23/2025 5:00,-2
9/23/2025 5:15,-3
9/23/2025 5:30,-2
9/23/2025 5:45,-2
9/23/2025 6:00,-2
9/23/2025 6:15,-3
9/23/2025 6:30,-2
9/23/2025 6:45,-1
9/23/2025 7:00,-1
9/23/2025 7:15,-50
9/23/2025 7:30,-227
9/23/2025 7:45,-529
9/23/2025 8:00,-832
9/23/2025 8:15,-1159
9/23/2025 8:30,-1460
9/23/2025 8:45,-1633
9/23/2025 9:00,-1668
9/23/2025 9:15,-1550
9/23/2025 9:30,-1637
9/23/2025 9:45,-1637
9/23/2025 10:00,-1669
9/23/2025 10:15,-1667
9/23/2025 10:30,-1668
9/23/2025 10:45,-1666
9/23/2025 11:00,-1656
9/23/2025 11:15,-1662
9/23/2025 11:30,-1667
9/23/2025 11:45,-918
9/23/2025 12:00,-631
9/23/2025 12:15,-1599
9/23/2025 12:30,-1583
9/23/2025 12:45,-1631
9/23/2025 13:00,-1578
9/23/2025 13:15,-1656
9/23/2025 13:30,-1382
9/23/2025 13:45,-1641
9/23/2025 14:00,-1648
9/23/2025 14:15,-1471
9/23/2025 14:30,-1568
9/23/2025 14:45,-1663
9/23/2025 15:00,-1665
9/23/2025 15:15,-1665
9/23/2025 15:30,-1665
9/23/2025 15:45,-1664
9/23/2025 16:00,-1628
9/23/2025 16:15,-1559
9/23/2025 16:30,-1616
9/23/2025 16:45,-1593
9/23/2025 17:00,-1654
9/23/2025 17:15,-1544
9/23/2025 17:30,-1325
9/23/2025 17:45,-909
9/23/2025 18:00,-599
9/23/2025 18:15,-361
9/23/2025 18:30,-188
9/23/2025 18:45,-58
9/23/2025 19:00,-14
9/23/2025 19:15,-4
9/23/2025 19:30,-2
9/23/2025 19:45,-3
9/23/2025 20:00,-2
9/23/2025 20:15,-2
9/23/2025 20:30,-3
9/23/2025 20:45,-2
9/23/2025 21:00,-3
9/23/2025 21:15,-3
9/23/2025 21:30,-3
9/23/2025 21:45,-3
9/23/2025 22:00,-3
9/23/2025 22:15,-3
9/23/2025 22:30,-3
9/23/2025 22:45,-2
9/23/2025 23:00,-2
9/23/2025 23:15,-3
9/23/2025 23:30,-3
9/23/2025 23:45,-1
9/24/2025 0:00,-2
9/24/2025 0:15,-2
9/24/2025 0:30,-2
9/24/2025 0:45,-2
9/24/2025 1:00,-3
9/24/2025 1:15,-2
9/24/2025 1:30,-2
9/24/2025 1:45,-2
9/24/2025 2:00,-2
9/24/2025 2:15,-3
9/24/2025 2:30,-2
9/24/2025 2:45,-2
9/24/2025 3:00,-2
9/24/2025 3:15,-2
9/24/2025 3:30,-2
9/24/2025 3:45,-2
9/24/2025 4:00,-2
9/24/2025 4:15,-2
9/24/2025 4:30,-3
9/24/2025 4:45,-2
9/24/2025 5:00,-2
9/24/2025 5:15,-2
9/24/2025 5:30,-2
9/24/2025 5:45,-2
9/24/2025 6:00,-3
9/24/2025 6:15,-2
9/24/2025 6:30,-2
9/24/2025 6:45,-1
9/24/2025 7:00,-2
9/24/2025 7:15,-39
9/24/2025 7:30,-192
9/24/2025 7:45,-489
9/24/2025 8:00,-841
9/24/2025 8:15,-1150
9/24/2025 8:30,-1414
9/24/2025 8:45,-1623
9/24/2025 9:00,-1666
9/24/2025 9:15,-1651
9/24/2025 9:30,-1596
9/24/2025 9:45,-1601
9/24/2025 10:00,-1619
9/24/2025 10:15,-1621
9/24/2025 10:30,-1648
9/24/2025 10:45,-1642
9/24/2025 11:00,-1631
9/24/2025 11:15,-1631
9/24/2025 11:30,-1618
9/24/2025 11:45,-1660
9/24/2025 12:00,-1660
9/24/2025 12:15,-1653
9/24/2025 12:30,-1659
9/24/2025 12:45,-1635
9/24/2025 13:00,-1632
9/24/2025 13:15,-1611
9/24/2025 13:30,-1616
9/24/2025 13:45,-1591
9/24/2025 14:00,-1571
9/24/2025 14:15,-1611
9/24/2025 14:30,-1595
9/24/2025 14:45,-1617
9/24/2025 15:00,-1525
9/24/2025 15:15,-1637
9/24/2025 15:30,-1620
9/24/2025 15:45,-1638
9/24/2025 16:00,-1579
9/24/2025 16:15,-1485
9/24/2025 16:30,-1611
9/24/2025 16:45,-1557
9/24/2025 17:00,-1547
9/24/2025 17:15,-1495
9/24/2025 17:30,-1255
9/24/2025 17:45,-853
9/24/2025 18:00,-568
9/24/2025 18:15,-339
9/24/2025 18:30,-170
9/24/2025 18:45,-49
9/24/2025 19:00,-14
9/24/2025 19:15,-3
9/24/2025 19:30,-4
9/24/2025 19:45,-2
9/24/2025 20:00,-2
9/24/2025 20:15,-3
9/24/2025 20:30,-2
9/24/2025 20:45,-3
9/24/2025 21:00,-2
9/24/2025 21:15,-3
9/24/2025 21:30,-3
9/24/2025 21:45,-2
9/24/2025 22:00,-2
9/24/2025 22:15,-2
9/24/2025 22:30,-2
9/24/2025 22:45,-3
9/24/2025 23:00,-2
9/24/2025 23:15,-2
9/24/2025 23:30,-3
9/24/2025 23:45,-3
9/25/2025 0:00,-3
9/25/2025 0:15,-3
9/25/2025 0:30,-3
9/25/2025 0:45,-2
9/25/2025 1:00,-2
9/25/2025 1:15,-2
9/25/2025 1:30,-2
9/25/2025 1:45,-2
9/25/2025 2:00,-3
9/25/2025 2:15,-3
9/25/2025 2:30,-2
9/25/2025 2:45,-2
9/25/2025 3:00,-2
9/25/2025 3:15,-2
9/25/2025 3:30,-2
9/25/2025 3:45,-2
9/25/2025 4:00,-2
9/25/2025 4:15,-2
9/25/2025 4:30,-2
9/25/2025 4:45,-3
9/25/2025 5:00,-3
9/25/2025 5:15,-2
9/25/2025 5:30,-3
9/25/2025 5:45,-2
9/25/2025 6:00,-2
9/25/2025 6:15,-2
9/25/2025 6:30,-2
9/25/2025 6:45,-2
9/25/2025 7:00,-2
9/25/2025 7:15,-29
9/25/2025 7:30,-180
9/25/2025 7:45,-460
9/25/2025 8:00,-828
9/25/2025 8:15,-1116
9/25/2025 8:30,-1418
9/25/2025 8:45,-1631
9/25/2025 9:00,-1666
9/25/2025 9:15,-1666
9/25/2025 9:30,-1668
9/25/2025 9:45,-1667
9/25/2025 10:00,-1666
9/25/2025 10:15,-1668
9/25/2025 10:30,-1667
9/25/2025 10:45,-1666
9/25/2025 11:00,-1666
9/25/2025 11:15,-1665
9/25/2025 11:30,-1664
9/25/2025 11:45,-1657
9/25/2025 12:00,-1655
9/25/2025 12:15,-1651
9/25/2025 12:30,-1650
9/25/2025 12:45,-1660
9/25/2025 13:00,-1660
9/25/2025 13:15,-1649
9/25/2025 13:30,-1647
9/25/2025 13:45,-1650
9/25/2025 14:00,-1650
9/25/2025 14:15,-1661
9/25/2025 14:30,-1656
9/25/2025 14:45,-1650
9/25/2025 15:00,-1654
9/25/2025 15:15,-1652
9/25/2025 15:30,-1662
9/25/2025 15:45,-1656
9/25/2025 16:00,-1661
9/25/2025 16:15,-1664
9/25/2025 16:30,-1662
9/25/2025 16:45,-1656
9/25/2025 17:00,-1619
9/25/2025 17:15,-1541
9/25/2025 17:30,-1235
9/25/2025 17:45,-841
9/25/2025 18:00,-540
9/25/2025 18:15,-329
9/25/2025 18:30,-160
9/25/2025 18:45,-43
9/25/2025 19:00,-7
9/25/2025 19:15,-4
9/25/2025 19:30,-4
9/25/2025 19:45,-4
9/25/2025 20:00,-4
9/25/2025 20:15,-3
9/25/2025 20:30,-2
9/25/2025 20:45,-3
9/25/2025 21:00,-2
9/25/2025 21:15,-3
9/25/2025 21:30,-2
9/25/2025 21:45,-3
9/25/2025 22:00,-3
9/25/2025 22:15,-3
9/25/2025 22:30,-3
9/25/2025 22:45,-3
9/25/2025 23:00,-3
9/25/2025 23:15,-2
9/25/2025 23:30,-3
9/25/2025 23:45,-2
9/26/2025 0:00,-2
9/26/2025 0:15,-3
9/26/2025 0:30,-2
9/26/2025 0:45,-2
9/26/2025 1:00,-3
9/26/2025 1:15,-2
9/26/2025 1:30,-3
9/26/2025 1:45,-3
9/26/2025 2:00,-3
9/26/2025 2:15,-3
9/26/2025 2:30,-3
9/26/2025 2:45,-3
9/26/2025 3:00,-3
9/26/2025 3:15,-2
9/26/2025 3:30,-2
9/26/2025 3:45,-2
9/26/2025 4:00,-3
9/26/2025 4:15,-2
9/26/2025 4:30,-2
9/26/2025 4:45,-3
9/26/2025 5:00,-2
9/26/2025 5:15,-3
9/26/2025 5:30,-3
9/26/2025 5:45,-2
9/26/2025 6:00,-2
9/26/2025 6:15,-2
9/26/2025 6:30,-2
9/26/2025 6:45,-2
9/26/2025 7:00,-2
9/26/2025 7:15,-23
9/26/2025 7:30,-115
9/26/2025 7:45,-200
9/26/2025 8:00,-713
9/26/2025 8:15,-480
9/26/2025 8:30,-220
9/26/2025 8:45,-1668
9/26/2025 9:00,-1383
9/26/2025 9:15,-1542
9/26/2025 9:30,-1608
9/26/2025 9:45,-1651
9/26/2025 10:00,-1631
9/26/2025 10:15,-1638
9/26/2025 10:30,-1646
9/26/2025 10:45,-1640
9/26/2025 11:00,-1614
9/26/2025 11:15,-1599
9/26/2025 11:30,-1004
9/26/2025 11:45,-868
9/26/2025 12:00,-1603
9/26/2025 12:15,-1615
9/26/2025 12:30,-1581
9/26/2025 12:45,-1605
9/26/2025 13:00,-1527
9/26/2025 13:15,-1424
9/26/2025 13:30,-1506
9/26/2025 13:45,-1555
9/26/2025 14:00,-1515
9/26/2025 14:15,-337
9/26/2025 14:30,-314
9/26/2025 14:45,-297
9/26/2025 15:00,-1288
9/26/2025 15:15,-1664
9/26/2025 15:30,-1664
9/26/2025 15:45,-1649
9/26/2025 16:00,-1191
9/26/2025 16:15,-1291
9/26/2025 16:30,-661
9/26/2025 16:45,-467
9/26/2025 17:00,-551
9/26/2025 17:15,-1423
9/26/2025 17:30,-1235
9/26/2025 17:45,-804
9/26/2025 18:00,-517
9/26/2025 18:15,-306
9/26/2025 18:30,-44
9/26/2025 18:45,-19
9/26/2025 19:00,-3
9/26/2025 19:15,-2
9/26/2025 19:30,-4
9/26/2025 19:45,-3
9/26/2025 20:00,-3
9/26/2025 20:15,-3
9/26/2025 20:30,-3
9/26/2025 20:45,-3
9/26/2025 21:00,-2
9/26/2025 21:15,-2
9/26/2025 21:30,-3
9/26/2025 21:45,-3
9/26/2025 22:00,-3
9/26/2025 22:15,-3
9/26/2025 22:30,-3
9/26/2025 22:45,-3
9/26/2025 23:00,-3
9/26/2025 23:15,-3
9/26/2025 23:30,-1
9/26/2025 23:45,-3
9/27/2025 0:00,-3
9/27/2025 0:15,-2
9/27/2025 0:30,-3
9/27/2025 0:45,-3
9/27/2025 1:00,-3
9/27/2025 1:15,-2
9/27/2025 1:30,-3
9/27/2025 1:45,-3
9/27/2025 2:00,-2
9/27/2025 2:15,-2
9/27/2025 2:30,-3
9/27/2025 2:45,-3
9/27/2025 3:00,-3
9/27/2025 3:15,-3
9/27/2025 3:30,-3
9/27/2025 3:45,-3
9/27/2025 4:00,-3
9/27/2025 4:15,-3
9/27/2025 4:30,-2
9/27/2025 4:45,-2
9/27/2025 5:00,-2
9/27/2025 5:15,-2
9/27/2025 5:30,-3
9/27/2025 5:45,-2
9/27/2025 6:00,-2
9/27/2025 6:15,-2
9/27/2025 6:30,-3
9/27/2025 6:45,-3
9/27/2025 7:00,-2
9/27/2025 7:15,-14
9/27/2025 7:30,-43
9/27/2025 7:45,-167
9/27/2025 8:00,-308
9/27/2025 8:15,-210
9/27/2025 8:30,-380
9/27/2025 8:45,-618
9/27/2025 9:00,-717
9/27/2025 9:15,-407
9/27/2025 9:30,-236
9/27/2025 9:45,-238
9/27/2025 10:00,-420
9/27/2025 10:15,-502
9/27/2025 10:30,-1146
9/27/2025 10:45,-665
9/27/2025 11:00,-658
9/27/2025 11:15,-716
9/27/2025 11:30,-505
9/27/2025 11:45,-615
9/27/2025 12:00,-442
9/27/2025 12:15,-724
9/27/2025 12:30,-666
9/27/2025 12:45,-1141
9/27/2025 13:00,-1328
9/27/2025 13:15,-1541
9/27/2025 13:30,-1500
9/27/2025 13:45,-1463
9/27/2025 14:00,-1172
9/27/2025 14:15,-1160
9/27/2025 14:30,-801
9/27/2025 14:45,-1532
9/27/2025 15:00,-892
9/27/2025 15:15,-522
9/27/2025 15:30,-534
9/27/2025 15:45,-369
9/27/2025 16:00,-689
9/27/2025 16:15,-424
9/27/2025 16:30,-457
9/27/2025 16:45,-1666
9/27/2025 17:00,-1246
9/27/2025 17:15,-340
9/27/2025 17:30,-338
9/27/2025 17:45,-254
9/27/2025 18:00,-144
9/27/2025 18:15,-47
9/27/2025 18:30,-4
9/27/2025 18:45,-2
9/27/2025 19:00,-2
9/27/2025 19:15,-2
9/27/2025 19:30,-2
9/27/2025 19:45,-3
9/27/2025 20:00,-3
9/27/2025 20:15,-3
9/27/2025 20:30,-3
9/27/2025 20:45,-3
9/27/2025 21:00,-3
9/27/2025 21:15,-2
9/27/2025 21:30,-2
9/27/2025 21:45,-2
9/27/2025 22:00,-3
9/27/2025 22:15,-2
9/27/2025 22:30,-3
9/27/2025 22:45,-3
9/27/2025 23:00,-3
9/27/2025 23:15,-2
9/27/2025 23:30,-3
9/27/2025 23:45,-3
9/28/2025 0:00,-2
9/28/2025 0:15,-2
9/28/2025 0:30,-2
9/28/2025 0:45,-3
9/28/2025 1:00,-3
9/28/2025 1:15,-3
9/28/2025 1:30,-3
9/28/2025 1:45,-3
9/28/2025 2:00,-3
9/28/2025 2:15,-2
9/28/2025 2:30,-3
9/28/2025 2:45,-2
9/28/2025 3:00,-2
9/28/2025 3:15,-2
9/28/2025 3:30,-2
9/28/2025 3:45,-2
9/28/2025 4:00,-2
9/28/2025 4:15,-2
9/28/2025 4:30,-3
9/28/2025 4:45,-3
9/28/2025 5:00,-3
9/28/2025 5:15,-2
9/28/2025 5:30,-3
9/28/2025 5:45,-3
9/28/2025 6:00,-3
9/28/2025 6:15,-3
9/28/2025 6:30,-2
9/28/2025 6:45,-3
9/28/2025 7:00,-2
9/28/2025 7:15,-2
9/28/2025 7:30,-41
9/28/2025 7:45,-72
9/28/2025 8:00,-530
9/28/2025 8:15,-163
9/28/2025 8:30,-307
9/28/2025 8:45,-654
9/28/2025 9:00,-1646
9/28/2025 9:15,-1659
9/28/2025 9:30,-1620
9/28/2025 9:45,-1633
9/28/2025 10:00,-1470
9/28/2025 10:15,-1418
9/28/2025 10:30,-628
9/28/2025 10:45,-639
9/28/2025 11:00,-611
9/28/2025 11:15,-530
9/28/2025 11:30,-772
9/28/2025 11:45,-1375
9/28/2025 12:00,-1137
9/28/2025 12:15,-1279
9/28/2025 12:30,-1301
9/28/2025 12:45,-365
9/28/2025 13:00,-560
9/28/2025 13:15,-553
9/28/2025 13:30,-589
9/28/2025 13:45,-903
9/28/2025 14:00,-1059
9/28/2025 14:15,-1127
9/28/2025 14:30,-378
9/28/2025 14:45,-1488
9/28/2025 15:00,-598
9/28/2025 15:15,-784
9/28/2025 15:30,-451
9/28/2025 15:45,-1650
9/28/2025 16:00,-1565
9/28/2025 16:15,-1541
9/28/2025 16:30,-1648
9/28/2025 16:45,-416
9/28/2025 17:00,-450
9/28/2025 17:15,-351
9/28/2025 17:30,-211
9/28/2025 17:45,-139
9/28/2025 18:00,-12
9/28/2025 18:15,-3
9/28/2025 18:30,-2
9/28/2025 18:45,-2
9/28/2025 19:00,-2
9/28/2025 19:15,-2
9/28/2025 19:30,-2
9/28/2025 19:45,-2
9/28/2025 20:00,-2
9/28/2025 20:15,-2
9/28/2025 20:30,-2
9/28/2025 20:45,-1
9/28/2025 21:00,-1
9/28/2025 21:15,-2
9/28/2025 21:30,-2
9/28/2025 21:45,-1
9/28/2025 22:00,-2
9/28/2025 22:15,-3
9/28/2025 22:30,-2
9/28/2025 22:45,-3
9/28/2025 23:00,-3
9/28/2025 23:15,-3
9/28/2025 23:30,-2
9/28/2025 23:45,-2
9/29/2025 0:00,-2
9/29/2025 0:15,-3
9/29/2025 0:30,-3
9/29/2025 0:45,-3
9/29/2025 1:00,-2
9/29/2025 1:15,-2
9/29/2025 1:30,-2
9/29/2025 1:45,-2
9/29/2025 2:00,-3
9/29/2025 2:15,-3
9/29/2025 2:30,-3
9/29/2025 2:45,-2
9/29/2025 3:00,-2
9/29/2025 3:15,-3
9/29/2025 3:30,-2
9/29/2025 3:45,-2
9/29/2025 4:00,-2
9/29/2025 4:15,-2
9/29/2025 4:30,-3
9/29/2025 4:45,-2
9/29/2025 5:00,-2
9/29/2025 5:15,-2
9/29/2025 5:30,-2
9/29/2025 5:45,-2
9/29/2025 6:00,-2
9/29/2025 6:15,-2
9/29/2025 6:30,-2
9/29/2025 6:45,-2
9/29/2025 7:00,-2
9/29/2025 7:15,-1
9/29/2025 7:30,-43
9/29/2025 7:45,-68
9/29/2025 8:00,-81
9/29/2025 8:15,-163
9/29/2025 8:30,-299
9/29/2025 8:45,-361
9/29/2025 9:00,-1316
9/29/2025 9:15,-1664
9/29/2025 9:30,-1661
9/29/2025 9:45,-1656
9/29/2025 10:00,-1656
9/29/2025 10:15,-1277
9/29/2025 10:30,-1642
9/29/2025 10:45,-1469
9/29/2025 11:00,-886
9/29/2025 11:15,-1538
9/29/2025 11:30,-1585
9/29/2025 11:45,-1551
9/29/2025 12:00,-1545
9/29/2025 12:15,-1541
9/29/2025 12:30,-1543
9/29/2025 12:45,-1563
9/29/2025 13:00,-1577
9/29/2025 13:15,-1576
9/29/2025 13:30,-1597
9/29/2025 13:45,-1622
9/29/2025 14:00,-1595
9/29/2025 14:15,-1516
9/29/2025 14:30,-1624
9/29/2025 14:45,-1660
9/29/2025 15:00,-559
9/29/2025 15:15,-1432
9/29/2025 15:30,-1653
9/29/2025 15:45,-1613
9/29/2025 16:00,-1595
9/29/2025 16:15,-1589
9/29/2025 16:30,-1636
9/29/2025 16:45,-1615
9/29/2025 17:00,-1583
9/29/2025 17:15,-1440
9/29/2025 17:30,-1072
9/29/2025 17:45,-686
9/29/2025 18:00,-448
9/29/2025 18:15,-251
9/29/2025 18:30,-93
9/29/2025 18:45,-19
9/29/2025 19:00,-3
9/29/2025 19:15,-3
9/29/2025 19:30,-3
9/29/2025 19:45,-3
9/29/2025 20:00,-2
9/29/2025 20:15,-2
9/29/2025 20:30,-3
9/29/2025 20:45,-2
9/29/2025 21:00,-2
9/29/2025 21:15,-2
9/29/2025 21:30,-2
9/29/2025 21:45,-2
9/29/2025 22:00,-2
9/29/2025 22:15,-2
9/29/2025 22:30,-2
9/29/2025 22:45,-3
9/29/2025 23:00,-3
9/29/2025 23:15,-2
9/29/2025 23:30,-3
9/29/2025 23:45,-2
9/30/2025 0:00,-2
9/30/2025 0:15,-3
9/30/2025 0:30,-3
9/30/2025 0:45,-2
9/30/2025 1:00,-3
9/30/2025 1:15,-2
9/30/2025 1:30,-3
9/30/2025 1:45,-2
9/30/2025 2:00,-3
9/30/2025 2:15,-3
9/30/2025 2:30,-2
9/30/2025 2:45,-2
9/30/2025 3:00,-2
9/30/2025 3:15,-2
9/30/2025 3:30,-2
9/30/2025 3:45,-2
9/30/2025 4:00,-2
9/30/2025 4:15,-3
9/30/2025 4:30,-3
9/30/2025 4:45,-3
9/30/2025 5:00,-3
9/30/2025 5:15,-2
9/30/2025 5:30,-3
9/30/2025 5:45,-2
9/30/2025 6:00,-3
9/30/2025 6:15,-2
9/30/2025 6:30,-3
9/30/2025 6:45,-2
9/30/2025 7:00,-3
9/30/2025 7:15,-2
9/30/2025 7:30,-42
9/30/2025 7:45,-81
9/30/2025 8:00,-150
9/30/2025 8:15,-141
9/30/2025 8:30,-267
9/30/2025 8:45,-298
9/30/2025 9:00,-423
9/30/2025 9:15,-429
9/30/2025 9:30,-1129
9/30/2025 9:45,-670
9/30/2025 10:00,-1667
9/30/2025 10:15,-1011
9/30/2025 10:30,-1667
9/30/2025 10:45,-1653
9/30/2025 11:00,-1636
9/30/2025 11:15,-1630
9/30/2025 11:30,-1620
9/30/2025 11:45,-1629
9/30/2025 12:00,-1632
9/30/2025 12:15,-564
9/30/2025 12:30,-557
9/30/2025 12:45,-470
9/30/2025 13:00,-379
9/30/2025 13:15,-1421
9/30/2025 13:30,-911
9/30/2025 13:45,-904
9/30/2025 14:00,-480
9/30/2025 14:15,-558
9/30/2025 14:30,-1632
9/30/2025 14:45,-736
9/30/2025 15:00,-1630
9/30/2025 15:15,-487
9/30/2025 15:30,-489
9/30/2025 15:45,-1570
9/30/2025 16:00,-600
9/30/2025 16:15,-341
9/30/2025 16:30,-515
9/30/2025 16:45,-1639
9/30/2025 17:00,-1641
9/30/2025 17:15,-1497
9/30/2025 17:30,-1089
9/30/2025 17:45,-713
9/30/2025 18:00,-446
9/30/2025 18:15,-234
9/30/2025 18:30,-89
9/30/2025 18:45,-26
9/30/2025 19:00,-4
9/30/2025 19:15,-2
9/30/2025 19:30,-2
9/30/2025 19:45,-3
9/30/2025 20:00,-3
9/30/2025 20:15,-3
9/30/2025 20:30,-3
9/30/2025 20:45,-3
9/30/2025 21:00,-3
9/30/2025 21:15,-3
9/30/2025 21:30,-2
9/30/2025 21:45,-2
9/30/2025 22:00,-3
9/30/2025 22:15,-3
9/30/2025 22:30,-3
9/30/2025 22:45,-2
9/30/2025 23:00,-3
9/30/2025 23:15,-3
9/30/2025 23:30,-2
9/30/2025 23:45,-2
10/1/2025 0:00,-2
10/1/2025 0:15,-3
10/1/2025 0:30,-3
10/1/2025 0:45,-3
10/1/2025 1:00,-3
10/1/2025 1:15,-3
10/1/2025 1:30,-2
10/1/2025 1:45,-2
10/1/2025 2:00,-3
10/1/2025 2:15,-2
10/1/2025 2:30,-2
10/1/2025 2:45,-2
10/1/2025 3:00,-2
10/1/2025 3:15,-2
10/1/2025 3:30,-3
10/1/2025 3:45,-2
10/1/2025 4:00,-3
10/1/2025 4:15,-2
10/1/2025 4:30,-2
10/1/2025 4:45,-2
10/1/2025 5:00,-2
10/1/2025 5:15,-2
10/1/2025 5:30,-3
10/1/2025 5:45,-2
10/1/2025 6:00,-1
10/1/2025 6:15,-2
10/1/2025 6:30,-2
10/1/2025 6:45,-2
10/1/2025 7:00,-2
10/1/2025 7:15,-5
10/1/2025 7:30,-76
10/1/2025 7:45,-98
10/1/2025 8:00,-495
10/1/2025 8:15,-965
10/1/2025 8:30,-1277
10/1/2025 8:45,-1522
10/1/2025 9:00,-1565
10/1/2025 9:15,-1600
10/1/2025 9:30,-1631
10/1/2025 9:45,-1652
10/1/2025 10:00,-1666
10/1/2025 10:15,-1648
10/1/2025 10:30,-1665
10/1/2025 10:45,-1654
10/1/2025 11:00,-1633
10/1/2025 11:15,-1640
10/1/2025 11:30,-1602
10/1/2025 11:45,-1626
10/1/2025 12:00,-1619
10/1/2025 12:15,-1614
10/1/2025 12:30,-1609
10/1/2025 12:45,-1611
10/1/2025 13:00,-1627
10/1/2025 13:15,-1610
10/1/2025 13:30,-1665
10/1/2025 13:45,-1626
10/1/2025 14:00,-219
10/1/2025 14:15,-1235
10/1/2025 14:30,-1548
10/1/2025 14:45,-1538
10/1/2025 15:00,-1628
10/1/2025 15:15,-1661
10/1/2025 15:30,-1537
10/1/2025 15:45,-1586
10/1/2025 16:00,-1628
10/1/2025 16:15,-1641
10/1/2025 16:30,-1627
10/1/2025 16:45,-1593
10/1/2025 17:00,-1554
10/1/2025 17:15,-1372
10/1/2025 17:30,-955
10/1/2025 17:45,-601
10/1/2025 18:00,-399
10/1/2025 18:15,-214
10/1/2025 18:30,-72
10/1/2025 18:45,-17
10/1/2025 19:00,-4
10/1/2025 19:15,-3
10/1/2025 19:30,-3
10/1/2025 19:45,-2
10/1/2025 20:00,-3
10/1/2025 20:15,-3
10/1/2025 20:30,-2
10/1/2025 20:45,-2
10/1/2025 21:00,-3
10/1/2025 21:15,-2
10/1/2025 21:30,-2
10/1/2025 21:45,-3
10/1/2025 22:00,-2
10/1/2025 22:15,-3
10/1/2025 22:30,-3
10/1/2025 22:45,-3
10/1/2025 23:00,-3
10/1/2025 23:15,-3
10/1/2025 23:30,-3
10/1/2025 23:45,-3
10/2/2025 0:00,-3
10/2/2025 0:15,-1
10/2/2025 0:30,-2
10/2/2025 0:45,-3
10/2/2025 1:00,-1
10/2/2025 1:15,-3
10/2/2025 1:30,-2
10/2/2025 1:45,-2
10/2/2025 2:00,-2
10/2/2025 2:15,-3
10/2/2025 2:30,-3
10/2/2025 2:45,-3
10/2/2025 3:00,-2
10/2/2025 3:15,-2
10/2/2025 3:30,-2
10/2/2025 3:45,-2
10/2/2025 4:00,-2
10/2/2025 4:15,-3
10/2/2025 4:30,-2
10/2/2025 4:45,-3
10/2/2025 5:00,-2
10/2/2025 5:15,-2
10/2/2025 5:45,-2
10/2/2025 6:00,-2
10/2/2025 6:15,-3
10/2/2025 6:30,-2
10/2/2025 6:45,-3
10/2/2025 7:00,-2
10/2/2025 7:15,-18
10/2/2025 7:30,-118
10/2/2025 7:45,-359
10/2/2025 8:00,-665
10/2/2025 8:15,-986
10/2/2025 8:30,-1294
10/2/2025 8:45,-1546
10/2/2025 9:00,-1641
10/2/2025 9:15,-1667
10/2/2025 9:30,-1668
10/2/2025 9:45,-1666
10/2/2025 10:00,-1664
10/2/2025 10:15,-1657
10/2/2025 10:30,-1661
10/2/2025 10:45,-1646
10/2/2025 11:00,-1606
10/2/2025 11:15,-1622
10/2/2025 11:30,-1608
10/2/2025 11:45,-1603
10/2/2025 12:00,-1597
10/2/2025 12:15,-1591
10/2/2025 12:30,-1591
10/2/2025 12:45,-1589
10/2/2025 13:00,-1588
10/2/2025 13:15,-1581
10/2/2025 13:30,-1601
10/2/2025 13:45,-1597
10/2/2025 14:00,-1607
10/2/2025 14:15,-1594
10/2/2025 14:30,-1604
10/2/2025 14:45,-1618
10/2/2025 15:00,-1650
10/2/2025 15:15,-1642
10/2/2025 15:30,-1599
10/2/2025 15:45,-1562
10/2/2025 16:00,-1624
10/2/2025 16:15,-1514
10/2/2025 16:30,-1552
10/2/2025 16:45,-1496
10/2/2025 17:00,-1571
10/2/2025 17:15,-1355
10/2/2025 17:30,-942
10/2/2025 17:45,-616
10/2/2025 18:00,-397
10/2/2025 18:15,-202
10/2/2025 18:30,-60
10/2/2025 18:45,-15
10/2/2025 19:00,-3
10/2/2025 19:15,-3
10/2/2025 19:30,-4
10/2/2025 19:45,-2
10/2/2025 20:00,-3
10/2/2025 20:15,-3
10/2/2025 20:30,-3
10/2/2025 20:45,-4
10/2/2025 21:00,-3
10/2/2025 21:15,-3
10/2/2025 21:30,-3
10/2/2025 21:45,-3
10/2/2025 22:00,-3
10/2/2025 22:15,-3
10/2/2025 22:30,-2
10/2/2025 22:45,-2
10/2/2025 23:00,-2
10/2/2025 23:15,-1
10/2/2025 23:30,-3
10/2/2025 23:45,-3
10/3/2025 0:00,-2
10/3/2025 0:15,-2
10/3/2025 0:30,-2
10/3/2025 0:45,-2
10/3/2025 1:00,-3
10/3/2025 1:15,-3
10/3/2025 1:30,-2
10/3/2025 1:45,-3
10/3/2025 2:00,-3
10/3/2025 2:15,-3
10/3/2025 2:30,-2
10/3/2025 2:45,-2
10/3/2025 3:00,-2
10/3/2025 3:15,-2
10/3/2025 3:30,-2
10/3/2025 3:45,-2
10/3/2025 4:00,-2
10/3/2025 4:15,-2
10/3/2025 4:30,-2
10/3/2025 4:45,-2
10/3/2025 5:00,-2
10/3/2025 5:15,-3
10/3/2025 5:30,-2
10/3/2025 5:45,-3
10/3/2025 6:00,-3
10/3/2025 6:15,-2
10/3/2025 6:30,-2
10/3/2025 6:45,-3
10/3/2025 7:00,-2
10/3/2025 7:15,-17
10/3/2025 7:30,-113
10/3/2025 7:45,-348
10/3/2025 8:00,-660
10/3/2025 8:15,-971
10/3/2025 8:30,-1255
10/3/2025 8:45,-1519
10/3/2025 9:00,-1618
10/3/2025 9:15,-1659
10/3/2025 9:30,-1669
10/3/2025 9:45,-1636
10/3/2025 10:00,-1592
10/3/2025 10:15,-1664
10/3/2025 10:30,-1657
10/3/2025 10:45,-1574
10/3/2025 11:00,-1565
10/3/2025 11:15,-1529
10/3/2025 11:30,-572
10/3/2025 11:45,-627
10/3/2025 12:00,-569
10/3/2025 12:15,-1638
10/3/2025 12:30,-1611
10/3/2025 12:45,-1580
10/3/2025 13:00,-1582
10/3/2025 13:15,-418
10/3/2025 13:30,-1372
10/3/2025 13:45,-1647
10/3/2025 14:00,-392
10/3/2025 14:15,-368
10/3/2025 14:30,-1614
10/3/2025 14:45,-805
10/3/2025 15:00,-1451
10/3/2025 15:15,-488
10/3/2025 15:30,-315
10/3/2025 15:45,-332
10/3/2025 16:00,-795
10/3/2025 16:15,-496
10/3/2025 16:30,-1602
10/3/2025 16:45,-1567
10/3/2025 17:00,-496
10/3/2025 17:15,-106
10/3/2025 17:30,-62
10/3/2025 17:45,-4
10/3/2025 18:00,-4
10/3/2025 18:15,-3
10/3/2025 18:30,-2
10/3/2025 18:45,-4
10/3/2025 19:00,-3
10/3/2025 19:15,-3
10/3/2025 19:30,-2
10/3/2025 19:45,-3
10/3/2025 20:00,-3
10/3/2025 20:15,-3
10/3/2025 20:30,-2
10/3/2025 20:45,-3
10/3/2025 21:00,-2
10/3/2025 21:15,-2
10/3/2025 21:30,-3
10/3/2025 21:45,-3
10/3/2025 22:00,-3
10/3/2025 22:15,-3
10/3/2025 22:30,-2
10/3/2025 22:45,-2
10/3/2025 23:00,-2
10/3/2025 23:15,-2
10/3/2025 23:30,-2
10/3/2025 23:45,-3
10/4/2025 0:00,-2
10/4/2025 0:15,-2
10/4/2025 0:30,-3
10/4/2025 0:45,-3
10/4/2025 1:00,-2
10/4/2025 1:15,-2
10/4/2025 1:30,-2
10/4/2025 1:45,-2
10/4/2025 2:00,-2
10/4/2025 2:15,-2
10/4/2025 2:30,-3
10/4/2025 2:45,-3
10/4/2025 3:00,-3
10/4/2025 3:15,-2
10/4/2025 3:30,-2
10/4/2025 3:45,-2
10/4/2025 4:00,-2
10/4/2025 4:15,-2
10/4/2025 4:30,-2
10/4/2025 4:45,-3
10/4/2025 5:00,-2
10/4/2025 5:15,-2
10/4/2025 5:30,-2
10/4/2025 5:45,-4
10/4/2025 6:00,-3
10/4/2025 6:15,-4
10/4/2025 6:30,-4
10/4/2025 6:45,-3
10/4/2025 7:00,-2
10/4/2025 7:15,-2
10/4/2025 7:30,-7
10/4/2025 7:45,-9
10/4/2025 8:00,-557
10/4/2025 8:15,-117
10/4/2025 8:30,-224
10/4/2025 8:45,-148
10/4/2025 9:00,-219
10/4/2025 9:15,-1668
10/4/2025 9:30,-363
10/4/2025 9:45,-345
10/4/2025 10:00,-1652
10/4/2025 10:15,-1633
10/4/2025 10:45,-1667
10/4/2025 11:00,-1281
10/4/2025 11:15,-1128
10/4/2025 11:30,-1429
10/4/2025 11:45,-524
10/4/2025 12:00,-533
10/4/2025 12:15,-1620
10/4/2025 12:30,-1282
10/4/2025 12:45,-395
10/4/2025 13:00,-1528
10/4/2025 13:15,-449
10/4/2025 13:30,-1255
10/4/2025 13:45,-545
10/4/2025 14:00,-1007
10/4/2025 14:15,-1359
10/4/2025 14:30,-1425
10/4/2025 14:45,-1204
10/4/2025 15:00,-297
10/4/2025 15:15,-535
10/4/2025 15:30,-1388
10/4/2025 15:45,-1645
10/4/2025 16:00,-1525
10/4/2025 16:15,-1664
10/4/2025 16:30,-1663
10/4/2025 16:45,-1632
10/4/2025 17:00,-1548
10/4/2025 17:15,-1299
10/4/2025 17:30,-908
10/4/2025 17:45,-586
10/4/2025 18:00,-347
10/4/2025 18:15,-175
10/4/2025 18:30,-54
10/4/2025 18:45,-14
10/4/2025 19:00,-3
10/4/2025 19:15,-2
10/4/2025 19:30,-2
10/4/2025 19:45,-2
10/4/2025 20:00,-2
10/4/2025 20:15,-3
10/4/2025 20:30,-3
10/4/2025 20:45,-3
10/4/2025 21:00,-3
10/4/2025 21:15,-2
10/4/2025 21:30,-2
10/4/2025 21:45,-3
10/4/2025 22:00,-1
10/4/2025 22:15,-1
10/4/2025 22:30,-1
10/4/2025 22:45,-3
10/4/2025 23:00,-1
10/4/2025 23:15,-2
10/4/2025 23:30,-2
10/4/2025 23:45,-1
10/5/2025 0:00,-1
10/5/2025 0:15,-2
10/5/2025 0:30,-2
10/5/2025 0:45,-2
10/5/2025 1:00,-3
10/5/2025 1:15,-3
10/5/2025 1:30,-2
10/5/2025 1:45,-1
10/5/2025 2:00,-2
10/5/2025 2:15,-2
10/5/2025 2:30,-2
10/5/2025 2:45,-3
10/5/2025 3:00,-2
10/5/2025 3:15,-2
10/5/2025 3:30,-2
10/5/2025 3:45,-2
10/5/2025 4:00,-1
10/5/2025 4:15,-2
10/5/2025 4:30,-1
10/5/2025 4:45,-2
10/5/2025 5:00,-3
10/5/2025 5:15,-1
10/5/2025 5:30,-1
10/5/2025 5:45,-3
10/5/2025 6:00,-3
10/5/2025 6:15,-1
10/5/2025 6:30,-3
10/5/2025 7:00,-2
10/5/2025 7:15,-8
10/5/2025 7:30,-97
10/5/2025 7:45,-327
10/5/2025 8:00,-652
10/5/2025 8:15,-944
10/5/2025 8:30,-1270
10/5/2025 8:45,-1521
10/5/2025 9:00,-1632
10/5/2025 9:15,-1624
10/5/2025 9:30,-1617
10/5/2025 9:45,-1606
10/5/2025 10:00,-1588
10/5/2025 10:15,-1586
10/5/2025 10:30,-1597
10/5/2025 10:45,-1543
10/5/2025 11:00,-1380
10/5/2025 11:15,-1508
10/5/2025 11:30,-1518
10/5/2025 11:45,-1371
10/5/2025 12:00,-1255
10/5/2025 12:15,-1269
10/5/2025 12:30,-1356
10/5/2025 12:45,-1289
10/5/2025 13:00,-1268
10/5/2025 13:15,-1211
10/5/2025 13:30,-1185
10/5/2025 13:45,-1329
10/5/2025 14:00,-1406
10/5/2025 14:15,-1344
10/5/2025 14:30,-1351
10/5/2025 14:45,-1309
10/5/2025 15:00,-1405
10/5/2025 15:15,-1355
10/5/2025 15:30,-1325
10/5/2025 15:45,-1348
10/5/2025 16:00,-1605
10/5/2025 16:15,-1568
10/5/2025 16:30,-1645
10/5/2025 16:45,-1616
10/5/2025 17:00,-1553
10/5/2025 17:15,-1244
10/5/2025 17:30,-847
10/5/2025 17:45,-564
10/5/2025 18:00,-331
10/5/2025 18:15,-152
10/5/2025 18:30,-43
10/5/2025 18:45,-11
10/5/2025 19:00,-4
10/5/2025 19:15,-3
10/5/2025 19:30,-3
10/5/2025 19:45,-2
10/5/2025 20:00,-3
10/5/2025 20:15,-3
10/5/2025 20:30,-2
10/5/2025 20:45,-3
10/5/2025 21:00,-1
10/5/2025 21:15,-3
10/5/2025 21:30,-1
10/5/2025 21:45,-2
10/5/2025 22:00,-1
10/5/2025 22:15,-2
10/5/2025 22:30,-1
10/5/2025 22:45,-3
10/5/2025 23:00,-2
10/5/2025 23:15,-1
10/5/2025 23:30,-1
10/5/2025 23:45,-1
10/6/2025 0:00,-1
10/6/2025 0:15,-3
10/6/2025 0:30,-1
10/6/2025 0:45,-1
10/6/2025 1:00,-1
10/6/2025 1:15,-1
10/6/2025 1:30,-3
10/6/2025 1:45,-2
10/6/2025 2:00,-2
10/6/2025 2:15,-2
10/6/2025 2:30,-3
10/6/2025 2:45,-2
10/6/2025 3:00,-2
10/6/2025 3:15,-2
10/6/2025 3:30,-2
10/6/2025 3:45,-3
10/6/2025 4:00,-3
10/6/2025 4:15,-2
10/6/2025 4:30,-3
10/6/2025 4:45,-2
10/6/2025 5:00,-2
10/6/2025 5:15,-2
10/6/2025 5:30,-2
10/6/2025 5:45,-2
10/6/2025 6:00,-2
10/6/2025 6:15,-2
10/6/2025 6:30,-2
10/6/2025 6:45,-2
10/6/2025 7:00,-1
10/6/2025 7:15,-14
10/6/2025 7:30,-84
10/6/2025 7:45,-278
10/6/2025 8:00,-617
10/6/2025 8:15,-928
10/6/2025 8:30,-1245
10/6/2025 8:45,-1516
10/6/2025 9:00,-1634
10/6/2025 9:15,-1665
10/6/2025 9:30,-1666
10/6/2025 9:45,-1668
10/6/2025 10:00,-1667
10/6/2025 10:15,-1667
10/6/2025 10:30,-1666
10/6/2025 10:45,-1658
10/6/2025 11:00,-1643
10/6/2025 11:15,-1632
10/6/2025 11:30,-1628
10/6/2025 11:45,-1617
10/6/2025 12:00,-1606
10/6/2025 12:15,-1607
10/6/2025 12:30,-1607
10/6/2025 12:45,-1617
10/6/2025 13:00,-1603
10/6/2025 13:15,-1612
10/6/2025 13:30,-1623
10/6/2025 13:45,-1639
10/6/2025 14:00,-1641
10/6/2025 14:15,-1644
10/6/2025 14:30,-1653
10/6/2025 14:45,-1647
10/6/2025 15:00,-1656
10/6/2025 15:15,-1663
10/6/2025 15:30,-1643
10/6/2025 15:45,-1579
10/6/2025 16:00,-1523
10/6/2025 16:15,-1617
10/6/2025 16:30,-1587
10/6/2025 16:45,-1562
10/6/2025 17:00,-1483
10/6/2025 17:15,-1201
10/6/2025 17:30,-786
10/6/2025 17:45,-509
10/6/2025 18:00,-303
10/6/2025 18:15,-139
10/6/2025 18:30,-39
10/6/2025 18:45,-8
10/6/2025 19:00,-4
10/6/2025 19:15,-2
10/6/2025 19:30,-4
10/6/2025 19:45,-2
10/6/2025 20:00,-2
10/6/2025 20:15,-3
10/6/2025 20:30,-2
10/6/2025 20:45,-3
10/6/2025 21:00,-1
10/6/2025 21:15,-3
10/6/2025 21:30,-1
10/6/2025 21:45,-2
10/6/2025 22:00,-1
10/6/2025 22:15,-2
10/6/2025 22:30,-2
10/6/2025 22:45,-3
10/6/2025 23:00,-2
10/6/2025 23:15,-2
10/6/2025 23:30,-3
10/6/2025 23:45,-3
10/7/2025 0:00,-1
10/7/2025 0:15,-3
10/7/2025 0:30,-3
10/7/2025 0:45,-3
10/7/2025 1:00,-3
10/7/2025 1:15,-3
10/7/2025 1:30,-2
10/7/2025 1:45,-2
10/7/2025 2:00,-2
10/7/2025 2:15,-3
10/7/2025 2:30,-2
10/7/2025 2:45,-2
10/7/2025 3:00,-2
10/7/2025 3:15,-2
10/7/2025 3:30,-2
10/7/2025 3:45,-2
10/7/2025 4:00,-2
10/7/2025 4:15,-2
10/7/2025 4:30,-2
10/7/2025 4:45,-2
10/7/2025 5:00,-2
10/7/2025 5:15,-2
10/7/2025 5:30,-2
10/7/2025 5:45,-2
10/7/2025 6:00,-1
10/7/2025 6:15,-2
10/7/2025 6:30,-1
10/7/2025 6:45,-2
10/7/2025 7:00,-2
10/7/2025 7:15,-2
10/7/2025 7:30,-82
10/7/2025 7:45,-281
10/7/2025 8:00,-592
10/7/2025 8:15,-927
10/7/2025 8:30,-1236
10/7/2025 8:45,-1526
10/7/2025 9:00,-1638
10/7/2025 9:15,-1665
10/7/2025 9:30,-1662
10/7/2025 9:45,-1658
10/7/2025 10:00,-1656
10/7/2025 10:15,-1659
10/7/2025 10:30,-1655
10/7/2025 10:45,-1644
10/7/2025 11:00,-1639
10/7/2025 11:15,-1618
10/7/2025 11:30,-1616
10/7/2025 11:45,-1605
10/7/2025 12:00,-1586
10/7/2025 12:15,-1584
10/7/2025 12:30,-1574
10/7/2025 12:45,-1586
10/7/2025 13:00,-1576
10/7/2025 13:15,-1574
10/7/2025 13:30,-1586
10/7/2025 13:45,-1590
10/7/2025 14:00,-1586
10/7/2025 14:15,-1609
10/7/2025 14:30,-1623
10/7/2025 14:45,-1606
10/7/2025 15:00,-1609
10/7/2025 15:15,-1615
10/7/2025 15:30,-1608
10/7/2025 15:45,-1611
10/7/2025 16:00,-1555
10/7/2025 16:15,-1612
10/7/2025 16:30,-1579
10/7/2025 16:45,-1551
10/7/2025 17:00,-1492
10/7/2025 17:15,-1151
10/7/2025 17:30,-773
10/7/2025 17:45,-488
10/7/2025 18:00,-285
10/7/2025 18:15,-121
10/7/2025 18:30,-33
10/7/2025 18:45,-5
10/7/2025 19:00,-4
10/7/2025 19:15,-3
10/7/2025 19:30,-3
10/7/2025 19:45,-3
10/7/2025 20:00,-3
10/7/2025 20:15,-3
10/7/2025 20:30,-2
10/7/2025 20:45,-2
10/7/2025 21:00,-2
10/7/2025 21:15,-3
10/7/2025 21:30,-2
10/7/2025 21:45,-2
10/7/2025 22:00,-2
10/7/2025 22:15,-1
10/7/2025 22:30,-3
10/7/2025 22:45,-1
10/7/2025 23:00,-2
10/7/2025 23:15,-2
10/7/2025 23:30,-2
10/7/2025 23:45,-2
10/8/2025 0:00,-2
10/8/2025 0:15,-2
10/8/2025 0:30,-2
10/8/2025 0:45,-2
10/8/2025 1:00,-2
10/8/2025 1:15,-2
10/8/2025 1:30,-2
10/8/2025 1:45,-2
10/8/2025 2:00,-3
10/8/2025 2:15,-3
10/8/2025 2:30,-1
10/8/2025 2:45,-3
10/8/2025 3:00,-2
10/8/2025 3:15,-2
10/8/2025 3:30,-3
10/8/2025 3:45,-1
10/8/2025 4:00,-2
10/8/2025 4:15,-1
10/8/2025 4:30,-3
10/8/2025 4:45,-3
10/8/2025 5:00,-2
10/8/2025 5:15,-1
10/8/2025 5:30,-2
10/8/2025 5:45,-2
10/8/2025 6:00,-2
10/8/2025 6:15,-2
10/8/2025 6:30,-2
10/8/2025 6:45,-2
10/8/2025 7:00,-2
10/8/2025 7:15,-2
10/8/2025 7:30,-72
10/8/2025 7:45,-286
10/8/2025 8:00,-633
10/8/2025 8:15,-440
10/8/2025 8:30,-1290
10/8/2025 8:45,-1384
10/8/2025 9:00,-1540
10/8/2025 9:15,-1580
10/8/2025 9:30,-1571
10/8/2025 9:45,-1586
10/8/2025 10:00,-1596
10/8/2025 10:15,-1605
10/8/2025 10:30,-1636
10/8/2025 10:45,-1648
10/8/2025 11:00,-1648
10/8/2025 11:15,-1528
10/8/2025 11:30,-1596
10/8/2025 11:45,-1572
10/8/2025 12:00,-1564
10/8/2025 12:15,-1556
10/8/2025 12:30,-1560
10/8/2025 12:45,-1551
10/8/2025 13:00,-1553
10/8/2025 13:15,-1504
10/8/2025 13:30,-1522
10/8/2025 13:45,-1555
10/8/2025 14:00,-1524
10/8/2025 14:15,-1582
10/8/2025 14:30,-1604
10/8/2025 14:45,-1631
10/8/2025 15:00,-348
10/8/2025 15:15,-227
10/8/2025 15:30,-654
10/8/2025 15:45,-703
10/8/2025 16:00,-1648
10/8/2025 16:15,-1619
10/8/2025 16:30,-1615
10/8/2025 16:45,-1518
10/8/2025 17:00,-1407
10/8/2025 17:15,-1048
10/8/2025 17:30,-670
10/8/2025 17:45,-442
10/8/2025 18:00,-253
10/8/2025 18:15,-101
10/8/2025 18:30,-29
10/8/2025 18:45,-3
10/8/2025 19:00,-4
10/8/2025 19:15,-4
10/8/2025 19:30,-2
10/8/2025 19:45,-3
10/8/2025 20:00,-3
10/8/2025 20:15,-3
10/8/2025 20:30,-3
10/8/2025 20:45,-3
10/8/2025 21:00,-3
10/8/2025 21:15,-3
10/8/2025 21:30,-3
10/8/2025 21:45,-3
10/8/2025 22:00,-3
10/8/2025 22:15,-3
10/8/2025 22:30,-3
10/8/2025 22:45,-3
10/8/2025 23:00,-3
10/8/2025 23:15,-2
10/8/2025 23:30,-3
10/8/2025 23:45,-3
10/9/2025 0:00,-2
10/9/2025 0:15,-3
10/9/2025 0:30,-3
10/9/2025 0:45,-2
10/9/2025 1:00,-3
10/9/2025 1:15,-2
10/9/2025 1:30,-3
10/9/2025 1:45,-3
10/9/2025 2:00,-3
10/9/2025 2:15,-3
10/9/2025 2:30,-3
10/9/2025 2:45,-2
10/9/2025 3:00,-2
10/9/2025 3:15,-3
10/9/2025 3:30,-2
10/9/2025 3:45,-3
10/9/2025 4:00,-2
10/9/2025 4:15,-2
10/9/2025 4:30,-2
10/9/2025 4:45,-2
10/9/2025 5:00,-3
10/9/2025 5:15,-2
10/9/2025 5:30,-3
10/9/2025 5:45,-2
10/9/2025 6:00,-3
10/9/2025 6:15,-2
10/9/2025 6:30,-2
10/9/2025 6:45,-3
10/9/2025 7:00,-2
10/9/2025 7:15,-2
10/9/2025 7:30,-9
10/9/2025 7:45,-64
10/9/2025 8:00,-103
10/9/2025 8:15,-832
10/9/2025 8:30,-1141
10/9/2025 8:45,-1479
10/9/2025 9:00,-1541
10/9/2025 9:15,-1595
10/9/2025 9:30,-1587
10/9/2025 9:45,-1600
10/9/2025 10:00,-1604
10/9/2025 10:15,-1611
10/9/2025 10:30,-799
10/9/2025 10:45,-1209
10/9/2025 11:00,-1608
10/9/2025 11:15,-1570
10/9/2025 11:30,-1569
10/9/2025 11:45,-1549
10/9/2025 12:00,-1591
10/9/2025 12:15,-1572
10/9/2025 12:30,-1560
10/9/2025 12:45,-1538
10/9/2025 13:00,-1544
10/9/2025 13:15,-1570
10/9/2025 13:30,-1566
10/9/2025 13:45,-1582
10/9/2025 14:00,-342
10/9/2025 14:15,-1628
10/9/2025 14:30,-1632
10/9/2025 14:45,-1598
10/9/2025 15:00,-1383
10/9/2025 15:15,-858
10/9/2025 15:30,-1590
10/9/2025 15:45,-473
10/9/2025 16:00,-1087
10/9/2025 16:15,-1271
10/9/2025 16:30,-606
10/9/2025 16:45,-1495
10/9/2025 17:00,-383
10/9/2025 17:15,-269
10/9/2025 17:30,-313
10/9/2025 17:45,-197
10/9/2025 18:00,-125
10/9/2025 18:15,-74
10/9/2025 18:30,-20
10/9/2025 18:45,-3
10/9/2025 19:00,-2
10/9/2025 19:15,-4
10/9/2025 19:30,-4
10/9/2025 19:45,-3
10/9/2025 20:00,-4
10/9/2025 20:15,-2
10/9/2025 20:30,-2
10/9/2025 20:45,-4
10/9/2025 21:00,-3
10/9/2025 21:15,-4
10/9/2025 21:30,-2
10/9/2025 21:45,-3
10/9/2025 22:00,-2
10/9/2025 22:15,-2
10/9/2025 22:30,-3
10/9/2025 22:45,-2
10/9/2025 23:00,-2
10/9/2025 23:15,-3
10/9/2025 23:30,-3
10/9/2025 23:45,-2
10/10/2025 0:00,-3
10/10/2025 0:15,-2
10/10/2025 0:30,-3
10/10/2025 0:45,-2
10/10/2025 1:00,-2
10/10/2025 1:15,-3
10/10/2025 1:30,-2
10/10/2025 1:45,-3
10/10/2025 2:00,-3
10/10/2025 2:15,-3
10/10/2025 2:30,-2
10/10/2025 2:45,-2
10/10/2025 3:00,-2
10/10/2025 3:15,-2
10/10/2025 3:30,-2
10/10/2025 3:45,-2
10/10/2025 4:00,-3
10/10/2025 4:15,-3
10/10/2025 4:30,-2
10/10/2025 4:45,-2
10/10/2025 5:00,-3
10/10/2025 5:15,-2
10/10/2025 5:30,-3
10/10/2025 5:45,-3
10/10/2025 6:00,-3
10/10/2025 6:15,-2
10/10/2025 6:30,-2
10/10/2025 6:45,-2
10/10/2025 7:00,-2
10/10/2025 7:15,-2
10/10/2025 7:30,-2
10/10/2025 7:45,-2
10/10/2025 8:00,-8
10/10/2025 8:15,-14
10/10/2025 8:30,-22
10/10/2025 8:45,-12
10/10/2025 9:00,-46
10/10/2025 9:15,-49
10/10/2025 9:30,-59
10/10/2025 9:45,-73
10/10/2025 10:00,-154
10/10/2025 10:15,-108
10/10/2025 10:30,-55
10/10/2025 10:45,-92
10/10/2025 11:00,-73
10/10/2025 11:15,-74
10/10/2025 11:30,-62
10/10/2025 11:45,-64
10/10/2025 12:00,-145
10/10/2025 12:15,-294
10/10/2025 12:30,-335
10/10/2025 12:45,-435
10/10/2025 13:00,-469
10/10/2025 13:15,-439
10/10/2025 13:30,-400
10/10/2025 13:45,-279
10/10/2025 14:00,-243
10/10/2025 14:15,-230
10/10/2025 14:30,-193
10/10/2025 14:45,-143
10/10/2025 15:00,-131
10/10/2025 15:15,-190
10/10/2025 15:30,-282
10/10/2025 15:45,-220
10/10/2025 16:00,-175
10/10/2025 16:15,-168
10/10/2025 16:30,-152
10/10/2025 16:45,-87
10/10/2025 17:00,-70
10/10/2025 17:15,-62
10/10/2025 17:30,-44
10/10/2025 17:45,-46
10/10/2025 18:00,-37
10/10/2025 18:15,-15
10/10/2025 18:30,-4
10/10/2025 18:45,-2
10/10/2025 19:00,-2
10/10/2025 19:15,-2
10/10/2025 19:30,-3
10/10/2025 19:45,-2
10/10/2025 20:00,-4
10/10/2025 20:15,-3
10/10/2025 20:30,-3
10/10/2025 20:45,-4
10/10/2025 21:00,-2
10/10/2025 21:15,-2
10/10/2025 21:30,-4
10/10/2025 21:45,-4
10/10/2025 22:00,-4
10/10/2025 22:15,-2
10/10/2025 22:30,-3
10/10/2025 22:45,-3
10/10/2025 23:00,-2
10/10/2025 23:15,-2
10/10/2025 23:30,-2
10/10/2025 23:45,-2
10/11/2025 0:00,-2
10/11/2025 0:15,-2
10/11/2025 0:30,-4
10/11/2025 0:45,-2
10/11/2025 1:00,-2
10/11/2025 1:15,-4
10/11/2025 1:30,-2
10/11/2025 1:45,-4
10/11/2025 2:00,-3
10/11/2025 2:15,-3
10/11/2025 2:30,-3
10/11/2025 2:45,-2
10/11/2025 3:00,-3
10/11/2025 3:15,-3
10/11/2025 3:30,-2
10/11/2025 3:45,-3
10/11/2025 4:00,-4
10/11/2025 4:15,-3
10/11/2025 4:30,-2
10/11/2025 4:45,-2
10/11/2025 5:00,-2
10/11/2025 5:15,-3
10/11/2025 5:30,-2
10/11/2025 5:45,-2
10/11/2025 6:00,-2
10/11/2025 6:15,-2
10/11/2025 6:30,-2
10/11/2025 6:45,-4
10/11/2025 7:00,-4
10/11/2025 7:15,-4
10/11/2025 7:30,-3
10/11/2025 7:45,-19
10/11/2025 8:00,-2
10/11/2025 8:15,-45
10/11/2025 8:30,-37
10/11/2025 8:45,-41
10/11/2025 9:00,-51
10/11/2025 9:15,-46
10/11/2025 9:30,-50
10/11/2025 9:45,-48
10/11/2025 10:00,-42
10/11/2025 10:15,-67
10/11/2025 10:30,-70
10/11/2025 10:45,-175
10/11/2025 11:00,-155
10/11/2025 11:15,-116
10/11/2025 11:30,-138
10/11/2025 11:45,-269
10/11/2025 12:00,-314
10/11/2025 12:15,-212
10/11/2025 12:30,-157
10/11/2025 12:45,-272
10/11/2025 13:00,-253
10/11/2025 13:15,-176
10/11/2025 13:30,-282
10/11/2025 13:45,-471
10/11/2025 14:00,-558
10/11/2025 14:15,-624
10/11/2025 14:30,-541
10/11/2025 14:45,-337
10/11/2025 15:00,-127
10/11/2025 15:15,-148
10/11/2025 15:30,-177
10/11/2025 15:45,-166
10/11/2025 16:00,-168
10/11/2025 16:15,-161
10/11/2025 16:30,-425
10/11/2025 16:45,-347
10/11/2025 17:00,-832
10/11/2025 17:15,-158
10/11/2025 17:30,-67
10/11/2025 17:45,-303
10/11/2025 18:00,-60
10/11/2025 18:15,-49
10/11/2025 18:30,-20
10/11/2025 18:45,-2
10/11/2025 19:00,-3
10/11/2025 19:15,-3
10/11/2025 19:30,-2
10/11/2025 19:45,-2
10/11/2025 20:00,-3
10/11/2025 20:15,-2
10/11/2025 20:30,-4
10/11/2025 20:45,-2
10/11/2025 21:00,-2
10/11/2025 21:15,-2
10/11/2025 21:30,-3
10/11/2025 21:45,-4
10/11/2025 22:00,-2
10/11/2025 22:15,-2
10/11/2025 22:30,-2
10/11/2025 22:45,-2
10/11/2025 23:00,-3
10/11/2025 23:15,-3
10/11/2025 23:30,-3
10/11/2025 23:45,-2
10/12/2025 0:00,-2
10/12/2025 0:15,-2
10/12/2025 0:30,-4
10/12/2025 0:45,-2
10/12/2025 1:00,-3
10/12/2025 1:15,-4
10/12/2025 1:30,-4
10/12/2025 1:45,-2
10/12/2025 2:00,-2
10/12/2025 2:15,-4
10/12/2025 2:30,-4
10/12/2025 2:45,-2
10/12/2025 3:00,-2
10/12/2025 3:15,-4
10/12/2025 3:30,-4
10/12/2025 3:45,-4
10/12/2025 4:00,-2
10/12/2025 4:15,-2
10/12/2025 4:30,-2
10/12/2025 4:45,-2
10/12/2025 5:00,-2
10/12/2025 5:15,-2
10/12/2025 5:30,-2
10/12/2025 5:45,-2
10/12/2025 6:00,-2
10/12/2025 6:15,-2
10/12/2025 6:30,-2
10/12/2025 6:45,-2
10/12/2025 7:00,-2
10/12/2025 7:15,-3
10/12/2025 7:30,-13
10/12/2025 7:45,-24
10/12/2025 8:00,-139
10/12/2025 8:15,-275
10/12/2025 8:30,-1259
10/12/2025 8:45,-1337
10/12/2025 9:00,-201
10/12/2025 9:15,-1333
10/12/2025 9:30,-403
10/12/2025 9:45,-396
10/12/2025 10:00,-943
10/12/2025 10:15,-475
10/12/2025 10:30,-544
10/12/2025 10:45,-1631
10/12/2025 11:00,-1182
10/12/2025 11:15,-744
10/12/2025 11:30,-898
10/12/2025 11:45,-1550
10/12/2025 12:00,-1601
10/12/2025 12:15,-1613
10/12/2025 12:30,-1541
10/12/2025 12:45,-1566
10/12/2025 13:00,-1632
10/12/2025 13:15,-1520
10/12/2025 13:30,-1630
10/12/2025 13:45,-1025
10/12/2025 14:00,0
10/12/2025 14:15,-466
10/12/2025 14:30,-431
10/12/2025 14:45,-740
10/12/2025 15:00,-1056
10/12/2025 15:15,-1415
10/12/2025 15:30,-1356
10/12/2025 15:45,-1302
10/12/2025 16:00,-1494
10/12/2025 16:15,-1592
10/12/2025 16:30,-1651
10/12/2025 16:45,-624
10/12/2025 17:00,-879
10/12/2025 17:15,-661
10/12/2025 17:30,-600
10/12/2025 17:45,-321
10/12/2025 18:00,-170
10/12/2025 18:15,-81
10/12/2025 18:30,-23
10/12/2025 18:45,-4
10/12/2025 19:00,-2
10/12/2025 19:15,-2
10/12/2025 19:30,-3
10/12/2025 19:45,-2
10/12/2025 20:00,-2
10/12/2025 20:15,-3
10/12/2025 20:30,-2
10/12/2025 20:45,-3
10/12/2025 21:00,-3
10/12/2025 21:15,-3
10/12/2025 21:30,-2
10/12/2025 21:45,-2
10/12/2025 22:00,-3
10/12/2025 22:15,-3
10/12/2025 22:30,-1
10/12/2025 22:45,-1
10/12/2025 23:00,-2
10/12/2025 23:15,-1
10/12/2025 23:30,-1
10/12/2025 23:45,-2
10/13/2025 0:00,-1
10/13/2025 0:15,-1
10/13/2025 0:30,-2
10/13/2025 0:45,-2
10/13/2025 1:00,-3
10/13/2025 1:15,-1
10/13/2025 1:30,-3
10/13/2025 1:45,-3
10/13/2025 2:00,-1
10/13/2025 2:15,-3
10/13/2025 2:30,-3
10/13/2025 2:45,-2
10/13/2025 3:00,-2
10/13/2025 3:15,-2
10/13/2025 3:30,-2
10/13/2025 3:45,-2
10/13/2025 4:00,-2
10/13/2025 4:15,-2
10/13/2025 4:30,-2
10/13/2025 4:45,-2
10/13/2025 5:00,-3
10/13/2025 5:15,-2
10/13/2025 5:30,-2
10/13/2025 5:45,-2
10/13/2025 6:00,-2
10/13/2025 6:15,-2
10/13/2025 6:30,-2
10/13/2025 6:45,-2
10/13/2025 7:00,-2
10/13/2025 7:15,-2
10/13/2025 7:30,-2
10/13/2025 7:45,-2
10/13/2025 8:00,-2
10/13/2025 8:15,-2
10/13/2025 8:30,-13
10/13/2025 8:45,-2
10/13/2025 9:00,-7
10/13/2025 9:15,-21
10/13/2025 9:30,-59
10/13/2025 9:45,-156
10/13/2025 10:00,-33
10/13/2025 10:15,-33
10/13/2025 10:30,-2
10/13/2025 10:45,-37
10/13/2025 11:00,-374
10/13/2025 11:15,-399
10/13/2025 11:30,-294
10/13/2025 11:45,-378
10/13/2025 12:00,-765
10/13/2025 12:15,-640
10/13/2025 12:30,-471
10/13/2025 12:45,-450
10/13/2025 13:00,-747
10/13/2025 13:15,-456
10/13/2025 13:30,-1669
10/13/2025 13:45,-537
10/13/2025 14:00,-486
10/13/2025 14:15,-742
10/13/2025 14:30,-1660
10/13/2025 14:45,-629
10/13/2025 15:00,-1103
10/13/2025 15:15,-474
10/13/2025 15:30,-678
10/13/2025 15:45,-650
10/13/2025 16:00,-1050
10/13/2025 16:15,-374
10/13/2025 16:30,-311
10/13/2025 16:45,-233
10/13/2025 17:00,-93
10/13/2025 17:15,-99
10/13/2025 17:30,-75
10/13/2025 17:45,-48
10/13/2025 18:00,-10
10/13/2025 18:15,-2
10/13/2025 18:30,-2
10/13/2025 18:45,-2
10/13/2025 19:00,-2
10/13/2025 19:15,-2
10/13/2025 19:30,-2
10/13/2025 19:45,-2
10/13/2025 20:00,-3
10/13/2025 20:15,-2
10/13/2025 20:30,-2
10/13/2025 20:45,-2
10/13/2025 21:00,-2
10/13/2025 21:15,-2
10/13/2025 21:30,-2
10/13/2025 21:45,-2
10/13/2025 22:00,-2
10/13/2025 22:15,-2
10/13/2025 22:30,-2
10/13/2025 22:45,-2
10/13/2025 23:00,-2
10/13/2025 23:15,-3
10/13/2025 23:30,-2
10/13/2025 23:45,-2
10/14/2025 0:00,-3
10/14/2025 0:15,-2
10/14/2025 0:30,-2
10/14/2025 0:45,-3
10/14/2025 1:00,-4
10/14/2025 1:15,-2
10/14/2025 1:30,-2
10/14/2025 1:45,-2
10/14/2025 2:00,-2
10/14/2025 2:15,-2
10/14/2025 2:30,-2
10/14/2025 2:45,-2
10/14/2025 3:00,-2
10/14/2025 3:15,-2
10/14/2025 3:30,-3
10/14/2025 3:45,-2
10/14/2025 4:00,-2
10/14/2025 4:15,-2
10/14/2025 4:30,-2
10/14/2025 4:45,-2
10/14/2025 5:00,-3
10/14/2025 5:15,-2
10/14/2025 5:30,-2
10/14/2025 5:45,-2
10/14/2025 6:00,-3
10/14/2025 6:15,-2
10/14/2025 6:30,-2
10/14/2025 6:45,-2
10/14/2025 7:00,-2
10/14/2025 7:15,-2
10/14/2025 7:30,-26
10/14/2025 7:45,-210
10/14/2025 8:00,-521
10/14/2025 8:15,-781
10/14/2025 8:30,-1112
10/14/2025 8:45,-1245
10/14/2025 9:00,-291
10/14/2025 9:15,-747
10/14/2025 9:30,-249
10/14/2025 9:45,-274
10/14/2025 10:00,-886
10/14/2025 10:15,-601
10/14/2025 10:30,-226
10/14/2025 10:45,-468
10/14/2025 11:00,-381
10/14/2025 11:15,-1666
10/14/2025 11:30,-621
10/14/2025 11:45,-410
10/14/2025 12:00,-466
10/14/2025 12:15,-338
10/14/2025 12:30,-255
10/14/2025 12:45,-822
10/14/2025 13:00,-618
10/14/2025 13:15,-1654
10/14/2025 13:30,-334
10/14/2025 13:45,-627
10/14/2025 14:00,-804
10/14/2025 14:15,-388
10/14/2025 14:30,-776
10/14/2025 14:45,-1451
10/14/2025 15:00,-420
10/14/2025 15:15,-1457
10/14/2025 15:30,-1627
10/14/2025 15:45,-802
10/14/2025 16:00,-1666
10/14/2025 16:15,-174
10/14/2025 16:30,-203
10/14/2025 16:45,-1285
10/14/2025 17:00,-122
10/14/2025 17:15,-106
10/14/2025 17:30,-675
10/14/2025 17:45,-338
10/14/2025 18:00,-227
10/14/2025 18:15,-77
10/14/2025 18:30,-21
10/14/2025 18:45,-2
10/14/2025 19:00,-2
10/14/2025 19:15,-2
10/14/2025 19:30,-2
10/14/2025 19:45,-2
10/14/2025 20:00,-2
10/14/2025 20:15,-2
10/14/2025 20:30,-2
10/14/2025 20:45,-2
10/14/2025 21:00,-2
10/14/2025 21:15,-2
10/14/2025 21:30,-3
10/14/2025 21:45,-2
10/14/2025 22:00,-2
10/14/2025 22:15,-2
10/14/2025 22:30,-3
10/14/2025 22:45,-3
10/14/2025 23:00,-2
10/14/2025 23:15,-3
10/14/2025 23:30,-2
10/14/2025 23:45,-2
10/15/2025 0:00,-3
10/15/2025 0:15,-2
10/15/2025 0:30,-2
10/15/2025 0:45,-2
10/15/2025 1:00,-2
10/15/2025 1:15,-3
10/15/2025 1:30,-3
10/15/2025 1:45,-2
10/15/2025 2:00,-2
10/15/2025 2:15,-2
10/15/2025 2:30,-2
10/15/2025 2:45,-2
10/15/2025 3:00,-2
10/15/2025 3:15,-2
10/15/2025 3:30,-2
10/15/2025 3:45,-2
10/15/2025 4:00,-2
10/15/2025 4:15,-2
10/15/2025 4:30,-2
10/15/2025 4:45,-2
10/15/2025 5:00,-2
10/15/2025 5:15,-4
10/15/2025 5:30,-2
10/15/2025 5:45,-2
10/15/2025 6:00,-3
10/15/2025 6:15,-2
10/15/2025 6:30,-3
10/15/2025 6:45,-3
10/15/2025 7:00,-2
10/15/2025 7:15,-2
10/15/2025 7:30,-2
10/15/2025 7:45,-46
10/15/2025 8:00,-274
10/15/2025 8:15,-126
10/15/2025 8:30,-174
10/15/2025 8:45,-240
10/15/2025 9:00,-303
10/15/2025 9:15,-1294
10/15/2025 9:30,-299
10/15/2025 9:45,-254
10/15/2025 10:00,-1470
10/15/2025 10:15,-605
10/15/2025 10:30,-789
10/15/2025 10:45,-883
10/15/2025 11:00,-565
10/15/2025 11:15,-536
10/15/2025 11:30,-1650
10/15/2025 11:45,-498
10/15/2025 12:00,-526
10/15/2025 12:15,-1509
10/15/2025 12:30,-912
10/15/2025 12:45,-876
10/15/2025 13:00,-712
10/15/2025 13:15,-734
10/15/2025 13:30,-1288
10/15/2025 13:45,-1666
10/15/2025 14:00,-1624
10/15/2025 14:15,-1571
10/15/2025 14:30,-1587
10/15/2025 14:45,-1633
10/15/2025 15:00,-1601
10/15/2025 15:15,-1608
10/15/2025 15:30,-1621
10/15/2025 15:45,-1640
10/15/2025 16:00,-1659
10/15/2025 16:15,-1597
10/15/2025 16:30,-1567
10/15/2025 16:45,-1525
10/15/2025 17:00,-1289
10/15/2025 17:15,-892
10/15/2025 17:30,-580
10/15/2025 17:45,-339
10/15/2025 18:00,-175
10/15/2025 18:15,-58
10/15/2025 18:30,-16
10/15/2025 18:45,-3
10/15/2025 19:00,-4
10/15/2025 19:15,-2
10/15/2025 19:30,-2
10/15/2025 19:45,-2
10/15/2025 20:00,-2
10/15/2025 20:15,-2
10/15/2025 20:30,-2
10/15/2025 20:45,-3
10/15/2025 21:00,-2
10/15/2025 21:15,-2
10/15/2025 21:30,-3
10/15/2025 21:45,-3
10/15/2025 22:00,-2
10/15/2025 22:15,-2
10/15/2025 22:30,-2
10/15/2025 22:45,-2
10/15/2025 23:00,-2
10/15/2025 23:15,-2
10/15/2025 23:30,-2
10/15/2025 23:45,-2
10/16/2025 0:00,-2
10/16/2025 0:15,-3
10/16/2025 0:30,-2
10/16/2025 0:45,-2
10/16/2025 1:00,-2
10/16/2025 1:15,-2
10/16/2025 1:30,-2
10/16/2025 1:45,-2
10/16/2025 2:00,-2
10/16/2025 2:15,-2
10/16/2025 2:30,-1
10/16/2025 2:45,-1
10/16/2025 3:00,-2
10/16/2025 3:15,-2
10/16/2025 3:30,-2
10/16/2025 3:45,-2
10/16/2025 4:00,-1
10/16/2025 4:15,-1
10/16/2025 4:30,-1
10/16/2025 4:45,-1
10/16/2025 5:00,-1
10/16/2025 5:15,-2
10/16/2025 5:30,-1
10/16/2025 5:45,-2
10/16/2025 6:00,-1
10/16/2025 6:15,-2
10/16/2025 6:30,-1
10/16/2025 6:45,-1
10/16/2025 7:00,-1
10/16/2025 7:15,-2
10/16/2025 7:30,-21
10/16/2025 7:45,-135
10/16/2025 8:00,-382
10/16/2025 8:15,-717
10/16/2025 8:30,-1035
10/16/2025 8:45,-1331
10/16/2025 9:00,-1565
10/16/2025 9:15,-1522
10/16/2025 9:30,-1632
10/16/2025 9:45,-1644
10/16/2025 10:00,-1657
10/16/2025 10:15,-1648
10/16/2025 10:30,-1647
10/16/2025 10:45,-1622
10/16/2025 11:00,-1598
10/16/2025 11:15,-1594
10/16/2025 11:30,-1591
10/16/2025 11:45,-1578
10/16/2025 12:00,-1527
10/16/2025 12:15,-1500
10/16/2025 12:30,-1547
10/16/2025 12:45,-1534
10/16/2025 13:00,-1538
10/16/2025 13:15,-1561
10/16/2025 13:30,-1567
10/16/2025 13:45,-1550
10/16/2025 14:00,-1554
10/16/2025 14:15,-1575
10/16/2025 14:30,-1573
10/16/2025 14:45,-1584
10/16/2025 15:00,-1592
10/16/2025 15:15,-1508
10/16/2025 15:30,-1541
10/16/2025 15:45,-1626
10/16/2025 16:00,-1623
10/16/2025 16:15,-1624
10/16/2025 16:30,-1601
10/16/2025 16:45,-1575
10/16/2025 17:00,-1333
10/16/2025 17:15,-896
10/16/2025 17:30,-594
10/16/2025 17:45,-336
10/16/2025 18:00,-167
10/16/2025 18:15,-48
10/16/2025 18:30,-11
10/16/2025 18:45,-2
10/16/2025 19:00,-2
10/16/2025 19:15,-2
10/16/2025 19:30,-2
10/16/2025 19:45,-2
10/16/2025 20:00,-2
10/16/2025 20:15,-3
10/16/2025 20:30,-2
10/16/2025 20:45,-3
10/16/2025 21:00,-1
10/16/2025 21:15,-2
10/16/2025 21:30,-1
10/16/2025 21:45,-2
10/16/2025 22:00,-2
10/16/2025 22:15,-2
10/16/2025 22:30,-1
10/16/2025 22:45,-2
10/16/2025 23:00,-2
10/16/2025 23:15,-1
10/16/2025 23:30,-1
10/16/2025 23:45,-1
10/17/2025 0:00,-1
10/17/2025 0:15,-1
10/17/2025 0:30,-1
10/17/2025 0:45,-1
10/17/2025 1:00,-1
10/17/2025 1:15,-2
10/17/2025 1:30,-2
10/17/2025 1:45,-2
10/17/2025 2:00,-1
10/17/2025 2:15,-2
10/17/2025 2:30,-2
10/17/2025 2:45,-2
10/17/2025 3:00,-2
10/17/2025 3:15,-2
10/17/2025 3:30,-2
10/17/2025 3:45,-1
10/17/2025 4:00,-2
10/17/2025 4:15,-1
10/17/2025 4:30,-2
10/17/2025 4:45,-1
10/17/2025 5:00,-2
10/17/2025 5:15,-1
10/17/2025 5:30,-1
10/17/2025 5:45,-1
10/17/2025 6:00,-1
10/17/2025 6:15,-1
10/17/2025 6:30,-1
10/17/2025 6:45,-2
10/17/2025 7:00,-1
10/17/2025 7:15,-4
10/17/2025 7:30,-17
10/17/2025 7:45,-179
10/17/2025 8:00,-430
10/17/2025 8:15,-731
10/17/2025 8:30,-1025
10/17/2025 8:45,-1337
10/17/2025 9:00,-1554
10/17/2025 9:15,-1601
10/17/2025 9:30,-1590
10/17/2025 9:45,-1557
10/17/2025 10:00,-1548
10/17/2025 10:15,-1664
10/17/2025 10:30,-1655
10/17/2025 10:45,-1638
10/17/2025 11:00,-1620
10/17/2025 11:15,-1609
10/17/2025 11:30,-1590
10/17/2025 11:45,-1581
10/17/2025 12:00,-1569
10/17/2025 12:15,-1552
10/17/2025 12:30,-1546
10/17/2025 12:45,-1531
10/17/2025 13:00,-1536
10/17/2025 13:15,-1558
10/17/2025 13:30,-1579
10/17/2025 13:45,-1580
10/17/2025 14:00,-1566
10/17/2025 14:15,-1559
10/17/2025 14:30,-1606
10/17/2025 14:45,-1621
10/17/2025 15:00,-1628
10/17/2025 15:15,-1641
10/17/2025 15:30,-1653
10/17/2025 15:45,-1650
10/17/2025 16:00,-1655
10/17/2025 16:15,-1634
10/17/2025 16:30,-1601
10/17/2025 16:45,-1543
10/17/2025 17:00,-1273
10/17/2025 17:15,-862
10/17/2025 17:30,-536
10/17/2025 17:45,-329
10/17/2025 18:00,-152
10/17/2025 18:15,-42
10/17/2025 18:30,-9
10/17/2025 18:45,-3
10/17/2025 19:00,-2
10/17/2025 19:15,-2
10/17/2025 19:30,-2
10/17/2025 19:45,-3
10/17/2025 20:00,-2
10/17/2025 20:15,-2
10/17/2025 20:30,-1
10/17/2025 20:45,-2
10/17/2025 21:00,-2
10/17/2025 21:15,-2
10/17/2025 21:30,-2
10/17/2025 21:45,-2
10/17/2025 22:00,-2
10/17/2025 22:15,-2
10/17/2025 22:30,-1
10/17/2025 22:45,-2
10/17/2025 23:00,-1
10/17/2025 23:15,-2
10/17/2025 23:30,-1
10/17/2025 23:45,-1
10/18/2025 0:00,-1
10/18/2025 0:15,-1
10/18/2025 0:30,-2
10/18/2025 0:45,-1
10/18/2025 1:00,-2
10/18/2025 1:15,-1
10/18/2025 1:30,-1
10/18/2025 1:45,-1
10/18/2025 2:00,-2
10/18/2025 2:15,-1
10/18/2025 2:30,-1
10/18/2025 2:45,-2
10/18/2025 3:00,-1
10/18/2025 3:15,-2
10/18/2025 3:30,-1
10/18/2025 3:45,-2
10/18/2025 4:00,-1
10/18/2025 4:15,-2
10/18/2025 4:30,-1
10/18/2025 4:45,-2
10/18/2025 5:00,-1
10/18/2025 5:15,-2
10/18/2025 5:30,-1
10/18/2025 5:45,-1
10/18/2025 6:00,-1
10/18/2025 6:15,-2
10/18/2025 6:30,-1
10/18/2025 6:45,-1
10/18/2025 7:00,-1
10/18/2025 7:15,-2
10/18/2025 7:30,-18
10/18/2025 7:45,-143
10/18/2025 8:00,-385
10/18/2025 8:15,-655
10/18/2025 8:30,-984
10/18/2025 8:45,-1279
10/18/2025 9:00,-1550
10/18/2025 9:15,-1585
10/18/2025 9:30,-1608
10/18/2025 9:45,-1617
10/18/2025 10:00,-1631
10/18/2025 10:15,-1631
10/18/2025 10:30,-1630
10/18/2025 10:45,-1606
10/18/2025 11:00,-1595
10/18/2025 11:15,-1585
10/18/2025 11:30,-1567
10/18/2025 11:45,-1558
10/18/2025 12:00,-1555
10/18/2025 12:15,-1549
10/18/2025 12:30,-1543
10/18/2025 12:45,-1547
10/18/2025 13:00,-1543
10/18/2025 13:15,-1548
10/18/2025 13:30,-1543
10/18/2025 13:45,-1551
10/18/2025 14:00,-1556
10/18/2025 14:15,-1573
10/18/2025 14:30,-1585
10/18/2025 14:45,-1592
10/18/2025 15:00,-1612
10/18/2025 15:15,-1606
10/18/2025 15:30,-1640
10/18/2025 15:45,-1605
10/18/2025 16:00,-1531
10/18/2025 16:15,-1629
10/18/2025 16:30,-1595
10/18/2025 16:45,-1532
10/18/2025 17:00,-1250
10/18/2025 17:15,-849
10/18/2025 17:30,-528
10/18/2025 17:45,-305
10/18/2025 18:00,-138
10/18/2025 18:15,-39
10/18/2025 18:30,-7
10/18/2025 18:45,-2
10/18/2025 19:00,-3
10/18/2025 19:15,-2
10/18/2025 19:30,-2
10/18/2025 19:45,-2
10/18/2025 20:00,-2
10/18/2025 20:15,-3
10/18/2025 20:30,-2
10/18/2025 20:45,-2
10/18/2025 21:00,-3
10/18/2025 21:15,-3
10/18/2025 21:30,-2
10/18/2025 21:45,-1
10/18/2025 22:00,-2
10/18/2025 22:15,-2
10/18/2025 22:30,-1
10/18/2025 22:45,-1
10/18/2025 23:00,-1
10/18/2025 23:15,-1
10/18/2025 23:30,-2
10/18/2025 23:45,-1
10/19/2025 0:00,-1
10/19/2025 0:15,-1
10/19/2025 0:30,-1
10/19/2025 0:45,-1
10/19/2025 1:00,-1
10/19/2025 1:15,-3
10/19/2025 1:30,-1
10/19/2025 1:45,-1
10/19/2025 2:00,-2
10/19/2025 2:15,-2
10/19/2025 2:30,-2
10/19/2025 2:45,-2
10/19/2025 3:00,-1
10/19/2025 3:15,-2
10/19/2025 3:30,-2
10/19/2025 3:45,-1
10/19/2025 4:00,-1
10/19/2025 4:15,-1
10/19/2025 4:30,-2
10/19/2025 4:45,-2
10/19/2025 5:00,-1
10/19/2025 5:15,-1
10/19/2025 5:30,-1
10/19/2025 5:45,-1
10/19/2025 6:00,-2
10/19/2025 6:15,-1
10/19/2025 6:30,-2
10/19/2025 6:45,-1
10/19/2025 7:00,-1
10/19/2025 7:15,-1
10/19/2025 7:30,-11
10/19/2025 7:45,-143
10/19/2025 8:00,-355
10/19/2025 8:15,-649
10/19/2025 8:30,-967
10/19/2025 8:45,-1253
10/19/2025 9:00,-1502
10/19/2025 9:15,-1585
10/19/2025 9:30,-1611
10/19/2025 9:45,-1624
10/19/2025 10:00,-1555
10/19/2025 10:15,-1622
10/19/2025 10:30,-1612
10/19/2025 10:45,-1594
10/19/2025 11:00,-1583
10/19/2025 11:15,-1573
10/19/2025 11:30,-1553
10/19/2025 11:45,-1541
10/19/2025 12:00,-1532
10/19/2025 12:15,-1523
10/19/2025 12:30,-1520
10/19/2025 12:45,-1514
10/19/2025 13:00,-1512
10/19/2025 13:15,-1523
10/19/2025 13:30,-1536
10/19/2025 13:45,-1553
10/19/2025 14:00,-1560
10/19/2025 14:15,-1568
10/19/2025 14:30,-1579
10/19/2025 14:45,-1602
10/19/2025 15:00,-1488
10/19/2025 15:15,-1567
10/19/2025 15:30,-1607
10/19/2025 15:45,-1532
10/19/2025 16:00,-1564
10/19/2025 16:15,-1441
10/19/2025 16:30,-1255
10/19/2025 16:45,-988
10/19/2025 17:00,-949
10/19/2025 17:15,-341
10/19/2025 17:30,-218
10/19/2025 17:45,-136
10/19/2025 18:00,-65
10/19/2025 18:15,-30
10/19/2025 18:30,-2
10/19/2025 18:45,-3
10/19/2025 19:00,-2
10/19/2025 19:15,-2
10/19/2025 19:30,-2
10/19/2025 19:45,-2
10/19/2025 20:00,-2
10/19/2025 20:15,-2
10/19/2025 20:30,-2
10/19/2025 20:45,-2
10/19/2025 21:00,-1
10/19/2025 21:15,-2
10/19/2025 21:30,-1
10/19/2025 21:45,-1
10/19/2025 22:00,-2
10/19/2025 22:15,-1
10/19/2025 22:30,-1
10/19/2025 22:45,-2
10/19/2025 23:00,-1
10/19/2025 23:15,-2
10/19/2025 23:30,-2
10/19/2025 23:45,-2
10/20/2025 0:00,-2
10/20/2025 0:15,-2
10/20/2025 0:30,-2
10/20/2025 0:45,-2
10/20/2025 1:00,-2
10/20/2025 1:15,-2
10/20/2025 1:30,-2
10/20/2025 1:45,-1
10/20/2025 2:00,-1
10/20/2025 2:15,-2
10/20/2025 2:30,-2
10/20/2025 2:45,-1
10/20/2025 3:00,-1
10/20/2025 3:15,-1
10/20/2025 3:30,-1
10/20/2025 3:45,-2
10/20/2025 4:00,-1
10/20/2025 4:15,-1
10/20/2025 4:30,-2
10/20/2025 4:45,-1
10/20/2025 5:00,-2
10/20/2025 5:15,-1
10/20/2025 5:30,-2
10/20/2025 5:45,-2
10/20/2025 6:00,-1
10/20/2025 6:15,-1
10/20/2025 6:30,-1
10/20/2025 6:45,-1
10/20/2025 7:00,-1
10/20/2025 7:15,-1
10/20/2025 7:30,-8
10/20/2025 7:45,-118
10/20/2025 8:00,-341
10/20/2025 8:15,-641
10/20/2025 8:30,-943
10/20/2025 8:45,-1248
10/20/2025 9:00,-1485
10/20/2025 9:15,-1588
10/20/2025 9:30,-1614
10/20/2025 9:45,-1625
10/20/2025 10:00,-1628
10/20/2025 10:15,-1619
10/20/2025 10:30,-1613
10/20/2025 10:45,-1603
10/20/2025 11:00,-1581
10/20/2025 11:15,-1568
10/20/2025 11:30,-1552
10/20/2025 11:45,-1544
10/20/2025 12:00,-1540
10/20/2025 12:15,-1537
10/20/2025 12:30,-1545
10/20/2025 12:45,-1551
10/20/2025 13:00,-1516
10/20/2025 13:15,-1552
10/20/2025 13:30,-1553
10/20/2025 13:45,-1556
10/20/2025 14:00,-1571
10/20/2025 14:15,-1580
10/20/2025 14:30,-1582
10/20/2025 14:45,-1601
10/20/2025 15:00,-1596
10/20/2025 15:15,-1593
10/20/2025 15:30,-1588
10/20/2025 15:45,-1633
10/20/2025 16:00,-1572
10/20/2025 16:15,-1535
10/20/2025 16:30,-1539
10/20/2025 16:45,-1494
10/20/2025 17:00,-1203
10/20/2025 17:15,-763
10/20/2025 17:30,-493
10/20/2025 17:45,-271
10/20/2025 18:00,-113
10/20/2025 18:15,-28
10/20/2025 18:30,-4
10/20/2025 18:45,-3
10/20/2025 19:00,-2
10/20/2025 19:15,-2
10/20/2025 19:30,-2
10/20/2025 19:45,-2
10/20/2025 20:00,-2
10/20/2025 20:15,-2
10/20/2025 20:30,-2
10/20/2025 20:45,-2
10/20/2025 21:00,-2
10/20/2025 21:15,-2
10/20/2025 21:30,-3
10/20/2025 21:45,-2
10/20/2025 22:00,-2
10/20/2025 22:15,-2
10/20/2025 22:30,-2
10/20/2025 22:45,-2
10/20/2025 23:00,-2
10/20/2025 23:15,-2
10/20/2025 23:30,-2
10/20/2025 23:45,-1
10/21/2025 0:00,-1
10/21/2025 0:15,-2
10/21/2025 0:30,-1
10/21/2025 0:45,-1
10/21/2025 1:00,-1
10/21/2025 1:15,-1
10/21/2025 1:30,-1
10/21/2025 1:45,-1
10/21/2025 2:00,-1
10/21/2025 2:15,-1
10/21/2025 2:30,-2
10/21/2025 2:45,-1
10/21/2025 3:00,-1
10/21/2025 3:15,-1
10/21/2025 3:30,-2
10/21/2025 3:45,-1
10/21/2025 4:00,-1
10/21/2025 4:15,-2
10/21/2025 4:30,-1
10/21/2025 4:45,-2
10/21/2025 5:00,-1
10/21/2025 5:15,-1
10/21/2025 5:30,-1
10/21/2025 5:45,-2
10/21/2025 6:00,-1
10/21/2025 6:15,-1
10/21/2025 6:30,-1
10/21/2025 6:45,-1
10/21/2025 7:00,-1
10/21/2025 7:15,-1
10/21/2025 7:30,-4
10/21/2025 7:45,-89
10/21/2025 8:00,-344
10/21/2025 8:15,-647
10/21/2025 8:30,-950
10/21/2025 8:45,-1252
10/21/2025 9:00,-1503
10/21/2025 9:15,-1607
10/21/2025 9:30,-1624
10/21/2025 9:45,-1632
10/21/2025 10:00,-1630
10/21/2025 10:15,-1623
10/21/2025 10:30,-1615
10/21/2025 10:45,-1596
10/21/2025 11:00,-1578
10/21/2025 11:15,-1566
10/21/2025 11:30,-1542
10/21/2025 11:45,-1531
10/21/2025 12:00,-1530
10/21/2025 12:15,-1515
10/21/2025 12:30,-1507
10/21/2025 12:45,-1504
10/21/2025 13:00,-1508
10/21/2025 13:15,-1507
10/21/2025 13:30,-1517
10/21/2025 13:45,-1524
10/21/2025 14:00,-1542
10/21/2025 14:15,-1548
10/21/2025 14:30,-1560
10/21/2025 14:45,-1558
10/21/2025 15:00,-1580
10/21/2025 15:15,-1561
10/21/2025 15:30,-1567
10/21/2025 15:45,-1599
10/21/2025 16:00,-1526
10/21/2025 16:15,-1536
10/21/2025 16:30,-1550
10/21/2025 16:45,-1445
10/21/2025 17:00,-1111
10/21/2025 17:15,-769
10/21/2025 17:30,-450
10/21/2025 17:45,-255
10/21/2025 18:00,-105
10/21/2025 18:15,-24
10/21/2025 18:30,-3
10/21/2025 18:45,-3
10/21/2025 19:00,-2
10/21/2025 19:15,-2
10/21/2025 19:30,-2
10/21/2025 19:45,-2
10/21/2025 20:00,-2
10/21/2025 20:15,-2
10/21/2025 20:30,-2
10/21/2025 20:45,-3
10/21/2025 21:00,-3
10/21/2025 21:15,-2
10/21/2025 21:30,-1
10/21/2025 21:45,-2
10/21/2025 22:00,-1
10/21/2025 22:15,-2
10/21/2025 22:30,-2
10/21/2025 22:45,-1
10/21/2025 23:00,-2
10/21/2025 23:15,-2
10/21/2025 23:30,-2
10/21/2025 23:45,-1
10/22/2025 0:00,-2
10/22/2025 0:15,-2
10/22/2025 0:30,-2
10/22/2025 0:45,-2
10/22/2025 1:00,-2
10/22/2025 1:15,-2
10/22/2025 1:30,-2
10/22/2025 1:45,-2
10/22/2025 2:00,-2
10/22/2025 2:15,-2
10/22/2025 2:30,-2
10/22/2025 2:45,-2
10/22/2025 3:00,-2
10/22/2025 3:15,-2
10/22/2025 3:30,-2
10/22/2025 3:45,-2
10/22/2025 4:00,-2
10/22/2025 4:15,-2
10/22/2025 4:30,-2
10/22/2025 4:45,-1
10/22/2025 5:00,-1
10/22/2025 5:15,-2
10/22/2025 5:30,-2
10/22/2025 5:45,-1
10/22/2025 6:00,-1
10/22/2025 6:15,-1
10/22/2025 6:30,-2
10/22/2025 6:45,-1
10/22/2025 7:00,-1
10/22/2025 7:15,-1
10/22/2025 7:30,-3
10/22/2025 7:45,-21
10/22/2025 8:00,-61
10/22/2025 8:15,-417
10/22/2025 8:30,-762
10/22/2025 8:45,-1033
10/22/2025 9:00,-1442
10/22/2025 9:15,-1488
10/22/2025 9:30,-1611
10/22/2025 9:45,-1623
10/22/2025 10:00,-1623
10/22/2025 10:15,-1651
10/22/2025 10:30,-1626
10/22/2025 10:45,-1602
10/22/2025 11:00,-1584
10/22/2025 11:15,-1557
10/22/2025 11:30,-1555
10/22/2025 11:45,-1208
10/22/2025 12:00,-1322
10/22/2025 12:15,-599
10/22/2025 12:30,-1513
10/22/2025 12:45,-1397
10/22/2025 13:00,-875
10/22/2025 13:15,-1554
10/22/2025 13:30,-665
10/22/2025 13:45,-432
10/22/2025 14:00,-633
10/22/2025 14:15,-764
10/22/2025 14:30,-600
10/22/2025 14:45,-784
10/22/2025 15:00,-629
10/22/2025 15:15,-354
10/22/2025 15:45,-200
10/22/2025 16:00,-163
10/22/2025 16:15,-225
10/22/2025 16:30,-327
10/22/2025 16:45,-671
10/22/2025 17:00,-189
10/22/2025 17:15,-159
10/22/2025 17:30,-252
10/22/2025 17:45,-284
10/22/2025 18:00,-40
10/22/2025 18:15,-17
10/22/2025 18:30,-2
10/22/2025 18:45,-2
10/22/2025 19:00,-3
10/22/2025 19:15,-2
10/22/2025 19:30,-2
10/22/2025 19:45,-2
10/22/2025 20:00,-3
10/22/2025 20:15,-2
10/22/2025 20:30,-2
10/22/2025 20:45,-2
10/22/2025 21:00,-2
10/22/2025 21:15,-2
10/22/2025 21:30,-2
10/22/2025 21:45,-1
10/22/2025 22:00,-1
10/22/2025 22:15,-2
10/22/2025 22:30,-2
10/22/2025 22:45,-2
10/22/2025 23:00,-2
10/22/2025 23:15,-2
10/22/2025 23:30,-2
10/22/2025 23:45,-2
10/23/2025 0:00,-2
10/23/2025 0:15,-2
10/23/2025 0:30,-2
10/23/2025 0:45,-2
10/23/2025 1:00,-2
10/23/2025 1:15,-2
10/23/2025 1:30,-2
10/23/2025 1:45,-2
10/23/2025 2:00,-2
10/23/2025 2:15,-2
10/23/2025 2:30,-2
10/23/2025 2:45,-2
10/23/2025 3:00,-2
10/23/2025 3:15,-2
10/23/2025 3:30,-2
10/23/2025 3:45,-2
10/23/2025 4:00,-2
10/23/2025 4:15,-2
10/23/2025 4:30,-2
10/23/2025 4:45,-2
10/23/2025 5:00,-2
10/23/2025 5:15,-2
10/23/2025 5:30,-2
10/23/2025 5:45,-2
10/23/2025 6:00,-2
10/23/2025 6:15,-2
10/23/2025 6:30,-2
10/23/2025 6:45,-2
10/23/2025 7:00,-2
10/23/2025 7:15,-2
10/23/2025 7:30,-2
10/23/2025 7:45,-8
10/23/2025 8:00,-135
10/23/2025 8:15,-72
10/23/2025 8:30,-475
10/23/2025 8:45,-415
10/23/2025 9:00,-93
10/23/2025 9:15,-218
10/23/2025 9:30,-328
10/23/2025 9:45,-1668
10/23/2025 10:00,-276
10/23/2025 10:15,-1580
10/23/2025 10:30,-348
10/23/2025 10:45,-888
10/23/2025 11:00,-174
10/23/2025 11:15,-457
10/23/2025 11:30,-1207
10/23/2025 11:45,-921
10/23/2025 12:00,-1588
10/23/2025 12:15,-1276
10/23/2025 12:30,-728
10/23/2025 12:45,-1451
10/23/2025 13:00,-1513
10/23/2025 13:15,-1511
10/23/2025 13:30,-256
10/23/2025 13:45,-238
10/23/2025 14:00,-167
10/23/2025 14:15,-1657
10/23/2025 14:30,-1606
10/23/2025 14:45,-1422
10/23/2025 15:00,-1587
10/23/2025 15:15,-343
10/23/2025 15:30,-1590
10/23/2025 15:45,-1043
10/23/2025 16:00,-1566
10/23/2025 16:15,-658
10/23/2025 16:30,-251
10/23/2025 16:45,-182
10/23/2025 17:00,-203
10/23/2025 17:15,-109
10/23/2025 17:30,-129
10/23/2025 17:45,-251
10/23/2025 18:00,-110
10/23/2025 18:15,-17
10/23/2025 18:30,-2
10/23/2025 18:45,-2
10/23/2025 19:00,-2
10/23/2025 19:15,-2
10/23/2025 19:30,-2
10/23/2025 19:45,-2
10/23/2025 20:00,-2
10/23/2025 20:15,-2
10/23/2025 20:30,-2
10/23/2025 20:45,-2
10/23/2025 21:00,-2
10/23/2025 21:15,-2
10/23/2025 21:30,-2
10/23/2025 21:45,-2
10/23/2025 22:00,-2
10/23/2025 22:15,-2
10/23/2025 22:30,-2
10/23/2025 22:45,-2
10/23/2025 23:00,-2
10/23/2025 23:15,-2
10/23/2025 23:30,-2
10/23/2025 23:45,-1
10/24/2025 0:00,-2
10/24/2025 0:15,-2
10/24/2025 0:30,-2
10/24/2025 0:45,-2
10/24/2025 1:00,-2
10/24/2025 1:15,-2
10/24/2025 1:30,-2
10/24/2025 1:45,-2
10/24/2025 2:00,-2
10/24/2025 2:15,-2
10/24/2025 2:30,-2
10/24/2025 2:45,-2
10/24/2025 3:00,-2
10/24/2025 3:15,-2
10/24/2025 3:30,-2
10/24/2025 3:45,-2
10/24/2025 4:00,-2
10/24/2025 4:15,-2
10/24/2025 4:30,-2
10/24/2025 4:45,-2
10/24/2025 5:00,-2
10/24/2025 5:15,-2
10/24/2025 5:30,-2
10/24/2025 5:45,-2
10/24/2025 6:00,-2
10/24/2025 6:15,-2
10/24/2025 6:30,-2
10/24/2025 6:45,-2
10/24/2025 7:00,-2
10/24/2025 7:15,-2
10/24/2025 7:30,-4
10/24/2025 7:45,-18
10/24/2025 8:00,-50
10/24/2025 8:15,-73
10/24/2025 8:30,-74
10/24/2025 8:45,-136
10/24/2025 9:00,-241
10/24/2025 9:15,-376
10/24/2025 9:30,-1573
10/24/2025 9:45,-1618
10/24/2025 10:00,-1598
10/24/2025 10:15,-1592
10/24/2025 10:30,-1582
10/24/2025 10:45,-1573
10/24/2025 11:00,-1560
10/24/2025 11:15,-1541
10/24/2025 11:30,-1529
10/24/2025 11:45,-1515
10/24/2025 12:00,-1502
10/24/2025 12:15,-1498
10/24/2025 12:30,-1536
10/24/2025 12:45,-927
10/24/2025 13:00,-1666
10/24/2025 13:15,-1666
10/24/2025 13:30,-1232
10/24/2025 13:45,-1254
10/24/2025 14:00,-1253
10/24/2025 14:15,-951
10/24/2025 14:30,-957
10/24/2025 14:45,-1628
10/24/2025 15:00,-1646
10/24/2025 15:15,-1475
10/24/2025 15:30,-1599
10/24/2025 15:45,-1257
10/24/2025 16:00,-1624
10/24/2025 16:15,-314
10/24/2025 16:30,-1498
10/24/2025 16:45,-1021
10/24/2025 17:00,0
10/24/2025 17:15,-139
10/24/2025 17:30,-72
10/24/2025 17:45,-34
10/24/2025 18:00,-24
10/24/2025 18:15,-13
10/24/2025 18:30,-2
10/24/2025 18:45,-2
10/24/2025 19:00,-2
10/24/2025 19:15,-2
10/24/2025 19:30,-3
10/24/2025 19:45,-2
10/24/2025 20:00,-3
10/24/2025 20:15,-2
10/24/2025 20:30,-2
10/24/2025 20:45,-2
10/24/2025 21:00,-2
10/24/2025 21:15,-2
10/24/2025 21:30,-2
10/24/2025 21:45,-2
10/24/2025 22:00,-2
10/24/2025 22:15,-2
10/24/2025 22:30,-2
10/24/2025 22:45,-2
10/24/2025 23:00,-1
10/24/2025 23:15,-2
10/24/2025 23:30,-1
10/24/2025 23:45,-1
10/25/2025 0:00,-1
10/25/2025 0:15,-3
10/25/2025 0:30,-2
10/25/2025 0:45,-2
10/25/2025 1:00,-3
10/25/2025 1:15,-1
10/25/2025 1:30,-1
10/25/2025 1:45,-1
10/25/2025 2:00,-2
10/25/2025 2:15,-1
10/25/2025 2:30,-1
10/25/2025 2:45,-1
10/25/2025 3:00,-2
10/25/2025 3:15,-2
10/25/2025 3:30,-1
10/25/2025 3:45,-1
10/25/2025 4:00,-1
10/25/2025 4:15,-2
10/25/2025 4:30,-2
10/25/2025 4:45,-1
10/25/2025 5:00,-1
10/25/2025 5:15,-2
10/25/2025 5:30,-1
10/25/2025 5:45,-2
10/25/2025 6:00,-1
10/25/2025 6:15,-2
10/25/2025 6:30,-1
10/25/2025 6:45,-2
10/25/2025 7:00,-2
10/25/2025 7:15,-1
10/25/2025 7:30,-1
10/25/2025 7:45,-74
10/25/2025 8:00,-233
10/25/2025 8:15,-485
10/25/2025 8:30,-813
10/25/2025 8:45,-1135
10/25/2025 9:00,-1400
10/25/2025 9:15,-1541
10/25/2025 9:30,-1558
10/25/2025 9:45,-1577
10/25/2025 10:00,-1548
10/25/2025 10:15,-1584
10/25/2025 10:30,-1580
10/25/2025 10:45,-1560
10/25/2025 11:00,-1545
10/25/2025 11:15,-1527
10/25/2025 11:30,-1503
10/25/2025 11:45,-1499
10/25/2025 12:00,-1489
10/25/2025 12:15,-1492
10/25/2025 12:30,-1492
10/25/2025 12:45,-1447
10/25/2025 13:00,-1478
10/25/2025 13:15,-1469
10/25/2025 13:30,-1457
10/25/2025 13:45,-1507
10/25/2025 14:00,-1529
10/25/2025 14:15,-1520
10/25/2025 14:30,-1537
10/25/2025 14:45,-1544
10/25/2025 15:00,-1538
10/25/2025 15:15,-1573
10/25/2025 15:30,-1589
10/25/2025 15:45,-1045
10/25/2025 16:00,-1221
10/25/2025 16:15,-1250
10/25/2025 16:30,-516
10/25/2025 16:45,-936
10/25/2025 17:00,-1108
10/25/2025 17:15,-580
10/25/2025 17:30,-471
10/25/2025 17:45,-135
10/25/2025 18:00,-56
10/25/2025 18:15,-12
10/25/2025 18:30,-3
10/25/2025 18:45,-2
10/25/2025 19:00,-3
10/25/2025 19:15,-3
10/25/2025 19:30,-2
10/25/2025 19:45,-2
10/25/2025 20:00,-2
10/25/2025 20:15,-3
10/25/2025 20:30,-2
10/25/2025 20:45,-3
10/25/2025 21:00,-2
10/25/2025 21:15,-2
10/25/2025 21:30,-2
10/25/2025 21:45,-2
10/25/2025 22:00,-2
10/25/2025 22:15,-2
10/25/2025 22:30,-2
10/25/2025 22:45,-2
10/25/2025 23:00,-2
10/25/2025 23:15,-1
10/25/2025 23:30,-1
10/25/2025 23:45,-1
10/26/2025 0:00,-1
10/26/2025 0:15,-2
10/26/2025 0:30,-2
10/26/2025 0:45,-1
10/26/2025 1:00,-2
10/26/2025 1:15,-1
10/26/2025 1:30,-2
10/26/2025 1:45,-1
10/26/2025 2:00,-1
10/26/2025 2:15,-3
10/26/2025 2:30,-2
10/26/2025 2:45,-1
10/26/2025 3:00,-2
10/26/2025 3:15,-2
10/26/2025 3:30,-2
10/26/2025 3:45,-2
10/26/2025 4:00,-2
10/26/2025 4:15,-1
10/26/2025 4:30,-1
10/26/2025 4:45,-1
10/26/2025 5:00,-2
10/26/2025 5:15,-2
10/26/2025 5:30,-2
10/26/2025 5:45,-2
10/26/2025 6:00,-2
10/26/2025 6:15,-2
10/26/2025 6:30,-1
10/26/2025 6:45,-1
10/26/2025 7:00,-1
10/26/2025 7:15,-2
10/26/2025 7:30,-2
10/26/2025 7:45,-60
10/26/2025 8:00,-203
10/26/2025 8:15,-467
10/26/2025 8:30,-789
10/26/2025 8:45,-1101
10/26/2025 9:00,-1374
10/26/2025 9:15,-1539
10/26/2025 9:30,-1570
10/26/2025 9:45,-1583
10/26/2025 10:00,-1566
10/26/2025 10:15,-1558
10/26/2025 10:30,-1557
10/26/2025 10:45,-1554
10/26/2025 11:00,-1540
10/26/2025 11:15,-1517
10/26/2025 11:30,-1500
10/26/2025 11:45,-1423
10/26/2025 12:00,-1409
10/26/2025 12:15,-1386
10/26/2025 12:30,-1440
10/26/2025 12:45,-1429
10/26/2025 13:00,-1313
10/26/2025 13:15,-1445
10/26/2025 13:30,-1432
10/26/2025 13:45,-1354
10/26/2025 14:00,-918
10/26/2025 14:15,-1311
10/26/2025 14:30,-1507
10/26/2025 14:45,-1401
10/26/2025 15:00,-1396
10/26/2025 15:15,-1551
10/26/2025 15:30,-1152
10/26/2025 15:45,-1106
10/26/2025 16:00,-1571
10/26/2025 16:15,-1457
10/26/2025 16:30,-1269
10/26/2025 16:45,-1434
10/26/2025 17:00,-955
10/26/2025 17:15,-567
10/26/2025 17:30,-376
10/26/2025 17:45,-186
10/26/2025 18:00,-64
10/26/2025 18:15,-19
10/26/2025 18:30,-4
10/26/2025 18:45,-2
10/26/2025 19:00,-2
10/26/2025 19:15,-3
10/26/2025 19:30,-3
10/26/2025 19:45,-2
10/26/2025 20:00,-3
10/26/2025 20:15,-3
10/26/2025 20:30,-3
10/26/2025 20:45,-1
10/26/2025 21:00,-2
10/26/2025 21:15,-1
10/26/2025 21:30,-1
10/26/2025 21:45,-1
10/26/2025 22:00,-2
10/26/2025 22:15,-2
10/26/2025 22:30,-2
10/26/2025 22:45,-2
10/26/2025 23:00,-2
10/26/2025 23:15,-2
10/26/2025 23:30,-2
10/26/2025 23:45,-2
10/27/2025 0:00,-2
10/27/2025 0:15,-2
10/27/2025 0:30,-1
10/27/2025 0:45,-1
10/27/2025 1:00,-2
10/27/2025 1:15,-2
10/27/2025 1:30,-2
10/27/2025 1:45,-1
10/27/2025 2:00,-1
10/27/2025 2:15,-1
10/27/2025 2:30,-1
10/27/2025 2:45,-1
10/27/2025 3:00,-3
10/27/2025 3:15,-1
10/27/2025 3:30,-1
10/27/2025 3:45,-1
10/27/2025 4:00,-1
10/27/2025 4:15,-2
10/27/2025 4:30,-1
10/27/2025 4:45,-1
10/27/2025 5:00,-1
10/27/2025 5:15,-2
10/27/2025 5:30,-1
10/27/2025 5:45,-1
10/27/2025 6:00,-1
10/27/2025 6:15,-1
10/27/2025 6:30,-1
10/27/2025 6:45,-1
10/27/2025 7:00,-1
10/27/2025 7:15,-2
10/27/2025 7:30,-1
10/27/2025 7:45,-56
10/27/2025 8:00,-208
10/27/2025 8:15,-445
10/27/2025 8:30,-765
10/27/2025 8:45,-1047
10/27/2025 9:00,-1312
10/27/2025 9:15,-1521
10/27/2025 9:30,-1516
10/27/2025 9:45,-1526
10/27/2025 10:00,-1569
10/27/2025 10:15,-1569
10/27/2025 10:30,-1559
10/27/2025 10:45,-1548
10/27/2025 11:00,-1536
10/27/2025 11:15,-1526
10/27/2025 11:30,-1554
10/27/2025 11:45,-1480
10/27/2025 12:00,-1476
10/27/2025 12:15,-1426
10/27/2025 12:30,-1461
10/27/2025 12:45,-1459
10/27/2025 13:00,-1450
10/27/2025 13:15,-1462
10/27/2025 13:30,-1479
10/27/2025 13:45,-1484
10/27/2025 14:00,-1506
10/27/2025 14:15,-1488
10/27/2025 14:30,-1398
10/27/2025 14:45,-1553
10/27/2025 15:00,-1562
10/27/2025 15:15,-1570
10/27/2025 15:30,-1574
10/27/2025 15:45,-1541
10/27/2025 16:00,-1567
10/27/2025 16:15,-1529
10/27/2025 16:30,-1483
10/27/2025 16:45,-1310
10/27/2025 17:00,-938
10/27/2025 17:15,-569
10/27/2025 17:30,-345
10/27/2025 17:45,-174
10/27/2025 18:00,-59
10/27/2025 18:15,-14
10/27/2025 18:30,-2
10/27/2025 18:45,-2
10/27/2025 19:00,-2
10/27/2025 19:15,-2
10/27/2025 19:30,-2
10/27/2025 19:45,-2
10/27/2025 20:00,-2
10/27/2025 20:15,-2
10/27/2025 20:30,-2
10/27/2025 20:45,-2
10/27/2025 21:00,-2
10/27/2025 21:15,-2
10/27/2025 21:30,-2
10/27/2025 21:45,-1
10/27/2025 22:00,-2
10/27/2025 22:15,-1
10/27/2025 22:30,-1
10/27/2025 22:45,-1
10/27/2025 23:00,-1
10/27/2025 23:15,-1
10/27/2025 23:30,-1
10/27/2025 23:45,-1
10/28/2025 0:00,-1
10/28/2025 0:15,-2
10/28/2025 0:30,-2
10/28/2025 0:45,-2
10/28/2025 1:00,-2
10/28/2025 1:15,-2
10/28/2025 1:30,-2
10/28/2025 1:45,-2
10/28/2025 2:00,-2
10/28/2025 2:15,-2
10/28/2025 2:30,-2
10/28/2025 2:45,-2
10/28/2025 3:00,-2
10/28/2025 3:15,-2
10/28/2025 3:30,-2
10/28/2025 3:45,-2
10/28/2025 4:00,-2
10/28/2025 4:15,-2
10/28/2025 4:30,-2
10/28/2025 4:45,-1
10/28/2025 5:00,-2
10/28/2025 5:15,-2
10/28/2025 5:30,-2
10/28/2025 5:45,-2
10/28/2025 6:00,-1
10/28/2025 6:15,-1
10/28/2025 6:30,-2
10/28/2025 6:45,-1
10/28/2025 7:00,-1
10/28/2025 7:15,-1
10/28/2025 7:30,-1
10/28/2025 7:45,-29
10/28/2025 8:00,-186
10/28/2025 8:15,-496
10/28/2025 8:30,-798
10/28/2025 8:45,-1109
10/28/2025 9:00,-1399
10/28/2025 9:15,-1593
10/28/2025 9:30,-1620
10/28/2025 9:45,-1625
10/28/2025 10:00,-1628
10/28/2025 10:15,-1619
10/28/2025 10:30,-1608
10/28/2025 10:45,-1594
10/28/2025 11:00,-1579
10/28/2025 11:15,-1560
10/28/2025 11:30,-1543
10/28/2025 11:45,-1529
10/28/2025 12:00,-1515
10/28/2025 12:15,-1507
10/28/2025 12:30,-1504
10/28/2025 12:45,-1497
10/28/2025 13:00,-1494
10/28/2025 13:15,-1496
10/28/2025 13:30,-1511
10/28/2025 13:45,-1528
10/28/2025 14:00,-1541
10/28/2025 14:15,-1555
10/28/2025 14:30,-1572
10/28/2025 14:45,-1585
10/28/2025 15:00,-1602
10/28/2025 15:15,-1614
10/28/2025 15:30,-1624
10/28/2025 15:45,-1409
10/28/2025 16:00,-1621
10/28/2025 16:15,-1594
10/28/2025 16:30,-1551
10/28/2025 16:45,-1345
10/28/2025 17:00,-972
10/28/2025 17:15,-598
10/28/2025 17:30,-353
10/28/2025 17:45,-172
10/28/2025 18:00,-55
10/28/2025 18:15,-13
10/28/2025 18:30,-3
10/28/2025 18:45,-2
10/28/2025 19:00,-2
10/28/2025 19:15,-2
10/28/2025 19:30,-2
10/28/2025 19:45,-3
10/28/2025 20:00,-2
10/28/2025 20:15,-2
10/28/2025 20:30,-2
10/28/2025 20:45,-2
10/28/2025 21:00,-2
10/28/2025 21:15,-1
10/28/2025 21:30,-1
10/28/2025 21:45,-1
10/28/2025 22:00,-2
10/28/2025 22:15,-1
10/28/2025 22:30,-2
10/28/2025 22:45,-2
10/28/2025 23:00,-1
10/28/2025 23:15,-1
10/28/2025 23:30,-1
10/28/2025 23:45,-1
10/29/2025 0:00,-1
10/29/2025 0:15,-1
10/29/2025 0:30,-1
10/29/2025 0:45,-1
10/29/2025 1:00,-1
10/29/2025 1:15,-1
10/29/2025 1:30,-1
10/29/2025 1:45,-1
10/29/2025 2:00,-1
10/29/2025 2:15,-1
10/29/2025 2:30,-1
10/29/2025 2:45,-1
10/29/2025 3:00,-1
10/29/2025 3:15,-1
10/29/2025 3:30,-1
10/29/2025 3:45,-1
10/29/2025 4:00,-1
10/29/2025 4:15,-1
10/29/2025 4:30,-1
10/29/2025 4:45,-1
10/29/2025 5:00,-2
10/29/2025 5:15,-2
10/29/2025 5:30,-1
10/29/2025 5:45,-1
10/29/2025 6:00,-1
10/29/2025 6:15,-1
10/29/2025 6:30,-1
10/29/2025 6:45,-1
10/29/2025 7:00,-1
10/29/2025 7:15,-1
10/29/2025 7:30,-2
10/29/2025 7:45,-38
10/29/2025 8:00,-164
10/29/2025 8:15,-447
10/29/2025 8:30,-796
10/29/2025 8:45,-1100
10/29/2025 9:00,-1332
10/29/2025 9:15,-1552
10/29/2025 9:30,-1580
10/29/2025 9:45,-1594
10/29/2025 10:00,-1598
10/29/2025 10:15,-1593
10/29/2025 10:30,-1589
10/29/2025 10:45,-1574
10/29/2025 11:00,-1553
10/29/2025 11:15,-1536
10/29/2025 11:30,-1519
10/29/2025 11:45,-1500
10/29/2025 12:00,-1483
10/29/2025 12:15,-1466
10/29/2025 12:30,-1453
10/29/2025 12:45,-1446
10/29/2025 13:00,-1454
10/29/2025 13:15,-1463
10/29/2025 13:30,-1470
10/29/2025 13:45,-1488
10/29/2025 14:00,-1508
10/29/2025 14:15,-1525
10/29/2025 14:30,-1542
10/29/2025 14:45,-1560
10/29/2025 15:00,-1566
10/29/2025 15:15,-1578
10/29/2025 15:30,-1592
10/29/2025 15:45,-1595
10/29/2025 16:00,-1585
10/29/2025 16:15,-1556
10/29/2025 16:30,-1513
10/29/2025 16:45,-1282
10/29/2025 17:00,-860
10/29/2025 17:15,-524
10/29/2025 17:30,-324
10/29/2025 17:45,-159
10/29/2025 18:00,-48
10/29/2025 18:15,-13
10/29/2025 18:30,-2
10/29/2025 18:45,-2
10/29/2025 19:00,-2
10/29/2025 19:15,-2
10/29/2025 19:30,-3
10/29/2025 19:45,-2
10/29/2025 20:00,-3
10/29/2025 20:15,-2
10/29/2025 20:30,-2
10/29/2025 20:45,-2
10/29/2025 21:00,-1
10/29/2025 21:15,-1
10/29/2025 21:30,-1
10/29/2025 21:45,-2
10/29/2025 22:00,-1
10/29/2025 22:15,-2
10/29/2025 22:30,-1
10/29/2025 22:45,-1
10/29/2025 23:00,-1
10/29/2025 23:15,-1
10/29/2025 23:30,-1
10/29/2025 23:45,-1
10/30/2025 0:00,-1
10/30/2025 0:15,-1
10/30/2025 0:30,-1
10/30/2025 0:45,-1
10/30/2025 1:00,-2
10/30/2025 1:15,-1
10/30/2025 1:30,-1
10/30/2025 1:45,-2
10/30/2025 2:00,-1
10/30/2025 2:15,-1
10/30/2025 2:30,-1
10/30/2025 2:45,-2
10/30/2025 3:00,-2
10/30/2025 3:15,-1
10/30/2025 3:30,-1
10/30/2025 3:45,-1
10/30/2025 4:00,-1
10/30/2025 4:15,-1
10/30/2025 4:30,-1
10/30/2025 4:45,-1
10/30/2025 5:00,-1
10/30/2025 5:15,-1
10/30/2025 5:30,-1
10/30/2025 5:45,-1
10/30/2025 6:00,-1
10/30/2025 6:15,-1
10/30/2025 6:30,-1
10/30/2025 6:45,-1
10/30/2025 7:00,-2
10/30/2025 7:15,-1
10/30/2025 7:30,-2
10/30/2025 7:45,-27
10/30/2025 8:00,-156
10/30/2025 8:15,-401
10/30/2025 8:30,-732
10/30/2025 8:45,-1045
10/30/2025 9:00,-1317
10/30/2025 9:15,-1538
10/30/2025 9:30,-1578
10/30/2025 9:45,-1590
10/30/2025 10:00,-1591
10/30/2025 10:15,-1586
10/30/2025 10:30,-1574
10/30/2025 10:45,-1558
10/30/2025 11:00,-1537
10/30/2025 11:15,-1519
10/30/2025 11:30,-1507
10/30/2025 11:45,-1490
10/30/2025 12:00,-1464
10/30/2025 12:15,-1450
10/30/2025 12:30,-1447
10/30/2025 12:45,-1442
10/30/2025 13:00,-1441
10/30/2025 13:15,-1453
10/30/2025 13:30,-1466
10/30/2025 13:45,-1476
10/30/2025 14:00,-1495
10/30/2025 14:15,-1518
10/30/2025 14:30,-1532
10/30/2025 14:45,-1547
10/30/2025 15:00,-1555
10/30/2025 15:15,-1559
10/30/2025 15:30,-1564
10/30/2025 15:45,-1562
10/30/2025 16:00,-1563
10/30/2025 16:15,-1540
10/30/2025 16:30,-1492
10/30/2025 16:45,-1260
10/30/2025 17:00,-797
10/30/2025 17:15,-521
10/30/2025 17:30,-324
10/30/2025 17:45,-146
10/30/2025 18:00,-43
10/30/2025 18:15,-10
10/30/2025 18:30,-3
10/30/2025 18:45,-3
10/30/2025 19:00,-2
10/30/2025 19:15,-2
10/30/2025 19:30,-3
10/30/2025 19:45,-2
10/30/2025 20:00,-2
10/30/2025 20:15,-2
10/30/2025 20:30,-2
10/30/2025 20:45,-2
10/30/2025 21:00,-2
10/30/2025 21:15,-2
10/30/2025 21:30,-1
10/30/2025 21:45,-1
10/30/2025 22:00,-1
10/30/2025 22:15,-1
10/30/2025 22:30,-1
10/30/2025 22:45,-1
10/30/2025 23:00,-1
10/30/2025 23:15,-1
10/30/2025 23:30,-1
10/30/2025 23:45,-2
10/31/2025 0:00,-1
10/31/2025 0:15,-1
10/31/2025 0:30,-1
10/31/2025 0:45,-1
10/31/2025 1:00,-1
10/31/2025 1:15,-1
10/31/2025 1:30,-2
10/31/2025 1:45,-2
10/31/2025 2:00,-1
10/31/2025 2:15,-1
10/31/2025 2:30,-2
10/31/2025 2:45,-1
10/31/2025 3:00,-1
10/31/2025 3:15,-1
10/31/2025 3:30,-1
10/31/2025 3:45,-1
10/31/2025 4:00,-1
10/31/2025 4:15,-2
10/31/2025 4:30,-1
10/31/2025 4:45,-1
10/31/2025 5:00,-1
10/31/2025 5:15,-1
10/31/2025 5:30,-1
10/31/2025 5:45,-1
10/31/2025 6:00,-1
10/31/2025 6:15,-1
10/31/2025 6:30,-1
10/31/2025 6:45,-1
10/31/2025 7:00,-1
10/31/2025 7:15,-1
10/31/2025 7:30,-1
10/31/2025 7:45,-7
10/31/2025 8:00,-135
10/31/2025 8:15,-499
10/31/2025 8:30,-459
10/31/2025 8:45,-571
10/31/2025 9:00,-489
10/31/2025 9:15,-348
10/31/2025 9:30,-325
10/31/2025 9:45,-376
10/31/2025 10:00,-448
10/31/2025 10:15,-440
10/31/2025 10:30,-507
10/31/2025 10:45,-810
10/31/2025 11:00,-701
10/31/2025 11:15,-866
10/31/2025 11:30,-657
10/31/2025 11:45,-658
10/31/2025 12:00,-608
10/31/2025 12:15,-638
10/31/2025 12:30,-614
10/31/2025 12:45,-701
10/31/2025 13:00,-886
10/31/2025 13:15,-1526
10/31/2025 13:30,-1115
10/31/2025 13:45,-1458
10/31/2025 14:00,-1473
10/31/2025 14:15,-1489
10/31/2025 14:30,-1484
10/31/2025 14:45,-1522
10/31/2025 15:00,-1526
10/31/2025 15:15,-1541
10/31/2025 15:30,-1561
10/31/2025 15:45,-1560
10/31/2025 16:00,-1569
10/31/2025 16:15,-1541
10/31/2025 16:30,-1496
10/31/2025 16:45,-1246
10/31/2025 17:00,-818
10/31/2025 17:15,-521
10/31/2025 17:30,-300
10/31/2025 17:45,-136
10/31/2025 18:00,-36
10/31/2025 18:15,-8
10/31/2025 18:30,-2
10/31/2025 18:45,-2
10/31/2025 19:00,-3
10/31/2025 19:15,-2
10/31/2025 19:30,-2
10/31/2025 19:45,-3
10/31/2025 20:00,-3
10/31/2025 20:15,-3
10/31/2025 20:30,-3
10/31/2025 20:45,-2
10/31/2025 21:00,-2
10/31/2025 21:15,-2
10/31/2025 21:30,-2
10/31/2025 21:45,-2
10/31/2025 22:00,-2
10/31/2025 22:15,-2
10/31/2025 22:30,-1
10/31/2025 22:45,-1
10/31/2025 23:00,-2
10/31/2025 23:15,-1
10/31/2025 23:30,-2
10/31/2025 23:45,-2
11/1/2025 0:00,-1
11/1/2025 0:15,-1
11/1/2025 0:30,-1
11/1/2025 0:45,-1
11/1/2025 1:00,-1
11/1/2025 1:15,-1
11/1/2025 1:30,-1
11/1/2025 2:00,-2
11/1/2025 2:15,-2
11/1/2025 2:30,-1
11/1/2025 2:45,-2
11/1/2025 3:00,-1
11/1/2025 3:15,-2
11/1/2025 3:30,-1
11/1/2025 3:45,-2
11/1/2025 4:00,-2
11/1/2025 4:15,-2
11/1/2025 4:30,-1
11/1/2025 4:45,-1
11/1/2025 5:00,-1
11/1/2025 5:15,-1
11/1/2025 5:30,-1
11/1/2025 5:45,-1
11/1/2025 6:00,-1
11/1/2025 6:15,-1
11/1/2025 6:30,-1
11/1/2025 6:45,-1
11/1/2025 7:00,-1
11/1/2025 7:15,-1
11/1/2025 7:30,-1
11/1/2025 7:45,-19
11/1/2025 8:00,-74
11/1/2025 8:15,-191
11/1/2025 8:30,-272
11/1/2025 8:45,-517
11/1/2025 9:00,-942
11/1/2025 9:15,-869
11/1/2025 9:30,-1407
11/1/2025 9:45,-1510
11/1/2025 10:00,-1559
11/1/2025 10:15,-1537
11/1/2025 10:30,-1562
11/1/2025 10:45,-1352
11/1/2025 11:00,-1551
11/1/2025 11:15,-1328
11/1/2025 11:30,-1212
11/1/2025 11:45,-1239
11/1/2025 12:00,-1451
11/1/2025 12:15,-1452
11/1/2025 12:30,-1354
11/1/2025 12:45,-1308
11/1/2025 13:00,-1375
11/1/2025 13:15,-1383
11/1/2025 13:30,-1425
11/1/2025 13:45,-1232
11/1/2025 14:00,-1273
11/1/2025 14:15,-1217
11/1/2025 14:30,-1343
11/1/2025 14:45,-1273
11/1/2025 15:00,-1274
11/1/2025 15:15,-1603
11/1/2025 15:30,-1059
11/1/2025 15:45,-1038
11/1/2025 16:00,-1419
11/1/2025 16:15,-1119
11/1/2025 16:30,-1461
11/1/2025 16:45,-1177
11/1/2025 17:00,-604
11/1/2025 17:15,-56
11/1/2025 17:30,-204
11/1/2025 17:45,-125
11/1/2025 18:00,-32
11/1/2025 18:15,-3
11/1/2025 18:30,-2
11/1/2025 18:45,-2
11/1/2025 19:00,-2
11/1/2025 19:15,-3
11/1/2025 19:30,-2
11/1/2025 19:45,-2
11/1/2025 20:00,-3
11/1/2025 20:15,-2
11/1/2025 20:30,-2
11/1/2025 20:45,-2
11/1/2025 21:00,-3
11/1/2025 21:15,-2
11/1/2025 21:30,-2
11/1/2025 21:45,-2
11/1/2025 22:00,-2
11/1/2025 22:15,-2
11/1/2025 22:30,-1
11/1/2025 22:45,-1
11/1/2025 23:00,-2
11/1/2025 23:15,-1
11/1/2025 23:30,-1
11/1/2025 23:45,-1
11/2/2025 0:00,-1
11/2/2025 0:15,-2
11/2/2025 0:30,-1
11/2/2025 0:45,-1
11/2/2025 1:00,-1
11/2/2025 1:15,-1
11/2/2025 1:30,-2
11/2/2025 1:45,-1
11/2/2025 1:00,0
11/2/2025 2:00,0
11/2/2025 2:15,-1
11/2/2025 2:30,-1
11/2/2025 2:45,-1
11/2/2025 3:00,-1
11/2/2025 3:15,-1
11/2/2025 3:30,-1
11/2/2025 3:45,-2
11/2/2025 4:00,-1
11/2/2025 4:15,-2
11/2/2025 4:30,-1
11/2/2025 4:45,-2
11/2/2025 5:00,-2
11/2/2025 5:15,-2
11/2/2025 5:30,-2
11/2/2025 5:45,-2
11/2/2025 6:00,-2
11/2/2025 6:15,-2
11/2/2025 6:30,-2
11/2/2025 6:45,-15
11/2/2025 7:00,-117
11/2/2025 7:15,-344
11/2/2025 7:30,-634
11/2/2025 7:45,-918
11/2/2025 8:00,-1140
11/2/2025 8:15,-1452
11/2/2025 8:30,-1530
11/2/2025 8:45,-1544
11/2/2025 9:00,-1546
11/2/2025 9:15,-1546
11/2/2025 9:30,-1531
11/2/2025 9:45,-1511
11/2/2025 10:00,-1486
11/2/2025 10:15,-1456
11/2/2025 10:30,-1439
11/2/2025 10:45,-1419
11/2/2025 11:00,-1400
11/2/2025 11:15,-1388
11/2/2025 11:30,-1369
11/2/2025 11:45,-1367
11/2/2025 12:00,-1368
11/2/2025 12:15,-1380
11/2/2025 12:30,-1399
11/2/2025 12:45,-1413
11/2/2025 13:00,-1417
11/2/2025 13:15,-1452
11/2/2025 13:30,-1477
11/2/2025 13:45,-1491
11/2/2025 14:00,-1512
11/2/2025 14:15,-1524
11/2/2025 14:30,-1534
11/2/2025 14:45,-1534
11/2/2025 15:00,-1520
11/2/2025 15:15,-1490
11/2/2025 15:30,-1418
11/2/2025 15:45,-1105
11/2/2025 16:00,-722
11/2/2025 16:15,-469
11/2/2025 16:30,-261
11/2/2025 16:45,-114
11/2/2025 17:00,-28
11/2/2025 17:15,-4
11/2/2025 17:30,-3
11/2/2025 17:45,-2
11/2/2025 18:00,-2
11/2/2025 18:15,-2
11/2/2025 18:30,-3
11/2/2025 18:45,-3
11/2/2025 19:00,-2
11/2/2025 19:15,-3
11/2/2025 19:30,-2
11/2/2025 19:45,-1
11/2/2025 20:00,-1
11/2/2025 20:15,-1
11/2/2025 20:30,-1
11/2/2025 20:45,-1
11/2/2025 21:00,-2
11/2/2025 21:15,-2
11/2/2025 21:30,-2
11/2/2025 21:45,-1
11/2/2025 22:00,-2
11/2/2025 22:15,-1
11/2/2025 22:30,-1
11/2/2025 22:45,-1
11/2/2025 23:00,0
11/2/2025 23:45,-2
11/3/2025 0:00,-2
11/3/2025 0:15,-2
11/3/2025 0:30,-2
11/3/2025 0:45,-2
11/3/2025 1:00,-1
11/3/2025 1:15,-2
11/3/2025 1:30,-1
11/3/2025 1:45,-2
11/3/2025 2:00,-2
11/3/2025 2:15,-2
11/3/2025 2:30,-1
11/3/2025 2:45,-2
11/3/2025 3:00,-2
11/3/2025 3:15,-2
11/3/2025 3:30,-2
11/3/2025 3:45,-2
11/3/2025 4:00,-1
11/3/2025 4:15,-2
11/3/2025 4:30,-2
11/3/2025 4:45,-2
11/3/2025 5:00,-2
11/3/2025 5:15,-2
11/3/2025 5:30,-2
11/3/2025 5:45,-2
11/3/2025 6:00,-2
11/3/2025 6:15,-2
11/3/2025 6:30,-2
11/3/2025 6:45,-21
11/3/2025 7:00,-117
11/3/2025 7:15,-171
11/3/2025 7:30,-320
11/3/2025 7:45,-130
11/3/2025 8:00,-1270
11/3/2025 8:15,-1493
11/3/2025 8:30,-1141
11/3/2025 8:45,-1191
11/3/2025 9:00,-828
11/3/2025 9:15,-1161
11/3/2025 9:30,-658
11/3/2025 9:45,-1623
11/3/2025 10:00,-1540
11/3/2025 10:15,-1429
11/3/2025 10:30,-1519
11/3/2025 10:45,-1203
11/3/2025 11:00,-1209
11/3/2025 11:15,-917
11/3/2025 11:30,-812
11/3/2025 11:45,-653
11/3/2025 12:00,-1242
11/3/2025 12:15,-1302
11/3/2025 12:30,-934
11/3/2025 12:45,-1273
11/3/2025 13:00,-934
11/3/2025 13:15,-981
11/3/2025 13:30,-953
11/3/2025 13:45,-1188
11/3/2025 14:00,-1023
11/3/2025 14:15,-932
11/3/2025 14:30,-450
11/3/2025 14:45,-1486
11/3/2025 15:00,-588
11/3/2025 15:15,-599
11/3/2025 15:30,-338
11/3/2025 15:45,-599
11/3/2025 16:00,-634
11/3/2025 16:15,-127
11/3/2025 16:30,-239
11/3/2025 16:45,-88
11/3/2025 17:00,-31
11/3/2025 17:15,-4
11/3/2025 17:30,-3
11/3/2025 17:45,-2
11/3/2025 18:00,-2
11/3/2025 18:15,-2
11/3/2025 18:30,-2
11/3/2025 18:45,-2
11/3/2025 19:00,-2
11/3/2025 19:15,-2
11/3/2025 19:30,-2
11/3/2025 19:45,-2
11/3/2025 20:00,-2
11/3/2025 20:15,-2
11/3/2025 20:30,-1
11/3/2025 20:45,-1
11/3/2025 21:00,-2
11/3/2025 21:15,-2
11/3/2025 21:30,-2
11/3/2025 21:45,-2
11/3/2025 22:00,-2
11/3/2025 22:15,-2
11/3/2025 22:30,-1
11/3/2025 22:45,-2
11/3/2025 23:00,-2
11/3/2025 23:15,-1
11/3/2025 23:30,-1
11/3/2025 23:45,-2
11/4/2025 0:00,-1
11/4/2025 0:15,-1
11/4/2025 0:30,-1
11/4/2025 0:45,-1
11/4/2025 1:00,-2
11/4/2025 1:15,-2
11/4/2025 1:30,-2
11/4/2025 1:45,-2
11/4/2025 2:00,-2
11/4/2025 2:15,-2
11/4/2025 2:30,-2
11/4/2025 2:45,-1
11/4/2025 3:00,-1
11/4/2025 3:15,-1
11/4/2025 3:30,-2
11/4/2025 3:45,-2
11/4/2025 4:00,-2
11/4/2025 4:15,-2
11/4/2025 4:30,-1
11/4/2025 4:45,-2
11/4/2025 5:00,-1
11/4/2025 5:15,-2
11/4/2025 5:30,-1
11/4/2025 5:45,-2
11/4/2025 6:00,-2
11/4/2025 6:15,-2
11/4/2025 6:30,-2
11/4/2025 6:45,-2
11/4/2025 7:00,-86
11/4/2025 7:15,-278
11/4/2025 7:30,-598
11/4/2025 7:45,-888
11/4/2025 8:00,-1186
11/4/2025 8:15,-1399
11/4/2025 8:30,-1551
11/4/2025 8:45,-1597
11/4/2025 9:00,-1549
11/4/2025 9:15,-1591
11/4/2025 9:30,-1293
11/4/2025 9:45,-754
11/4/2025 10:00,-1416
11/4/2025 10:15,-1211
11/4/2025 10:30,-861
11/4/2025 10:45,-834
11/4/2025 11:00,-806
11/4/2025 11:15,-1484
11/4/2025 11:30,-1453
11/4/2025 11:45,-1491
11/4/2025 12:00,-1488
11/4/2025 12:15,-1203
11/4/2025 12:30,-1148
11/4/2025 12:45,-1164
11/4/2025 13:00,-1539
11/4/2025 13:15,-1548
11/4/2025 13:30,-1531
11/4/2025 13:45,-1565
11/4/2025 14:00,-1398
11/4/2025 14:15,-1492
11/4/2025 14:30,-1543
11/4/2025 14:45,-1538
11/4/2025 15:00,-1524
11/4/2025 15:15,-1495
11/4/2025 15:30,-1406
11/4/2025 15:45,-1079
11/4/2025 16:00,-687
11/4/2025 16:15,-435
11/4/2025 16:30,-238
11/4/2025 16:45,-100
11/4/2025 17:00,-24
11/4/2025 17:15,-4
11/4/2025 17:30,-2
11/4/2025 17:45,-2
11/4/2025 18:00,-2
11/4/2025 18:15,-2
11/4/2025 18:30,-2
11/4/2025 18:45,-2
11/4/2025 19:00,-2
11/4/2025 19:15,-2
11/4/2025 19:30,-2
11/4/2025 19:45,-2
11/4/2025 20:00,-2
11/4/2025 20:15,-2
11/4/2025 20:30,-2
11/4/2025 20:45,-2
11/4/2025 21:00,-2
11/4/2025 21:15,-3
11/4/2025 21:30,-1
11/4/2025 21:45,-1
11/4/2025 22:00,-1
11/4/2025 22:15,-1
11/4/2025 22:30,-1
11/4/2025 22:45,-1
11/4/2025 23:00,-1
11/4/2025 23:15,-2
11/4/2025 23:30,-3
11/4/2025 23:45,-1
11/5/2025 0:00,-1
11/5/2025 0:15,-1
11/5/2025 0:30,-1
11/5/2025 0:45,-1
11/5/2025 1:00,-2
11/5/2025 1:15,-1
11/5/2025 1:30,-1
11/5/2025 1:45,-1
11/5/2025 2:00,-1
11/5/2025 2:15,-1
11/5/2025 2:30,-1
11/5/2025 2:45,-1
11/5/2025 3:00,-1
11/5/2025 3:15,-1
11/5/2025 3:30,-2
11/5/2025 3:45,-2
11/5/2025 4:00,-2
11/5/2025 4:15,-1
11/5/2025 4:30,-3
11/5/2025 4:45,-1
11/5/2025 5:00,-2
11/5/2025 5:15,-1
11/5/2025 5:30,-1
11/5/2025 5:45,-2
11/5/2025 6:00,-1
11/5/2025 6:15,-1
11/5/2025 6:30,-1
11/5/2025 6:45,-3
11/5/2025 7:00,-81
11/5/2025 7:15,-261
11/5/2025 7:30,-561
11/5/2025 7:45,-869
11/5/2025 8:00,-1168
11/5/2025 8:15,-1408
11/5/2025 8:30,-1513
11/5/2025 8:45,-1533
11/5/2025 9:00,-1537
11/5/2025 9:15,-1536
11/5/2025 9:30,-1522
11/5/2025 9:45,-1509
11/5/2025 10:00,-1478
11/5/2025 10:15,-1445
11/5/2025 10:30,-1419
11/5/2025 10:45,-1394
11/5/2025 11:00,-1379
11/5/2025 11:15,-1367
11/5/2025 11:30,-1355
11/5/2025 11:45,-1354
11/5/2025 12:00,-1354
11/5/2025 12:15,-1362
11/5/2025 12:30,-1367
11/5/2025 12:45,-1381
11/5/2025 13:00,-1384
11/5/2025 13:15,-1417
11/5/2025 13:30,-1367
11/5/2025 13:45,-1401
11/5/2025 14:00,-1432
11/5/2025 14:15,-1440
11/5/2025 14:30,-1445
11/5/2025 14:45,-1468
11/5/2025 15:00,-1430
11/5/2025 15:15,-1297
11/5/2025 15:30,-1107
11/5/2025 15:45,-823
11/5/2025 16:00,-615
11/5/2025 16:15,-390
11/5/2025 16:30,-228
11/5/2025 16:45,-100
11/5/2025 17:00,-16
11/5/2025 17:15,-3
11/5/2025 17:30,-2
11/5/2025 17:45,-2
11/5/2025 18:00,-2
11/5/2025 18:15,-3
11/5/2025 18:30,-3
11/5/2025 18:45,-2
11/5/2025 19:00,-2
11/5/2025 19:15,-2
11/5/2025 19:30,-2
11/5/2025 19:45,-1
11/5/2025 20:00,-1
11/5/2025 20:15,-2
11/5/2025 20:30,-2
11/5/2025 20:45,-2
11/5/2025 21:00,-2
11/5/2025 21:15,-1
11/5/2025 21:30,-2
11/5/2025 21:45,-2
11/5/2025 22:00,-2
11/5/2025 22:15,-2
11/5/2025 22:30,-2
11/5/2025 22:45,-2
11/5/2025 23:00,-2
11/5/2025 23:15,-2
11/5/2025 23:30,-2
11/5/2025 23:45,-2
11/6/2025 0:00,-2
11/6/2025 0:15,-2
11/6/2025 0:30,-2
11/6/2025 0:45,-2
11/6/2025 1:00,-1
11/6/2025 1:15,-2
11/6/2025 1:30,-2
11/6/2025 1:45,-1
11/6/2025 2:00,-2
11/6/2025 2:15,-1
11/6/2025 2:30,-2
11/6/2025 2:45,-2
11/6/2025 3:00,-1
11/6/2025 3:15,-1
11/6/2025 3:30,-1
11/6/2025 3:45,-1
11/6/2025 4:00,-1
11/6/2025 4:15,-2
11/6/2025 4:30,-2
11/6/2025 4:45,-2
11/6/2025 5:00,-1
11/6/2025 5:15,-2
11/6/2025 5:30,-2
11/6/2025 5:45,-2
11/6/2025 6:00,-2
11/6/2025 6:15,-1
11/6/2025 6:30,-1
11/6/2025 6:45,-1
11/6/2025 7:00,-118
11/6/2025 7:15,-243
11/6/2025 7:30,-164
11/6/2025 7:45,-273
11/6/2025 8:00,-396
11/6/2025 8:15,-1080
11/6/2025 8:30,-1402
11/6/2025 8:45,-1265
11/6/2025 9:00,-1450
11/6/2025 9:15,-1194
11/6/2025 9:30,-1289
11/6/2025 9:45,-1544
11/6/2025 10:00,-1334
11/6/2025 10:15,-1431
11/6/2025 10:30,-883
11/6/2025 10:45,-1224
11/6/2025 11:00,-1174
11/6/2025 11:15,-1371
11/6/2025 11:30,-1200
11/6/2025 11:45,-1186
11/6/2025 12:00,-1339
11/6/2025 12:15,-1328
11/6/2025 12:30,-1259
11/6/2025 12:45,-1187
11/6/2025 13:00,-1234
11/6/2025 13:15,-1464
11/6/2025 13:30,-1465
11/6/2025 13:45,-1215
11/6/2025 14:00,-1120
11/6/2025 14:15,-866
11/6/2025 14:30,-843
11/6/2025 14:45,-640
11/6/2025 15:00,-725
11/6/2025 15:15,-1339
11/6/2025 15:30,-1429
11/6/2025 15:45,-1071
11/6/2025 16:00,-456
11/6/2025 16:15,-363
11/6/2025 16:30,-238
11/6/2025 16:45,-104
11/6/2025 17:00,-36
11/6/2025 17:15,-4
11/6/2025 17:30,-2
11/6/2025 17:45,-3
11/6/2025 18:00,-2
11/6/2025 18:15,-3
11/6/2025 18:30,-2
11/6/2025 18:45,-2
11/6/2025 19:00,-3
11/6/2025 19:15,-2
11/6/2025 19:30,-2
11/6/2025 19:45,-2
11/6/2025 20:00,-2
11/6/2025 20:15,-2
11/6/2025 20:30,-2
11/6/2025 20:45,-2
11/6/2025 21:00,-2
11/6/2025 21:15,-2
11/6/2025 21:30,-2
11/6/2025 21:45,-1
11/6/2025 22:00,-2
11/6/2025 22:15,-1
11/6/2025 22:30,-2
11/6/2025 22:45,-1
11/6/2025 23:00,-2
11/6/2025 23:15,-3
11/6/2025 23:30,-1
11/6/2025 23:45,-3
11/7/2025 0:00,-1
11/7/2025 0:15,-1
11/7/2025 0:30,-1
11/7/2025 0:45,-1
11/7/2025 1:00,-1
11/7/2025 1:15,-1
11/7/2025 1:30,-1
11/7/2025 1:45,-1
11/7/2025 2:00,-1
11/7/2025 2:15,-1
11/7/2025 2:30,-1
11/7/2025 2:45,-1
11/7/2025 3:00,-1
11/7/2025 3:15,-1
11/7/2025 3:30,-1
11/7/2025 3:45,-1
11/7/2025 4:00,-2
11/7/2025 4:15,-1
11/7/2025 4:30,-2
11/7/2025 4:45,-1
11/7/2025 5:00,-2
11/7/2025 5:15,-2
11/7/2025 5:30,-2
11/7/2025 5:45,-1
11/7/2025 6:00,-1
11/7/2025 6:15,-1
11/7/2025 6:30,-1
11/7/2025 6:45,-1
11/7/2025 7:00,-23
11/7/2025 7:15,-235
11/7/2025 7:30,-534
11/7/2025 7:45,-846
11/7/2025 8:00,-1128
11/7/2025 8:15,-1378
11/7/2025 8:30,-1522
11/7/2025 8:45,-1534
11/7/2025 9:00,-1540
11/7/2025 9:15,-1539
11/7/2025 9:30,-1524
11/7/2025 9:45,-1501
11/7/2025 10:00,-1473
11/7/2025 10:15,-1448
11/7/2025 10:30,-1426
11/7/2025 10:45,-1410
11/7/2025 11:00,-1390
11/7/2025 11:15,-1377
11/7/2025 11:30,-1371
11/7/2025 11:45,-1356
11/7/2025 12:00,-1362
11/7/2025 12:15,-1370
11/7/2025 12:30,-1379
11/7/2025 12:45,-1395
11/7/2025 13:00,-1409
11/7/2025 13:15,-1428
11/7/2025 13:30,-1449
11/7/2025 13:45,-1473
11/7/2025 14:00,-1490
11/7/2025 14:15,-1514
11/7/2025 14:30,-1520
11/7/2025 14:45,-1517
11/7/2025 15:00,-1506
11/7/2025 15:15,-1466
11/7/2025 15:30,-1327
11/7/2025 15:45,-1024
11/7/2025 16:00,-626
11/7/2025 16:15,-393
11/7/2025 16:30,-207
11/7/2025 16:45,-78
11/7/2025 17:00,-17
11/7/2025 17:15,-2
11/7/2025 17:30,-2
11/7/2025 17:45,-2
11/7/2025 18:00,-2
11/7/2025 18:15,-2
11/7/2025 18:30,-2
11/7/2025 18:45,-3
11/7/2025 19:00,-2
11/7/2025 19:15,-2
11/7/2025 19:30,-1
11/7/2025 19:45,-1
11/7/2025 20:00,-1
11/7/2025 20:15,-3
11/7/2025 20:30,-2
11/7/2025 20:45,-2
11/7/2025 21:00,-2
11/7/2025 21:15,-2
11/7/2025 21:30,-2
11/7/2025 21:45,-1
11/7/2025 22:00,-2
11/7/2025 22:15,-1
11/7/2025 22:30,-1
11/7/2025 22:45,-1
11/7/2025 23:00,-1
11/7/2025 23:15,-2
11/7/2025 23:30,-1
11/7/2025 23:45,-2
11/8/2025 0:00,-1
11/8/2025 0:15,-2
11/8/2025 0:30,-1
11/8/2025 0:45,-1
11/8/2025 1:00,-2
11/8/2025 1:15,-1
11/8/2025 1:30,-1
11/8/2025 1:45,-1
11/8/2025 2:00,-1
11/8/2025 2:15,-1
11/8/2025 2:30,-3
11/8/2025 2:45,-2
11/8/2025 3:00,-1
11/8/2025 3:15,-1
11/8/2025 3:30,-1
11/8/2025 3:45,-1
11/8/2025 4:00,-1
11/8/2025 4:15,-1
11/8/2025 4:30,-1
11/8/2025 4:45,-1
11/8/2025 5:00,-2
11/8/2025 5:15,-2
11/8/2025 5:30,-2
11/8/2025 5:45,-2
11/8/2025 6:00,-1
11/8/2025 6:15,-1
11/8/2025 6:30,-1
11/8/2025 6:45,-3
11/8/2025 7:00,-37
11/8/2025 7:15,-145
11/8/2025 7:30,-531
11/8/2025 7:45,-836
11/8/2025 8:00,-1124
11/8/2025 8:15,-1357
11/8/2025 8:30,-1514
11/8/2025 8:45,-1530
11/8/2025 9:00,-1543
11/8/2025 9:15,-1456
11/8/2025 9:30,-1556
11/8/2025 9:45,-1451
11/8/2025 10:00,-1108
11/8/2025 10:15,-772
11/8/2025 10:30,-884
11/8/2025 10:45,-1101
11/8/2025 11:00,-955
11/8/2025 11:15,-1045
11/8/2025 11:30,-1342
11/8/2025 11:45,-1358
11/8/2025 12:00,-1251
11/8/2025 12:15,-1569
11/8/2025 12:30,-1008
11/8/2025 12:45,-995
11/8/2025 13:00,-951
11/8/2025 13:15,-940
11/8/2025 13:30,-1237
11/8/2025 13:45,-530
11/8/2025 14:00,-1261
11/8/2025 14:15,-1055
11/8/2025 14:30,-1273
11/8/2025 14:45,-1370
11/8/2025 15:00,-1542
11/8/2025 15:15,-1492
11/8/2025 15:30,-1378
11/8/2025 15:45,-824
11/8/2025 16:00,-603
11/8/2025 16:15,-377
11/8/2025 16:30,-198
11/8/2025 16:45,-76
11/8/2025 17:00,-16
11/8/2025 17:15,-4
11/8/2025 17:30,-2
11/8/2025 17:45,-2
11/8/2025 18:00,-2
11/8/2025 18:15,-2
11/8/2025 18:30,-2
11/8/2025 18:45,-2
11/8/2025 19:00,-2
11/8/2025 19:15,-2
11/8/2025 19:30,-2
11/8/2025 19:45,-2
11/8/2025 20:00,-2
11/8/2025 20:15,-3
11/8/2025 20:30,-3
11/8/2025 20:45,-2
11/8/2025 21:00,-1
11/8/2025 21:15,-1
11/8/2025 21:30,-1
11/8/2025 21:45,-2
11/8/2025 22:00,-1
11/8/2025 22:15,-1
11/8/2025 22:30,-2
11/8/2025 22:45,-1
11/8/2025 23:00,-1
11/8/2025 23:15,-1
11/8/2025 23:30,-2
11/8/2025 23:45,-1
11/9/2025 0:00,-1
11/9/2025 0:15,-2
11/9/2025 0:30,-1
11/9/2025 0:45,-1
11/9/2025 1:00,-1
11/9/2025 1:15,-2
11/9/2025 1:30,-1
11/9/2025 1:45,-3
11/9/2025 2:00,-1
11/9/2025 2:15,-1
11/9/2025 2:30,-1
11/9/2025 2:45,-1
11/9/2025 3:00,-2
11/9/2025 3:15,-1
11/9/2025 3:30,-1
11/9/2025 3:45,-1
11/9/2025 4:00,-1
11/9/2025 4:15,-1
11/9/2025 4:30,-1
11/9/2025 4:45,-1
11/9/2025 5:00,-1
11/9/2025 5:15,-2
11/9/2025 5:30,-2
11/9/2025 5:45,-2
11/9/2025 6:00,-2
11/9/2025 6:15,-2
11/9/2025 6:30,-1
11/9/2025 6:45,-2
11/9/2025 7:00,-55
11/9/2025 7:15,-170
11/9/2025 7:30,-468
11/9/2025 7:45,-787
11/9/2025 8:00,-1003
11/9/2025 8:15,-1365
11/9/2025 8:30,-1512
11/9/2025 8:45,-1538
11/9/2025 9:00,-1548
11/9/2025 9:15,-1529
11/9/2025 9:30,-1527
11/9/2025 9:45,-1505
11/9/2025 10:00,-1478
11/9/2025 10:15,-1462
11/9/2025 10:30,-1359
11/9/2025 10:45,-1344
11/9/2025 11:00,-1357
11/9/2025 11:15,-1268
11/9/2025 11:30,-1170
11/9/2025 11:45,-1273
11/9/2025 12:00,-1312
11/9/2025 12:15,-1327
11/9/2025 12:30,-1350
11/9/2025 12:45,-1365
11/9/2025 13:00,-1383
11/9/2025 13:15,-1401
11/9/2025 13:30,-1431
11/9/2025 13:45,-1463
11/9/2025 14:00,-1482
11/9/2025 14:15,-1502
11/9/2025 14:30,-1512
11/9/2025 14:45,-1511
11/9/2025 15:00,-1496
11/9/2025 15:15,-1453
11/9/2025 15:30,-1081
11/9/2025 15:45,-889
11/9/2025 16:00,-630
11/9/2025 16:15,-367
11/9/2025 16:30,-192
11/9/2025 16:45,-69
11/9/2025 17:00,-17
11/9/2025 17:15,-3
11/9/2025 17:30,-2
11/9/2025 17:45,-2
11/9/2025 18:00,-2
11/9/2025 18:15,-2
11/9/2025 18:30,-2
11/9/2025 18:45,-2
11/9/2025 19:00,-2
11/9/2025 19:15,-2
11/9/2025 19:30,-2
11/9/2025 19:45,-2
11/9/2025 20:00,-2
11/9/2025 20:15,-2
11/9/2025 20:30,-2
11/9/2025 20:45,-1
11/9/2025 21:00,-1
11/9/2025 21:15,-1
11/9/2025 21:30,-2
11/9/2025 21:45,-2
11/9/2025 22:00,-1
11/9/2025 22:15,-2
11/9/2025 22:30,-1
11/9/2025 22:45,-1
11/9/2025 23:00,-1
11/9/2025 23:15,-1
11/9/2025 23:30,-1
11/9/2025 23:45,-1
11/10/2025 0:00,-2
11/10/2025 0:15,-1
11/10/2025 0:30,-1
11/10/2025 0:45,-1
11/10/2025 1:00,-2
11/10/2025 1:15,-1
11/10/2025 1:30,-2
11/10/2025 1:45,-2
11/10/2025 2:00,-1
11/10/2025 2:15,-1
11/10/2025 2:30,-1
11/10/2025 2:45,-1
11/10/2025 3:00,-1
11/10/2025 3:15,-1
11/10/2025 3:30,-1
11/10/2025 3:45,-1
11/10/2025 4:00,-1
11/10/2025 4:15,-2
11/10/2025 4:30,-2
11/10/2025 4:45,-2
11/10/2025 5:00,-1
11/10/2025 5:15,-2
11/10/2025 5:30,-1
11/10/2025 5:45,-1
11/10/2025 6:00,-1
11/10/2025 6:15,-2
11/10/2025 6:30,-1
11/10/2025 6:45,-1
11/10/2025 7:00,-51
11/10/2025 7:15,-182
11/10/2025 7:30,-455
11/10/2025 7:45,-756
11/10/2025 8:00,-1048
11/10/2025 8:15,-1300
11/10/2025 8:30,-1469
11/10/2025 8:45,-1510
11/10/2025 9:00,-1513
11/10/2025 9:15,-1513
11/10/2025 9:30,-1492
11/10/2025 9:45,-1477
11/10/2025 10:00,-1446
11/10/2025 10:15,-1428
11/10/2025 10:30,-1399
11/10/2025 10:45,-1406
11/10/2025 11:00,-1430
11/10/2025 11:15,-1386
11/10/2025 11:30,-1278
11/10/2025 11:45,-1322
11/10/2025 12:00,-1314
11/10/2025 12:15,-1319
11/10/2025 12:30,-1329
11/10/2025 12:45,-1346
11/10/2025 13:00,-1370
11/10/2025 13:15,-1382
11/10/2025 13:30,-1410
11/10/2025 13:45,-1438
11/10/2025 14:00,-1459
11/10/2025 14:15,-1474
11/10/2025 14:30,-1495
11/10/2025 14:45,-1507
11/10/2025 15:00,-1244
11/10/2025 15:15,-1424
11/10/2025 15:30,-1227
11/10/2025 15:45,-914
11/10/2025 16:00,-661
11/10/2025 16:15,-346
11/10/2025 16:30,-146
11/10/2025 16:45,-67
11/10/2025 17:00,-21
11/10/2025 17:15,-4
11/10/2025 17:30,-2
11/10/2025 17:45,-2
11/10/2025 18:00,-2
11/10/2025 18:15,-2
11/10/2025 18:30,-2
11/10/2025 18:45,-2
11/10/2025 19:00,-2
11/10/2025 19:15,-1
11/10/2025 19:30,-1
11/10/2025 19:45,-1
11/10/2025 20:00,-1
11/10/2025 20:15,-1
11/10/2025 20:30,-1
11/10/2025 20:45,-1
11/10/2025 21:00,-1
11/10/2025 21:15,-1
11/10/2025 21:30,-1
11/10/2025 21:45,-1
11/10/2025 22:00,-1
11/10/2025 22:15,-1
11/10/2025 22:30,-1
11/10/2025 22:45,-2
11/10/2025 23:00,-1
11/10/2025 23:15,-1
11/10/2025 23:30,-1
11/10/2025 23:45,-1
11/11/2025 0:00,-1
11/11/2025 0:15,-1
11/11/2025 0:30,-1
11/11/2025 0:45,-1
11/11/2025 1:00,-2
11/11/2025 1:15,-1
11/11/2025 1:30,-1
11/11/2025 1:45,-1
11/11/2025 2:00,-1
11/11/2025 2:15,-1
11/11/2025 2:30,-2
11/11/2025 2:45,-2
11/11/2025 3:00,-1
11/11/2025 3:15,-1
11/11/2025 3:30,-1
11/11/2025 3:45,-1
11/11/2025 4:00,-1
11/11/2025 4:15,-1
11/11/2025 4:30,-1
11/11/2025 4:45,-1
11/11/2025 5:00,-1
11/11/2025 5:15,-1
11/11/2025 5:30,-1
11/11/2025 5:45,-1
11/11/2025 6:00,-1
11/11/2025 6:15,-1
11/11/2025 6:30,-1
11/11/2025 6:45,-1
11/11/2025 7:00,-26
11/11/2025 7:15,-231
11/11/2025 7:30,-439
11/11/2025 7:45,-682
11/11/2025 8:00,-1008
11/11/2025 8:15,-1253
11/11/2025 8:30,-1444
11/11/2025 8:45,-1504
11/11/2025 9:00,-1397
11/11/2025 9:15,-1419
11/11/2025 9:30,-1518
11/11/2025 9:45,-1405
11/11/2025 10:00,-1254
11/11/2025 10:15,-1237
11/11/2025 10:30,-1348
11/11/2025 10:45,-1143
11/11/2025 11:00,-1398
11/11/2025 11:15,-1112
11/11/2025 11:30,-1033
11/11/2025 11:45,-1289
11/11/2025 12:00,-978
11/11/2025 12:15,-1186
11/11/2025 12:30,-1229
11/11/2025 12:45,-1268
11/11/2025 13:00,-1408
11/11/2025 13:15,-1238
11/11/2025 13:30,-1423
11/11/2025 13:45,-1559
11/11/2025 14:00,-1487
11/11/2025 14:15,-1293
11/11/2025 14:30,-1464
11/11/2025 14:45,-1501
11/11/2025 15:00,-1456
11/11/2025 15:15,-1435
11/11/2025 15:30,-1294
11/11/2025 15:45,-876
11/11/2025 16:00,-554
11/11/2025 16:15,-338
11/11/2025 16:30,-162
11/11/2025 16:45,-54
11/11/2025 17:00,-11
11/11/2025 17:15,-3
11/11/2025 17:30,-2
11/11/2025 17:45,-2
11/11/2025 18:00,-2
11/11/2025 18:15,-2
11/11/2025 18:30,-2
11/11/2025 18:45,-3
11/11/2025 19:00,-2
11/11/2025 19:15,-1
11/11/2025 19:30,-1
11/11/2025 19:45,-1
11/11/2025 20:00,-1
11/11/2025 20:15,-1
11/11/2025 20:30,-1
11/11/2025 20:45,-2
11/11/2025 21:00,-1
11/11/2025 21:15,-1
11/11/2025 21:30,-2
11/11/2025 21:45,-1
11/11/2025 22:00,-2
11/11/2025 22:15,-2
11/11/2025 22:30,-1
11/11/2025 22:45,-1
11/11/2025 23:00,-1
11/11/2025 23:15,-2
11/11/2025 23:30,-1
11/11/2025 23:45,-2
11/12/2025 0:00,-1
11/12/2025 0:15,-2
11/12/2025 0:30,-2
11/12/2025 0:45,-1
11/12/2025 1:00,-2
11/12/2025 1:15,-2
11/12/2025 1:30,-2
11/12/2025 1:45,-1
11/12/2025 2:00,-1
11/12/2025 2:15,-2
11/12/2025 2:30,-1
11/12/2025 2:45,-1
11/12/2025 3:00,-1
11/12/2025 3:15,-3
11/12/2025 3:30,-1
11/12/2025 3:45,-1
11/12/2025 4:00,-1
11/12/2025 4:15,-2
11/12/2025 4:30,-1
11/12/2025 4:45,-1
11/12/2025 5:00,-1
11/12/2025 5:15,-1
11/12/2025 5:30,-1
11/12/2025 5:45,-1
11/12/2025 6:00,-2
11/12/2025 6:15,-2
11/12/2025 6:30,-1
11/12/2025 6:45,-1
11/12/2025 7:00,-45
11/12/2025 7:15,-198
11/12/2025 7:30,-355
11/12/2025 7:45,-637
11/12/2025 8:00,-1017
11/12/2025 8:15,-1274
11/12/2025 8:30,-1524
11/12/2025 8:45,-1040
11/12/2025 9:00,-1226
11/12/2025 9:15,-1513
11/12/2025 9:30,-1489
11/12/2025 9:45,-1366
11/12/2025 10:00,-1370
11/12/2025 10:15,-1403
11/12/2025 10:30,-1342
11/12/2025 10:45,-1202
11/12/2025 11:00,-1302
11/12/2025 11:15,-1214
11/12/2025 11:30,-1260
11/12/2025 11:45,-1106
11/12/2025 12:00,-1330
11/12/2025 12:15,-1014
11/12/2025 12:30,-896
11/12/2025 12:45,-922
11/12/2025 13:00,-1258
11/12/2025 13:15,-1054
11/12/2025 13:45,-1471
11/12/2025 14:00,-1161
11/12/2025 14:15,-1380
11/12/2025 14:30,-774
11/12/2025 14:45,-1242
11/12/2025 15:00,-876
11/12/2025 15:15,-1322
11/12/2025 15:30,-965
11/12/2025 15:45,-684
11/12/2025 16:00,-635
11/12/2025 16:15,-473
11/12/2025 17:00,-4
11/12/2025 17:15,-2
11/12/2025 17:30,-2
11/12/2025 17:45,-2
11/12/2025 18:00,-2
11/12/2025 18:15,-2
11/12/2025 18:30,-2
11/12/2025 18:45,-2
11/12/2025 19:00,-2
11/12/2025 19:15,-2
11/12/2025 19:30,-2
11/12/2025 19:45,-2
11/12/2025 20:00,-2
11/12/2025 20:15,-2
11/12/2025 20:30,-1
11/12/2025 20:45,-2
11/12/2025 21:00,-1
11/12/2025 21:15,-1
11/12/2025 21:30,-1
11/12/2025 21:45,-2
11/12/2025 22:00,-2
11/12/2025 22:15,-1
11/12/2025 22:30,-1
11/12/2025 22:45,-2
11/12/2025 23:00,-2
11/12/2025 23:15,-2
11/12/2025 23:30,-2
11/12/2025 23:45,-1
11/13/2025 0:00,-2
11/13/2025 0:15,-1
11/13/2025 0:30,-1
11/13/2025 0:45,-1
11/13/2025 1:00,-1
11/13/2025 1:15,-3
11/13/2025 1:30,-1
11/13/2025 1:45,-2
11/13/2025 2:00,-1
11/13/2025 2:15,-1
11/13/2025 2:30,-1
11/13/2025 2:45,-3
11/13/2025 3:00,-2
11/13/2025 3:15,-1
11/13/2025 3:30,-2
11/13/2025 3:45,-2
11/13/2025 4:00,-2
11/13/2025 4:15,-2
11/13/2025 4:30,-2
11/13/2025 4:45,-1
11/13/2025 5:00,-2
11/13/2025 5:15,-1
11/13/2025 5:30,-2
11/13/2025 5:45,-2
11/13/2025 6:00,-1
11/13/2025 6:15,-1
11/13/2025 6:30,-1
11/13/2025 6:45,-3
11/13/2025 7:00,-13
11/13/2025 7:15,-155
11/13/2025 7:30,-200
11/13/2025 7:45,-626
11/13/2025 8:00,-955
11/13/2025 8:15,-1203
11/13/2025 8:30,-1404
11/13/2025 8:45,-1447
11/13/2025 9:00,-1467
11/13/2025 9:15,-1552
11/13/2025 9:30,-801
11/13/2025 9:45,-1480
11/13/2025 10:00,-1402
11/13/2025 10:15,-1363
11/13/2025 10:30,-1327
11/13/2025 10:45,-1312
11/13/2025 11:00,-1288
11/13/2025 11:15,-1283
11/13/2025 11:30,-1267
11/13/2025 11:45,-1261
11/13/2025 12:00,-1265
11/13/2025 12:15,-1282
11/13/2025 12:30,-1291
11/13/2025 12:45,-1224
11/13/2025 13:00,-1327
11/13/2025 13:15,-1342
11/13/2025 13:30,-1377
11/13/2025 13:45,-1398
11/13/2025 14:00,-1423
11/13/2025 14:15,-1440
11/13/2025 14:30,-1460
11/13/2025 14:45,-1518
11/13/2025 15:00,-1477
11/13/2025 15:15,-1234
11/13/2025 15:30,-881
11/13/2025 15:45,-913
11/13/2025 16:00,-487
11/13/2025 16:15,-199
11/13/2025 16:30,-142
11/13/2025 16:45,-46
11/13/2025 17:00,-13
11/13/2025 17:15,-2
11/13/2025 17:30,-2
11/13/2025 17:45,-3
11/13/2025 18:00,-2
11/13/2025 18:15,-3
11/13/2025 18:30,-2
11/13/2025 18:45,-2
11/13/2025 19:00,-2
11/13/2025 19:15,-2
11/13/2025 19:30,-2
11/13/2025 19:45,-2
11/13/2025 20:00,-1
11/13/2025 20:15,-1
11/13/2025 20:30,-3
11/13/2025 20:45,-1
11/13/2025 21:00,-1
11/13/2025 21:15,-1
11/13/2025 21:30,-1
11/13/2025 21:45,-2
11/13/2025 22:00,-1
11/13/2025 22:15,-1
11/13/2025 22:30,-2
11/13/2025 22:45,-1
11/13/2025 23:00,-2
11/13/2025 23:15,-1
11/13/2025 23:30,-2
11/13/2025 23:45,-1
11/14/2025 0:00,-2
11/14/2025 0:15,-1
11/14/2025 0:30,-1
11/14/2025 0:45,-1
11/14/2025 1:00,-1
11/14/2025 1:15,-2
11/14/2025 1:30,-2
11/14/2025 1:45,-2
11/14/2025 2:00,-2
11/14/2025 2:15,-2
11/14/2025 2:30,-2
11/14/2025 2:45,-2
11/14/2025 3:00,-1
11/14/2025 3:15,-2
11/14/2025 3:30,-1
11/14/2025 3:45,-2
11/14/2025 4:00,-1
11/14/2025 4:15,-1
11/14/2025 4:30,-2
11/14/2025 4:45,-1
11/14/2025 5:00,-1
11/14/2025 5:15,-2
11/14/2025 5:30,-1
11/14/2025 5:45,-1
11/14/2025 6:00,-1
11/14/2025 6:15,-2
11/14/2025 6:30,-2
11/14/2025 6:45,-2
11/14/2025 7:00,-21
11/14/2025 7:15,-107
11/14/2025 7:30,-311
11/14/2025 7:45,-588
11/14/2025 8:00,-867
11/14/2025 8:15,-1105
11/14/2025 8:30,-1357
11/14/2025 8:45,-1401
11/14/2025 9:00,-1437
11/14/2025 9:15,-1439
11/14/2025 9:30,-1432
11/14/2025 9:45,-1408
11/14/2025 10:00,-1370
11/14/2025 10:15,-1341
11/14/2025 10:30,-1316
11/14/2025 10:45,-1297
11/14/2025 11:00,-1283
11/14/2025 11:15,-1262
11/14/2025 11:30,-1245
11/14/2025 11:45,-1236
11/14/2025 12:00,-1311
11/14/2025 12:15,-1239
11/14/2025 12:30,-1255
11/14/2025 12:45,-1295
11/14/2025 13:00,-1327
11/14/2025 13:15,-1139
11/14/2025 13:30,-1450
11/14/2025 13:45,-1462
11/14/2025 14:00,-1249
11/14/2025 14:15,-823
11/14/2025 14:30,-1429
11/14/2025 14:45,-1432
11/14/2025 15:00,-1383
11/14/2025 15:15,-1342
11/14/2025 15:30,-1135
11/14/2025 15:45,-789
11/14/2025 16:00,-497
11/14/2025 16:15,-279
11/14/2025 16:30,-134
11/14/2025 16:45,-39
11/14/2025 17:00,-9
11/14/2025 17:15,-3
11/14/2025 17:45,-2
11/14/2025 18:00,-2
11/14/2025 18:15,-2
11/14/2025 18:30,-3
11/14/2025 18:45,-2
11/14/2025 19:00,-2
11/14/2025 19:15,-2
11/14/2025 19:30,-3
11/14/2025 19:45,-2
11/14/2025 20:00,-2
11/14/2025 20:15,-1
11/14/2025 20:30,-3
11/14/2025 20:45,-2
11/14/2025 21:00,-2
11/14/2025 21:15,-2
11/14/2025 21:30,-1
11/14/2025 21:45,-2
11/14/2025 22:00,-1
11/14/2025 22:15,-1
11/14/2025 22:30,-1
11/14/2025 22:45,-2
11/14/2025 23:00,-2
11/14/2025 23:15,-1
11/14/2025 23:30,-1
11/14/2025 23:45,-2
11/15/2025 0:00,-1
11/15/2025 0:15,-1
11/15/2025 0:30,-1
11/15/2025 0:45,-1
11/15/2025 1:00,-1
11/15/2025 1:15,-1
11/15/2025 1:30,-2
11/15/2025 1:45,-2
11/15/2025 2:00,-2
11/15/2025 2:15,-2
11/15/2025 2:30,-2
11/15/2025 2:45,-2
11/15/2025 3:00,-2
11/15/2025 3:15,-2
11/15/2025 3:30,-2
11/15/2025 3:45,-2
11/15/2025 4:00,-1
11/15/2025 4:15,-1
11/15/2025 4:30,-1
11/15/2025 4:45,-3
11/15/2025 5:00,-1
11/15/2025 5:15,-1
11/15/2025 5:30,-3
11/15/2025 5:45,-1
11/15/2025 6:00,-2
11/15/2025 6:15,-1
11/15/2025 6:30,-1
11/15/2025 6:45,-1
11/15/2025 7:00,-21
11/15/2025 7:15,-126
11/15/2025 7:30,-341
11/15/2025 7:45,-642
11/15/2025 8:00,-914
11/15/2025 8:15,-1185
11/15/2025 8:30,-1407
11/15/2025 8:45,-1444
11/15/2025 9:00,-1449
11/15/2025 9:15,-1445
11/15/2025 9:30,-1429
11/15/2025 9:45,-1406
11/15/2025 10:00,-1386
11/15/2025 10:15,-1359
11/15/2025 10:30,-1325
11/15/2025 10:45,-1304
11/15/2025 11:00,-1283
11/15/2025 11:15,-1266
11/15/2025 11:30,-1249
11/15/2025 11:45,-1240
11/15/2025 12:00,-1242
11/15/2025 12:15,-1251
11/15/2025 12:30,-1267
11/15/2025 12:45,-1280
11/15/2025 13:00,-1304
11/15/2025 13:15,-1324
11/15/2025 13:30,-1349
11/15/2025 13:45,-1372
11/15/2025 14:00,-1391
11/15/2025 14:15,-1412
11/15/2025 14:30,-1427
11/15/2025 14:45,-1421
11/15/2025 15:00,-1394
11/15/2025 15:15,-1337
11/15/2025 15:30,-1116
11/15/2025 16:00,-482
11/15/2025 16:15,-145
11/15/2025 16:30,-43
11/15/2025 16:45,-23
11/15/2025 17:00,-2
11/15/2025 17:15,-2
11/15/2025 17:30,-2
11/15/2025 17:45,-2
11/15/2025 18:00,-2
11/15/2025 18:15,-2
11/15/2025 18:30,-2
11/15/2025 18:45,-2
11/15/2025 19:00,-2
11/15/2025 19:15,-2
11/15/2025 19:30,-3
11/15/2025 19:45,-1
11/15/2025 20:00,-1
11/15/2025 20:15,-1
11/15/2025 20:30,-1
11/15/2025 20:45,-1
11/15/2025 21:00,-1
11/15/2025 21:15,-2
11/15/2025 21:30,-2
11/15/2025 21:45,-1
11/15/2025 22:00,-2
11/15/2025 22:15,-1
11/15/2025 22:30,-2
11/15/2025 22:45,-1
11/15/2025 23:00,-1
11/15/2025 23:15,-1
11/15/2025 23:30,-1
11/15/2025 23:45,-1
11/16/2025 0:00,-3
11/16/2025 0:15,-3
11/16/2025 0:30,-1
11/16/2025 0:45,-1
11/16/2025 1:00,-3
11/16/2025 1:15,-1
11/16/2025 1:30,-3
11/16/2025 1:45,-3
11/16/2025 2:00,-1
11/16/2025 2:15,-2
11/16/2025 2:30,-2
11/16/2025 2:45,-2
11/16/2025 3:00,-2
11/16/2025 3:15,-2
11/16/2025 3:30,-2
11/16/2025 3:45,-2
11/16/2025 4:00,-2
11/16/2025 4:15,-2
11/16/2025 4:30,-2
11/16/2025 4:45,-2
11/16/2025 5:00,-2
11/16/2025 5:15,-2
11/16/2025 5:30,-2
11/16/2025 5:45,-2
11/16/2025 6:00,-2
11/16/2025 6:15,-2
11/16/2025 6:30,-2
11/16/2025 6:45,-2
11/16/2025 7:00,-1
11/16/2025 7:15,-26
11/16/2025 7:30,-68
11/16/2025 7:45,-77
11/16/2025 8:00,-52
11/16/2025 8:15,-78
11/16/2025 8:30,-79
11/16/2025 8:45,-82
11/16/2025 9:00,-515
11/16/2025 9:15,-283
11/16/2025 9:30,-361
11/16/2025 9:45,-1541
11/16/2025 10:00,-1496
11/16/2025 10:15,-1413
11/16/2025 10:30,-531
11/16/2025 10:45,-1481
11/16/2025 11:00,-1299
11/16/2025 11:15,-1280
11/16/2025 11:30,-1402
11/16/2025 11:45,-1120
11/16/2025 12:00,-712
11/16/2025 12:15,-599
11/16/2025 12:30,-722
11/16/2025 12:45,-471
11/16/2025 13:00,-395
11/16/2025 13:15,-368
11/16/2025 13:30,-324
11/16/2025 13:45,-342
11/16/2025 14:00,-260
11/16/2025 14:15,-227
11/16/2025 14:30,-270
11/16/2025 14:45,-115
11/16/2025 15:00,-60
11/16/2025 15:15,-5
11/16/2025 15:30,-7
11/16/2025 15:45,-7
11/16/2025 16:00,-9
11/16/2025 16:15,-26
11/16/2025 16:30,-2
11/16/2025 16:45,-2
11/16/2025 17:00,-2
11/16/2025 17:15,-2
11/16/2025 17:30,-2
11/16/2025 17:45,-2
11/16/2025 18:00,-2
11/16/2025 18:15,-2
11/16/2025 18:30,-2
11/16/2025 18:45,-1
11/16/2025 19:00,-1
11/16/2025 19:15,-2
11/16/2025 19:30,-2
11/16/2025 19:45,-2
11/16/2025 20:00,-2
11/16/2025 20:15,-2
11/16/2025 20:30,-2
11/16/2025 20:45,-2
11/16/2025 21:00,-2
11/16/2025 21:15,-2
11/16/2025 21:30,-2
11/16/2025 21:45,-2
11/16/2025 22:00,-2
11/16/2025 22:15,-2
11/16/2025 22:30,-2
11/16/2025 22:45,-2
11/16/2025 23:00,-2
11/16/2025 23:15,-2
11/16/2025 23:30,-2
11/16/2025 23:45,-2
11/17/2025 0:00,-2
11/17/2025 0:15,-2
11/17/2025 0:30,-2
11/17/2025 0:45,-2
11/17/2025 1:00,-2
11/17/2025 1:15,-2
11/17/2025 1:30,-2
11/17/2025 1:45,-2
11/17/2025 2:00,-2
11/17/2025 2:15,-2
11/17/2025 2:30,-2
11/17/2025 2:45,-3
11/17/2025 3:00,-2
11/17/2025 3:15,-3
11/17/2025 3:30,-2
11/17/2025 3:45,-2
11/17/2025 4:00,-2
11/17/2025 4:15,-2
11/17/2025 4:30,-2
11/17/2025 4:45,-2
11/17/2025 5:00,-2
11/17/2025 5:15,-2
11/17/2025 5:30,-2
11/17/2025 5:45,-2
11/17/2025 6:00,-2
11/17/2025 6:15,-2
11/17/2025 6:30,-2
11/17/2025 6:45,-2
11/17/2025 7:00,-1
11/17/2025 7:15,-10
11/17/2025 7:30,-40
11/17/2025 7:45,-58
11/17/2025 8:00,-111
11/17/2025 8:15,-218
11/17/2025 8:30,-357
11/17/2025 8:45,-510
11/17/2025 9:00,-797
11/17/2025 9:15,-576
11/17/2025 9:30,-305
11/17/2025 9:45,-539
11/17/2025 10:00,-386
11/17/2025 10:15,-540
11/17/2025 10:30,-298
11/17/2025 10:45,-488
11/17/2025 11:00,-482
11/17/2025 11:15,-571
11/17/2025 11:30,-348
11/17/2025 11:45,-1405
11/17/2025 12:00,-362
11/17/2025 12:15,-426
11/17/2025 12:30,-338
11/17/2025 12:45,-177
11/17/2025 13:00,-265
11/17/2025 13:15,-337
11/17/2025 13:30,-269
11/17/2025 13:45,-559
11/17/2025 14:00,-564
11/17/2025 14:15,-310
11/17/2025 14:30,-232
11/17/2025 14:45,-199
11/17/2025 15:00,-227
11/17/2025 15:15,-468
11/17/2025 15:30,-115
11/17/2025 15:45,-111
11/17/2025 16:00,-77
11/17/2025 16:15,-66
11/17/2025 16:30,-39
11/17/2025 16:45,-21
11/17/2025 17:00,-2
11/17/2025 17:15,-2
11/17/2025 17:30,-2
11/17/2025 17:45,-2
11/17/2025 18:00,-2
11/17/2025 18:15,-2
11/17/2025 18:30,-2
11/17/2025 18:45,-2
11/17/2025 19:00,-2
11/17/2025 19:15,-2
11/17/2025 19:30,-2
11/17/2025 19:45,-2
11/17/2025 20:00,-2
11/17/2025 20:15,-1
11/17/2025 20:30,-2
11/17/2025 20:45,-2
11/17/2025 21:00,-1
11/17/2025 21:15,-2
11/17/2025 21:30,-1
11/17/2025 21:45,-1
11/17/2025 22:00,-2
11/17/2025 22:15,-2
11/17/2025 22:30,-2
11/17/2025 22:45,-1
11/17/2025 23:00,-1
11/17/2025 23:15,-1
11/17/2025 23:30,-1
11/17/2025 23:45,-1
11/18/2025 0:00,-1
11/18/2025 0:15,-2
11/18/2025 0:30,-1
11/18/2025 0:45,-1
11/18/2025 1:00,-1
11/18/2025 1:15,-1
11/18/2025 1:30,-2
11/18/2025 1:45,-1
11/18/2025 2:00,-1
11/18/2025 2:15,-1
11/18/2025 2:30,-1
11/18/2025 2:45,-1
11/18/2025 3:00,-1
11/18/2025 3:15,-1
11/18/2025 3:30,-1
11/18/2025 3:45,-1
11/18/2025 4:00,-2
11/18/2025 4:15,-1
11/18/2025 4:30,-1
11/18/2025 4:45,-2
11/18/2025 5:00,-1
11/18/2025 5:15,-1
11/18/2025 5:30,-1
11/18/2025 5:45,-2
11/18/2025 6:00,-2
11/18/2025 6:15,-1
11/18/2025 6:30,-1
11/18/2025 6:45,-2
11/18/2025 7:00,-2
11/18/2025 7:15,-53
11/18/2025 7:30,-279
11/18/2025 7:45,-409
11/18/2025 8:00,-832
11/18/2025 8:15,-1029
11/18/2025 8:30,-1419
11/18/2025 8:45,-1116
11/18/2025 9:00,-1519
11/18/2025 9:15,-1264
11/18/2025 9:30,-1481
11/18/2025 9:45,-1444
11/18/2025 10:00,-1406
11/18/2025 10:15,-1365
11/18/2025 10:30,-1346
11/18/2025 10:45,-1355
11/18/2025 11:00,-835
11/18/2025 11:15,-1294
11/18/2025 11:30,-1283
11/18/2025 11:45,-1248
11/18/2025 12:00,-1297
11/18/2025 12:15,-754
11/18/2025 12:30,-845
11/18/2025 12:45,-1161
11/18/2025 13:00,-1619
11/18/2025 13:15,-1257
11/18/2025 13:30,-1329
11/18/2025 13:45,-1580
11/18/2025 14:00,-380
11/18/2025 14:15,-1641
11/18/2025 14:30,-836
11/18/2025 14:45,-398
11/18/2025 15:00,-267
11/18/2025 15:15,-569
11/18/2025 15:30,-599
11/18/2025 15:45,-381
11/18/2025 16:00,-210
11/18/2025 16:15,-217
11/18/2025 16:30,-108
11/18/2025 16:45,-38
11/18/2025 17:00,-2
11/18/2025 17:15,-2
11/18/2025 17:30,-2
11/18/2025 17:45,-3
11/18/2025 18:00,-2
11/18/2025 18:15,-2
11/18/2025 18:30,-2
11/18/2025 18:45,-1
11/18/2025 19:00,-1
11/18/2025 19:15,-1
11/18/2025 19:30,-1
11/18/2025 19:45,-2
11/18/2025 20:00,-1
11/18/2025 20:15,-2
11/18/2025 20:30,-2
11/18/2025 20:45,-1
11/18/2025 21:00,-1
11/18/2025 21:15,-1
11/18/2025 21:30,-2
11/18/2025 21:45,-2
11/18/2025 22:00,-2
11/18/2025 22:15,-2
11/18/2025 22:30,-1
11/18/2025 22:45,-2
11/18/2025 23:00,-2
11/18/2025 23:15,-1
11/18/2025 23:30,-1
11/18/2025 23:45,-2
11/19/2025 0:00,-1
11/19/2025 0:15,-2
11/19/2025 0:30,-2
11/19/2025 0:45,-1
11/19/2025 1:00,-3
11/19/2025 1:15,-2
11/19/2025 1:30,-2
11/19/2025 1:45,-2
11/19/2025 2:00,-2
11/19/2025 2:15,-2
11/19/2025 2:30,-2
11/19/2025 2:45,-2
11/19/2025 3:00,-2
11/19/2025 3:15,-2
11/19/2025 3:30,-2
11/19/2025 3:45,-2
11/19/2025 4:00,-1
11/19/2025 4:15,-1
11/19/2025 4:30,-1
11/19/2025 4:45,-1
11/19/2025 5:00,-1
11/19/2025 5:15,-2
11/19/2025 5:30,-2
11/19/2025 5:45,-2
11/19/2025 6:00,-1
11/19/2025 6:15,-2
11/19/2025 6:30,-2
11/19/2025 6:45,-2
11/19/2025 7:00,-2
11/19/2025 7:15,-4
11/19/2025 7:30,-64
11/19/2025 7:45,-101
11/19/2025 8:00,-438
11/19/2025 8:15,-262
11/19/2025 8:30,-145
11/19/2025 8:45,-208
11/19/2025 9:00,-382
11/19/2025 9:15,-438
11/19/2025 9:30,-673
11/19/2025 9:45,-307
11/19/2025 10:00,-1569
11/19/2025 10:15,-1328
11/19/2025 10:30,-1341
11/19/2025 10:45,-414
11/19/2025 11:00,-403
11/19/2025 11:15,-397
11/19/2025 11:30,-312
11/19/2025 11:45,-1070
11/19/2025 12:00,-857
11/19/2025 12:15,-1450
11/19/2025 12:30,-1566
11/19/2025 12:45,-542
11/19/2025 13:00,-491
11/19/2025 13:15,-441
11/19/2025 13:30,-1505
11/19/2025 13:45,-715
11/19/2025 14:00,-1142
11/19/2025 14:15,-390
11/19/2025 14:30,-617
11/19/2025 14:45,-454
11/19/2025 15:00,-307
11/19/2025 15:15,-293
11/19/2025 15:30,-263
11/19/2025 15:45,-143
11/19/2025 16:00,-211
11/19/2025 16:15,-131
11/19/2025 16:30,-48
11/19/2025 16:45,-21
11/19/2025 17:00,-2
11/19/2025 17:15,-2
11/19/2025 17:30,-3
11/19/2025 17:45,-2
11/19/2025 18:00,-2
11/19/2025 18:15,-2
11/19/2025 18:30,-2
11/19/2025 18:45,-2
11/19/2025 19:00,-2
11/19/2025 19:15,-2
11/19/2025 19:30,-2
11/19/2025 19:45,-2
11/19/2025 20:00,-3
11/19/2025 20:15,-2
11/19/2025 20:30,-2
11/19/2025 20:45,-2
11/19/2025 21:00,-2
11/19/2025 21:15,-3
11/19/2025 21:30,-2
11/19/2025 21:45,-2
11/19/2025 22:00,-2
11/19/2025 22:15,-2
11/19/2025 22:30,-2
11/19/2025 22:45,-2
11/19/2025 23:00,-2
11/19/2025 23:15,-2
11/19/2025 23:30,-2
11/19/2025 23:45,-2
11/20/2025 0:00,-2
11/20/2025 0:15,-2
11/20/2025 0:30,-2
11/20/2025 0:45,-2
11/20/2025 1:00,-2
11/20/2025 1:15,-2
11/20/2025 1:30,-2
11/20/2025 1:45,-2
11/20/2025 2:00,-2
11/20/2025 2:15,-2
11/20/2025 2:30,-2
11/20/2025 2:45,-2
11/20/2025 3:00,-2
11/20/2025 3:15,-2
11/20/2025 3:30,-2
11/20/2025 3:45,-2
11/20/2025 4:00,-2
11/20/2025 4:15,-2
11/20/2025 4:30,-2
11/20/2025 4:45,-2
11/20/2025 5:00,-2
11/20/2025 5:15,-2
11/20/2025 5:30,-2
11/20/2025 5:45,-2
11/20/2025 6:00,-2
11/20/2025 6:15,-2
11/20/2025 6:30,-2
11/20/2025 6:45,-2
11/20/2025 7:00,-2
11/20/2025 7:15,-2
11/20/2025 7:30,-30
11/20/2025 7:45,-43
11/20/2025 8:00,-47
11/20/2025 8:15,-76
11/20/2025 8:30,-47
11/20/2025 8:45,-103
11/20/2025 9:00,-109
11/20/2025 9:15,-695
11/20/2025 9:30,-455
11/20/2025 9:45,-1002
11/20/2025 10:00,-271
11/20/2025 10:15,-354
11/20/2025 10:30,-557
11/20/2025 10:45,-636
11/20/2025 11:00,-343
11/20/2025 11:15,-322
11/20/2025 11:30,-321
11/20/2025 11:45,-205
11/20/2025 12:00,-199
11/20/2025 12:15,-428
11/20/2025 12:30,-513
11/20/2025 12:45,-509
11/20/2025 13:00,-512
11/20/2025 13:15,-533
11/20/2025 13:30,-479
11/20/2025 13:45,-316
11/20/2025 14:00,-128
11/20/2025 14:15,-180
11/20/2025 14:30,-145
11/20/2025 14:45,-121
11/20/2025 15:00,-166
11/20/2025 15:15,-247
11/20/2025 15:30,-227
11/20/2025 15:45,-239
11/20/2025 16:00,-117
11/20/2025 16:15,-78
11/20/2025 16:30,-43
11/20/2025 16:45,-2
11/20/2025 17:00,-2
11/20/2025 17:15,-2
11/20/2025 17:30,-2
11/20/2025 17:45,-2
11/20/2025 18:00,-2
11/20/2025 18:15,-2
11/20/2025 18:30,-2
11/20/2025 18:45,-2
11/20/2025 19:00,-2
11/20/2025 19:15,-2
11/20/2025 19:30,-2
11/20/2025 19:45,-2
11/20/2025 20:00,-2
11/20/2025 20:15,-2
11/20/2025 20:30,-2
11/20/2025 20:45,-2
11/20/2025 21:00,-2
11/20/2025 21:15,-2
11/20/2025 21:30,-2
11/20/2025 21:45,-2
11/20/2025 22:00,-2
11/20/2025 22:15,-2
11/20/2025 22:30,-2
11/20/2025 22:45,-2
11/20/2025 23:00,-2
11/20/2025 23:15,-2
11/20/2025 23:30,-2
11/20/2025 23:45,-2
11/21/2025 0:00,-2
11/21/2025 0:15,-2
11/21/2025 0:30,-2
11/21/2025 0:45,-2
11/21/2025 1:00,-2
11/21/2025 1:15,-2
11/21/2025 1:30,-2
11/21/2025 1:45,-2
11/21/2025 2:00,-2
11/21/2025 2:15,-2
11/21/2025 2:30,-2
11/21/2025 2:45,-2
11/21/2025 3:00,-2
11/21/2025 3:15,-2
11/21/2025 3:30,-2
11/21/2025 3:45,-2
11/21/2025 4:00,-2
11/21/2025 4:15,-2
11/21/2025 4:30,-2
11/21/2025 4:45,-2
11/21/2025 5:00,-2
11/21/2025 5:15,-2
11/21/2025 5:30,-2
11/21/2025 5:45,-2
11/21/2025 6:00,-2
11/21/2025 6:15,-2
11/21/2025 6:30,-2
11/21/2025 6:45,-2
11/21/2025 7:00,-2
11/21/2025 7:15,-2
11/21/2025 7:30,-15
11/21/2025 7:45,-18
11/21/2025 8:00,-57
11/21/2025 8:15,-97
11/21/2025 8:30,-128
11/21/2025 8:45,-157
11/21/2025 9:00,-263
11/21/2025 9:15,-448
11/21/2025 9:30,-380
11/21/2025 9:45,-215
11/21/2025 10:00,-252
11/21/2025 10:15,-234
11/21/2025 10:30,-293
11/21/2025 10:45,-414
11/21/2025 11:00,-406
11/21/2025 11:15,-474
11/21/2025 11:30,-1138
11/21/2025 11:45,-1422
11/21/2025 12:00,-1064
11/21/2025 12:15,-934
11/21/2025 12:30,-910
11/21/2025 12:45,-808
11/21/2025 13:00,-393
11/21/2025 13:15,-1511
11/21/2025 13:30,-921
11/21/2025 13:45,-1626
11/21/2025 14:00,-1517
11/21/2025 14:15,-367
11/21/2025 14:30,-283
11/21/2025 14:45,-371
11/21/2025 15:00,-221
11/21/2025 15:15,-237
11/21/2025 15:30,-233
11/21/2025 15:45,-713
11/21/2025 16:00,-308
11/21/2025 16:15,-210
11/21/2025 16:30,-64
11/21/2025 16:45,-21
11/21/2025 17:00,-2
11/21/2025 17:15,-2
11/21/2025 17:30,-2
11/21/2025 17:45,-2
11/21/2025 18:00,-2
11/21/2025 18:15,-2
11/21/2025 18:30,-2
11/21/2025 18:45,-2
11/21/2025 19:00,-2
11/21/2025 19:15,-2
11/21/2025 19:30,-1
11/21/2025 19:45,-1
11/21/2025 20:00,-1
11/21/2025 20:15,-1
11/21/2025 20:30,-1
11/21/2025 20:45,-1
11/21/2025 21:00,-1
11/21/2025 21:15,-1
11/21/2025 21:30,-1
11/21/2025 21:45,-1
11/21/2025 22:00,-1
11/21/2025 22:15,-2
11/21/2025 22:30,-1
11/21/2025 22:45,-2
11/21/2025 23:00,-2
11/21/2025 23:15,-2
11/21/2025 23:30,-1
11/21/2025 23:45,-1
11/22/2025 0:00,-1
11/22/2025 0:15,-2
11/22/2025 0:30,-2
11/22/2025 0:45,-2
11/22/2025 1:00,-2
11/22/2025 1:15,-2
11/22/2025 1:30,-1
11/22/2025 1:45,-1
11/22/2025 2:00,-1
11/22/2025 2:15,-1
11/22/2025 2:30,-1
11/22/2025 2:45,-1
11/22/2025 3:00,-2
11/22/2025 3:15,-2
11/22/2025 3:30,-2
11/22/2025 3:45,-2
11/22/2025 4:00,-2
11/22/2025 4:15,-2
11/22/2025 4:30,-2
11/22/2025 4:45,-2
11/22/2025 5:00,-2
11/22/2025 5:15,-1
11/22/2025 5:30,-2
11/22/2025 5:45,-2
11/22/2025 6:00,-2
11/22/2025 6:15,-2
11/22/2025 6:30,-2
11/22/2025 6:45,-2
11/22/2025 7:00,-2
11/22/2025 7:15,-93
11/22/2025 7:30,-287
11/22/2025 7:45,-304
11/22/2025 8:00,-749
11/22/2025 8:15,-1137
11/22/2025 8:30,-1119
11/22/2025 8:45,-1478
11/22/2025 9:00,-1488
11/22/2025 9:15,-1476
11/22/2025 9:30,-1449
11/22/2025 9:45,-1444
11/22/2025 10:00,-1414
11/22/2025 10:15,-1379
11/22/2025 10:30,-1342
11/22/2025 10:45,-1311
11/22/2025 11:00,-1305
11/22/2025 11:15,-1270
11/22/2025 11:30,-1242
11/22/2025 11:45,-1233
11/22/2025 12:00,-1240
11/22/2025 12:15,-1260
11/22/2025 12:30,-1274
11/22/2025 12:45,-816
11/22/2025 13:00,-1187
11/22/2025 13:15,-1362
11/22/2025 13:30,-1455
11/22/2025 13:45,-1407
11/22/2025 14:00,-1514
11/22/2025 14:15,-1392
11/22/2025 14:30,-1524
11/22/2025 14:45,-1499
11/22/2025 15:00,-450
11/22/2025 15:15,-980
11/22/2025 15:30,-1146
11/22/2025 15:45,-341
11/22/2025 16:00,-450
11/22/2025 16:15,-202
11/22/2025 16:30,-110
11/22/2025 16:45,-22
11/22/2025 17:00,-2
11/22/2025 17:15,-2
11/22/2025 17:30,-2
11/22/2025 17:45,-2
11/22/2025 18:00,-3
11/22/2025 18:15,-2
11/22/2025 18:30,-1
11/22/2025 18:45,-1
11/22/2025 19:00,-1
11/22/2025 19:15,-1
11/22/2025 19:30,-2
11/22/2025 19:45,-1
11/22/2025 20:00,-1
11/22/2025 20:15,-1
11/22/2025 20:30,-1
11/22/2025 20:45,-1
11/22/2025 21:00,-2
11/22/2025 21:15,-1
11/22/2025 21:30,-1
11/22/2025 21:45,-1
11/22/2025 22:00,-1
11/22/2025 22:15,-2
11/22/2025 22:30,-2
11/22/2025 22:45,-3
11/22/2025 23:00,-1
11/22/2025 23:15,-2
11/22/2025 23:30,-2
11/22/2025 23:45,-2
11/23/2025 0:00,-2
11/23/2025 0:15,-2
11/23/2025 0:30,-2
11/23/2025 0:45,-2
11/23/2025 1:00,-2
11/23/2025 1:15,-2
11/23/2025 1:30,-2
11/23/2025 1:45,-2
11/23/2025 2:00,-2
11/23/2025 2:15,-2
11/23/2025 2:30,-2
11/23/2025 2:45,-2
11/23/2025 3:00,-2
11/23/2025 3:15,-2
11/23/2025 3:30,-2
11/23/2025 3:45,-2
11/23/2025 4:00,-2
11/23/2025 4:15,-2
11/23/2025 4:30,-2
11/23/2025 4:45,-2
11/23/2025 5:00,-2
11/23/2025 5:15,-2
11/23/2025 5:30,-2
11/23/2025 5:45,-2
11/23/2025 6:00,-2
11/23/2025 6:15,-2
11/23/2025 6:30,-2
11/23/2025 6:45,-2
11/23/2025 7:00,-2
11/23/2025 7:15,-2
11/23/2025 7:30,-5
11/23/2025 7:45,-16
11/23/2025 8:00,-31
11/23/2025 8:15,-209
11/23/2025 8:30,-676
11/23/2025 8:45,-283
11/23/2025 9:00,-362
11/23/2025 9:15,-255
11/23/2025 9:30,-220
11/23/2025 9:45,-214
11/23/2025 10:00,-180
11/23/2025 10:15,-192
11/23/2025 10:30,-180
11/23/2025 10:45,-246
11/23/2025 11:00,-316
11/23/2025 11:15,-428
11/23/2025 11:30,-340
11/23/2025 11:45,-399
11/23/2025 12:00,-578
11/23/2025 12:15,-777
11/23/2025 12:30,-749
11/23/2025 12:45,-771
11/23/2025 13:00,-781
11/23/2025 13:15,-411
11/23/2025 13:30,-596
11/23/2025 13:45,-382
11/23/2025 14:00,-304
11/23/2025 14:15,-396
11/23/2025 14:30,-327
11/23/2025 14:45,-260
11/23/2025 15:00,-149
11/23/2025 15:15,-122
11/23/2025 15:30,-178
11/23/2025 15:45,-132
11/23/2025 16:00,-107
11/23/2025 16:15,-65
11/23/2025 16:30,-45
11/23/2025 16:45,-18
11/23/2025 17:00,-2
11/23/2025 17:15,-2
11/23/2025 17:30,-2
11/23/2025 17:45,-2
11/23/2025 18:00,-2
11/23/2025 18:15,-2
11/23/2025 18:30,-2
11/23/2025 18:45,-2
11/23/2025 19:00,-2
11/23/2025 19:15,-2
11/23/2025 19:30,-2
11/23/2025 19:45,-2
11/23/2025 20:00,-2
11/23/2025 20:15,-2
11/23/2025 20:30,-2
11/23/2025 20:45,-2
11/23/2025 21:00,-2
11/23/2025 21:15,-2
11/23/2025 21:30,-2
11/23/2025 21:45,-2
11/23/2025 22:00,-2
11/23/2025 22:15,-2
11/23/2025 22:30,-2
11/23/2025 22:45,-2
11/23/2025 23:00,-2
11/23/2025 23:15,-2
11/23/2025 23:30,-2
11/23/2025 23:45,-2
11/24/2025 0:00,-2
11/24/2025 0:15,-2
11/24/2025 0:30,-2
11/24/2025 0:45,-2
11/24/2025 1:00,-2
11/24/2025 1:15,-2
11/24/2025 1:30,-1
11/24/2025 1:45,-2
11/24/2025 2:00,-1
11/24/2025 2:15,-2
11/24/2025 2:30,-1
11/24/2025 2:45,-1
11/24/2025 3:00,-1
11/24/2025 3:15,-2
11/24/2025 3:30,-1
11/24/2025 3:45,-2
11/24/2025 4:00,-1
11/24/2025 4:15,-2
11/24/2025 4:30,-2
11/24/2025 4:45,-2
11/24/2025 5:00,-2
11/24/2025 5:15,-2
11/24/2025 5:30,-2
11/24/2025 5:45,-2
11/24/2025 6:00,-2
11/24/2025 6:15,-2
11/24/2025 6:30,-2
11/24/2025 6:45,-2
11/24/2025 7:00,-2
11/24/2025 7:15,-37
11/24/2025 7:30,-52
11/24/2025 7:45,-179
11/24/2025 8:00,-140
11/24/2025 8:15,-269
11/24/2025 8:30,-1095
11/24/2025 8:45,-1457
11/24/2025 9:00,-801
11/24/2025 9:15,-457
11/24/2025 9:30,-509
11/24/2025 9:45,-340
11/24/2025 10:00,-378
11/24/2025 10:15,-535
11/24/2025 10:30,-432
11/24/2025 10:45,-371
11/24/2025 11:00,-322
11/24/2025 11:15,-1148
11/24/2025 11:30,-733
11/24/2025 11:45,-620
11/24/2025 12:00,-689
11/24/2025 12:15,-567
11/24/2025 12:30,-751
11/24/2025 12:45,-530
11/24/2025 13:00,-430
11/24/2025 13:15,-390
11/24/2025 13:30,-602
11/24/2025 13:45,-444
11/24/2025 14:00,-436
11/24/2025 14:15,-289
11/24/2025 14:30,-162
11/24/2025 14:45,-189
11/24/2025 15:00,-184
11/24/2025 15:15,-169
11/24/2025 15:30,-173
11/24/2025 15:45,-130
11/24/2025 16:00,-93
11/24/2025 16:15,-106
11/24/2025 16:30,-53
11/24/2025 16:45,-2
11/24/2025 17:00,-2
11/24/2025 17:15,-2
11/24/2025 17:30,-2
11/24/2025 17:45,-2
11/24/2025 18:00,-2
11/24/2025 18:15,-2
11/24/2025 18:30,-2
11/24/2025 18:45,-2
11/24/2025 19:00,-2
11/24/2025 19:15,-2
11/24/2025 19:30,-2
11/24/2025 19:45,-2
11/24/2025 20:00,-2
11/24/2025 20:15,-2
11/24/2025 20:30,-2
11/24/2025 20:45,-2
11/24/2025 21:00,-2
11/24/2025 21:15,-2
11/24/2025 21:30,-1
11/24/2025 21:45,-1
11/24/2025 22:00,-2
11/24/2025 22:15,-1
11/24/2025 22:30,-1
11/24/2025 22:45,-1
11/24/2025 23:00,-2
11/24/2025 23:15,-1
11/24/2025 23:30,-2
11/24/2025 23:45,-2
11/25/2025 0:00,-2
11/25/2025 0:15,-2
11/25/2025 0:30,-2
11/25/2025 0:45,-2
11/25/2025 1:00,-2
11/25/2025 1:15,-2
11/25/2025 1:30,-2
11/25/2025 1:45,-2
11/25/2025 2:00,-2
11/25/2025 2:15,-2
11/25/2025 2:30,-2
11/25/2025 2:45,-2
11/25/2025 3:00,-2
11/25/2025 3:15,-2
11/25/2025 3:30,-2
11/25/2025 3:45,-2
11/25/2025 4:00,-2
11/25/2025 4:15,-2
11/25/2025 4:30,-2
11/25/2025 4:45,-2
11/25/2025 5:00,-2
11/25/2025 5:15,-2
11/25/2025 5:30,-2
11/25/2025 5:45,-2
11/25/2025 6:00,-2
11/25/2025 6:15,-2
11/25/2025 6:30,-2
11/25/2025 6:45,-2
11/25/2025 7:00,-2
11/25/2025 7:15,-16
11/25/2025 7:30,-27
11/25/2025 7:45,-49
11/25/2025 8:00,-49
11/25/2025 8:15,-122
11/25/2025 8:30,-161
11/25/2025 8:45,-152
11/25/2025 9:00,-190
11/25/2025 9:15,-301
11/25/2025 9:30,-314
11/25/2025 9:45,-395
11/25/2025 10:00,-502
11/25/2025 10:15,-1196
11/25/2025 10:30,-1485
11/25/2025 10:45,-807
11/25/2025 11:00,-1336
11/25/2025 11:15,-1266
11/25/2025 11:30,-1258
11/25/2025 11:45,-1256
11/25/2025 12:00,-1057
11/25/2025 12:15,-1144
11/25/2025 12:30,-1183
11/25/2025 12:45,-1190
11/25/2025 13:00,-1167
11/25/2025 13:15,-1167
11/25/2025 13:30,-1236
11/25/2025 13:45,-1328
11/25/2025 14:00,-1439
11/25/2025 14:15,-1517
11/25/2025 14:30,-1373
11/25/2025 14:45,-1423
11/25/2025 15:00,-1378
11/25/2025 15:15,-1371
11/25/2025 15:30,-181
11/25/2025 15:45,-551
11/25/2025 16:00,-442
11/25/2025 16:15,-239
11/25/2025 16:30,-95
11/25/2025 16:45,-22
11/25/2025 17:00,-2
11/25/2025 17:15,-2
11/25/2025 17:30,-2
11/25/2025 17:45,-1
11/25/2025 18:00,-2
11/25/2025 18:15,-1
11/25/2025 18:30,-2
11/25/2025 18:45,-1
11/25/2025 19:00,-1
11/25/2025 19:15,-1
11/25/2025 19:30,-1
11/25/2025 19:45,-1
11/25/2025 20:00,-1
11/25/2025 20:15,-1
11/25/2025 20:30,-1
11/25/2025 20:45,-1
11/25/2025 21:00,-1
11/25/2025 21:15,-1
11/25/2025 21:30,-1
11/25/2025 21:45,-1
11/25/2025 22:00,-1
11/25/2025 22:15,-1
11/25/2025 22:30,-1
11/25/2025 22:45,-1
11/25/2025 23:00,-1
11/25/2025 23:15,-1
11/25/2025 23:30,-1
11/25/2025 23:45,-1
11/26/2025 0:00,-1
11/26/2025 0:15,-1
11/26/2025 0:30,-1
11/26/2025 0:45,-1
11/26/2025 1:00,-1
11/26/2025 1:15,-1
11/26/2025 1:30,-1
11/26/2025 1:45,-1
11/26/2025 2:00,-1
11/26/2025 2:15,-1
11/26/2025 2:30,-1
11/26/2025 2:45,-1
11/26/2025 3:00,-1
11/26/2025 3:15,-1
11/26/2025 3:30,-1
11/26/2025 3:45,-2
11/26/2025 4:00,-2
11/26/2025 4:15,-2
11/26/2025 4:30,-2
11/26/2025 4:45,-1
11/26/2025 5:00,-2
11/26/2025 5:15,-1
11/26/2025 5:30,-1
11/26/2025 5:45,-2
11/26/2025 6:00,-2
11/26/2025 6:15,-2
11/26/2025 6:30,-2
11/26/2025 6:45,-2
11/26/2025 7:00,-2
11/26/2025 7:15,-14
11/26/2025 7:30,-163
11/26/2025 7:45,-384
11/26/2025 8:00,-596
11/26/2025 8:15,-798
11/26/2025 8:30,-813
11/26/2025 8:45,-1007
11/26/2025 9:00,-1023
11/26/2025 9:15,-1264
11/26/2025 9:30,-1237
11/26/2025 9:45,-962
11/26/2025 10:00,-712
11/26/2025 10:15,-641
11/26/2025 10:30,-764
11/26/2025 10:45,-1251
11/26/2025 11:00,-980
11/26/2025 11:15,-1320
11/26/2025 11:30,-1239
11/26/2025 11:45,-1178
11/26/2025 12:00,-572
11/26/2025 12:15,-1265
11/26/2025 12:30,-936
11/26/2025 12:45,-1239
11/26/2025 13:00,-1304
11/26/2025 13:15,-1415
11/26/2025 13:30,-848
11/26/2025 13:45,-1468
11/26/2025 14:00,-1371
11/26/2025 14:15,-1147
11/26/2025 14:30,-584
11/26/2025 14:45,-268
11/26/2025 15:00,-955
11/26/2025 15:15,-780
11/26/2025 15:30,-948
11/26/2025 15:45,-658
11/26/2025 16:00,-309
11/26/2025 16:15,-226
11/26/2025 16:30,-73
11/26/2025 16:45,-26
11/26/2025 17:00,-2
11/26/2025 17:15,-2
11/26/2025 17:30,-2
11/26/2025 17:45,-2
11/26/2025 18:00,-2
11/26/2025 18:15,-1
11/26/2025 18:30,-2
11/26/2025 18:45,-1
11/26/2025 19:00,-1
11/26/2025 19:15,-1
11/26/2025 19:30,-1
11/26/2025 19:45,-1
11/26/2025 20:00,-1
11/26/2025 20:15,-1
11/26/2025 20:30,-2
11/26/2025 20:45,-1
11/26/2025 21:00,-1
11/26/2025 21:15,-1
11/26/2025 21:30,-1
11/26/2025 21:45,-1
11/26/2025 22:00,-1
11/26/2025 22:15,-1
11/26/2025 22:30,-1
11/26/2025 22:45,-1
11/26/2025 23:00,-1
11/26/2025 23:15,-1
11/26/2025 23:30,-1
11/26/2025 23:45,-1
11/27/2025 0:00,-1
11/27/2025 0:15,-1
11/27/2025 0:30,-1
11/27/2025 0:45,-1
11/27/2025 1:00,-1
11/27/2025 1:15,-1
11/27/2025 1:30,-1
11/27/2025 1:45,-2
11/27/2025 2:00,-1
11/27/2025 2:15,-1
11/27/2025 2:30,-2
11/27/2025 2:45,-2
11/27/2025 3:00,-2
11/27/2025 3:15,-1
11/27/2025 3:30,-2
11/27/2025 3:45,-1
11/27/2025 4:00,-1
11/27/2025 4:15,-1
11/27/2025 4:30,-1
11/27/2025 4:45,-1
11/27/2025 5:00,-1
11/27/2025 5:15,-2
11/27/2025 5:30,-1
11/27/2025 5:45,-2
11/27/2025 6:00,-1
11/27/2025 6:15,-1
11/27/2025 6:30,-1
11/27/2025 6:45,-1
11/27/2025 7:00,-1
11/27/2025 7:15,-19
11/27/2025 7:30,-168
11/27/2025 7:45,-391
11/27/2025 8:00,-685
11/27/2025 8:15,-980
11/27/2025 8:30,-999
11/27/2025 8:45,-1285
11/27/2025 9:00,-1382
11/27/2025 9:15,-1448
11/27/2025 9:30,-1150
11/27/2025 9:45,-1087
11/27/2025 10:00,-1370
11/27/2025 10:15,-1186
11/27/2025 10:30,-1371
11/27/2025 10:45,-1223
11/27/2025 11:00,-1240
11/27/2025 11:15,-1198
11/27/2025 11:30,-1124
11/27/2025 11:45,-1166
11/27/2025 12:00,-1191
11/27/2025 12:15,-1074
11/27/2025 12:30,-1117
11/27/2025 12:45,-1172
11/27/2025 13:00,-1262
11/27/2025 13:15,-1123
11/27/2025 13:30,-1160
11/27/2025 13:45,-1032
11/27/2025 14:00,-1203
11/27/2025 14:15,-1065
11/27/2025 14:30,-1201
11/27/2025 14:45,-1288
11/27/2025 15:00,-1087
11/27/2025 15:15,-524
11/27/2025 15:30,-649
11/27/2025 15:45,-566
11/27/2025 16:00,-271
11/27/2025 16:15,-194
11/27/2025 16:30,-76
11/27/2025 16:45,-24
11/27/2025 17:00,-3
11/27/2025 17:15,-3
11/27/2025 17:30,-2
11/27/2025 17:45,-2
11/27/2025 18:00,-2
11/27/2025 18:15,-1
11/27/2025 18:30,-1
11/27/2025 18:45,-1
11/27/2025 19:00,-2
11/27/2025 19:15,-1
11/27/2025 19:30,-1
11/27/2025 19:45,-1
11/27/2025 20:00,-1
11/27/2025 20:15,-1
11/27/2025 20:30,-1
11/27/2025 20:45,-1
11/27/2025 21:00,-1
11/27/2025 21:15,-1
11/27/2025 21:30,-1
11/27/2025 21:45,-2
11/27/2025 22:00,-1
11/27/2025 22:15,-1
11/27/2025 22:30,-1
11/27/2025 22:45,-2
11/27/2025 23:00,-2
11/27/2025 23:15,-2
11/27/2025 23:30,-1
11/27/2025 23:45,-1
11/28/2025 0:00,-1
11/28/2025 0:15,-1
11/28/2025 0:30,-1
11/28/2025 0:45,-1
11/28/2025 1:00,-2
11/28/2025 1:15,-1
11/28/2025 1:30,-1
11/28/2025 1:45,-1
11/28/2025 2:00,-1
11/28/2025 2:15,-1
11/28/2025 2:30,-2
11/28/2025 2:45,-1
11/28/2025 3:00,-2
11/28/2025 3:15,-2
11/28/2025 3:30,-2
11/28/2025 3:45,-1
11/28/2025 4:00,-1
11/28/2025 4:15,-1
11/28/2025 4:30,-1
11/28/2025 4:45,-2
11/28/2025 5:00,-1
11/28/2025 5:15,-2
11/28/2025 5:30,-1
11/28/2025 5:45,-2
11/28/2025 6:00,-1
11/28/2025 6:15,-1
11/28/2025 6:30,-2
11/28/2025 6:45,-2
11/28/2025 7:00,-2
11/28/2025 7:15,-18
11/28/2025 7:30,-81
11/28/2025 7:45,-142
11/28/2025 8:00,-280
11/28/2025 8:15,-737
11/28/2025 8:30,-1105
11/28/2025 8:45,-1426
11/28/2025 9:00,-1303
11/28/2025 9:15,-1424
11/28/2025 9:30,-1254
11/28/2025 9:45,-1459
11/28/2025 10:00,-1138
11/28/2025 10:15,-1168
11/28/2025 10:30,-1292
11/28/2025 10:45,-1303
11/28/2025 11:00,-1295
11/28/2025 11:15,-1272
11/28/2025 11:30,-1190
11/28/2025 11:45,-1189
11/28/2025 12:00,-1183
11/28/2025 12:15,-1208
11/28/2025 12:30,-1221
11/28/2025 12:45,-1214
11/28/2025 13:00,-1247
11/28/2025 13:15,-1032
11/28/2025 13:30,-1387
11/28/2025 13:45,-864
11/28/2025 14:00,-1429
11/28/2025 14:15,-1410
11/28/2025 14:30,-1352
11/28/2025 14:45,-1399
11/28/2025 15:00,-1375
11/28/2025 15:15,-1301
11/28/2025 15:30,-865
11/28/2025 15:45,-537
11/28/2025 16:00,-450
11/28/2025 16:15,-240
11/28/2025 16:30,-105
11/28/2025 16:45,-21
11/28/2025 17:00,-3
11/28/2025 17:15,-2
11/28/2025 17:30,-3
11/28/2025 17:45,-1
11/28/2025 18:00,-2
11/28/2025 18:15,-1
11/28/2025 18:30,-1
11/28/2025 18:45,-1
11/28/2025 19:00,-1
11/28/2025 19:15,-3
11/28/2025 19:30,-1
11/28/2025 19:45,-1
11/28/2025 20:00,-1
11/28/2025 20:15,-1
11/28/2025 20:30,-2
11/28/2025 20:45,-1
11/28/2025 21:00,-1
11/28/2025 21:15,-2
11/28/2025 21:30,-1
11/28/2025 21:45,-1
11/28/2025 22:00,-1
11/28/2025 22:15,-1
11/28/2025 22:30,-1
11/28/2025 22:45,-1
11/28/2025 23:00,-1
11/28/2025 23:15,-2
11/28/2025 23:30,-1
11/28/2025 23:45,-1
11/29/2025 0:00,-2
11/29/2025 0:15,-1
11/29/2025 0:30,-1
11/29/2025 0:45,-1
11/29/2025 1:00,-1
11/29/2025 1:15,-1
11/29/2025 1:30,-1
11/29/2025 1:45,-1
11/29/2025 2:00,-1
11/29/2025 2:15,-2
11/29/2025 2:30,-2
11/29/2025 2:45,-1
11/29/2025 3:00,-1
11/29/2025 3:15,-1
11/29/2025 3:30,-1
11/29/2025 3:45,-2
11/29/2025 4:00,-1
11/29/2025 4:15,-1
11/29/2025 4:30,-1
11/29/2025 4:45,-2
11/29/2025 5:00,-1
11/29/2025 5:15,-1
11/29/2025 5:30,-2
11/29/2025 5:45,-1
11/29/2025 6:00,-2
11/29/2025 6:15,-2
11/29/2025 6:30,-2
11/29/2025 6:45,-2
11/29/2025 7:00,-2
11/29/2025 7:15,-5
11/29/2025 7:30,-160
11/29/2025 7:45,-408
11/29/2025 8:00,-699
11/29/2025 8:15,-976
11/29/2025 8:30,-1231
11/29/2025 8:45,-1446
11/29/2025 9:00,-1461
11/29/2025 9:15,-1461
11/29/2025 9:30,-1453
11/29/2025 9:45,-1430
11/29/2025 10:00,-1393
11/29/2025 10:15,-1351
11/29/2025 10:30,-1316
11/29/2025 10:45,-1290
11/29/2025 11:00,-1262
11/29/2025 11:15,-1243
11/29/2025 11:30,-1223
11/29/2025 11:45,-1194
11/29/2025 12:00,-1203
11/29/2025 12:15,-1222
11/29/2025 12:30,-1245
11/29/2025 12:45,-1203
11/29/2025 13:00,-1363
11/29/2025 13:15,-1163
11/29/2025 13:30,-933
11/29/2025 13:45,-1416
11/29/2025 14:00,-1362
11/29/2025 14:15,-1505
11/29/2025 14:30,-1402
11/29/2025 14:45,-1183
11/29/2025 15:00,-1438
11/29/2025 15:15,-1315
11/29/2025 15:30,-1098
11/29/2025 15:45,-632
11/29/2025 16:00,-275
11/29/2025 16:15,-156
11/29/2025 16:30,-76
11/29/2025 16:45,-24
11/29/2025 17:00,-3
11/29/2025 17:15,-2
11/29/2025 17:30,-2
11/29/2025 17:45,-2
11/29/2025 18:00,-2
11/29/2025 18:15,-1
11/29/2025 18:30,-1
11/29/2025 18:45,-1
11/29/2025 19:00,-1
11/29/2025 19:15,-2
11/29/2025 19:30,-1
11/29/2025 19:45,-1
11/29/2025 20:00,-1
11/29/2025 20:15,-1
11/29/2025 20:30,-1
11/29/2025 20:45,-1
11/29/2025 21:00,-1
11/29/2025 21:15,-1
11/29/2025 21:30,-1
11/29/2025 21:45,-1
11/29/2025 22:00,-1
11/29/2025 22:15,-1
11/29/2025 22:30,-1
11/29/2025 22:45,-1
11/29/2025 23:00,-1
11/29/2025 23:15,-1
11/29/2025 23:30,-1
11/29/2025 23:45,-1
11/30/2025 0:00,-1
11/30/2025 0:15,-1
11/30/2025 0:30,-1
11/30/2025 0:45,-1
11/30/2025 1:00,-1
11/30/2025 1:15,-1
11/30/2025 1:30,-1
11/30/2025 1:45,-1
11/30/2025 2:00,-1
11/30/2025 2:15,-2
11/30/2025 2:30,-1
11/30/2025 2:45,-1
11/30/2025 3:00,-1
11/30/2025 3:15,-1
11/30/2025 3:30,-1
11/30/2025 3:45,-1
11/30/2025 4:00,-1
11/30/2025 4:15,-1
11/30/2025 4:30,-1
11/30/2025 4:45,-2
11/30/2025 5:00,-2
11/30/2025 5:15,-2
11/30/2025 5:30,-2
11/30/2025 5:45,-2
11/30/2025 6:00,-2
11/30/2025 6:15,-1
11/30/2025 6:30,-1
11/30/2025 6:45,-1
11/30/2025 7:00,-1
11/30/2025 7:15,-1
11/30/2025 7:30,-46
11/30/2025 7:45,-62
11/30/2025 8:00,-63
11/30/2025 8:15,-85
11/30/2025 8:30,-167
11/30/2025 8:45,-151
11/30/2025 9:00,-265
11/30/2025 9:15,-175
11/30/2025 9:30,-172
11/30/2025 9:45,-230
11/30/2025 10:00,-292
11/30/2025 10:15,-236
11/30/2025 10:30,-314
11/30/2025 10:45,-308
11/30/2025 11:00,-496
11/30/2025 11:15,-389
11/30/2025 11:30,-373
11/30/2025 11:45,-555
11/30/2025 12:00,-463
11/30/2025 12:15,-368
11/30/2025 12:30,-486
11/30/2025 12:45,-352
11/30/2025 13:00,-616
11/30/2025 13:15,-432
11/30/2025 13:30,-410
11/30/2025 13:45,-321
11/30/2025 14:00,-352
11/30/2025 14:15,-292
11/30/2025 14:45,-158
11/30/2025 15:00,-100
11/30/2025 15:15,-91
11/30/2025 15:30,-92
11/30/2025 15:45,-77
11/30/2025 16:00,-83
11/30/2025 16:15,-53
11/30/2025 16:30,-30
11/30/2025 16:45,-16
11/30/2025 17:00,-2
11/30/2025 17:15,-2
11/30/2025 17:30,-2
11/30/2025 17:45,-2
11/30/2025 18:00,-2
11/30/2025 18:15,-2
11/30/2025 18:30,-2
11/30/2025 18:45,-2
11/30/2025 19:00,-2
11/30/2025 19:15,-2
11/30/2025 19:30,-2
11/30/2025 19:45,-2
11/30/2025 20:00,-2
11/30/2025 20:15,-2
11/30/2025 20:30,-2
11/30/2025 20:45,-2
11/30/2025 21:00,-2
11/30/2025 21:15,-2
11/30/2025 21:30,-2
11/30/2025 21:45,-2
11/30/2025 22:00,-2
11/30/2025 22:15,-2
11/30/2025 22:30,-2
11/30/2025 22:45,-2
11/30/2025 23:00,-2
11/30/2025 23:15,-2
11/30/2025 23:30,-2
11/30/2025 23:45,-2
12/1/2025 0:00,-2
12/1/2025 0:15,-2
12/1/2025 0:30,-1
12/1/2025 0:45,-1
12/1/2025 1:00,-2
12/1/2025 1:15,-2
12/1/2025 1:30,-1
12/1/2025 1:45,-1
12/1/2025 2:00,-1
12/1/2025 2:15,-1
12/1/2025 2:30,-2
12/1/2025 2:45,-1
12/1/2025 3:00,-1
12/1/2025 3:15,-2
12/1/2025 3:30,-1
12/1/2025 3:45,-1
12/1/2025 4:00,-1
12/1/2025 4:15,-1
12/1/2025 4:30,-1
12/1/2025 4:45,-2
12/1/2025 5:00,-1
12/1/2025 5:15,-2
12/1/2025 5:30,-1
12/1/2025 5:45,-1
12/1/2025 6:00,-2
12/1/2025 6:15,-1
12/1/2025 6:30,-1
12/1/2025 6:45,-1
12/1/2025 7:00,-3
12/1/2025 7:15,-18
12/1/2025 7:30,-134
12/1/2025 7:45,-349
12/1/2025 8:00,-636
12/1/2025 8:15,-892
12/1/2025 8:30,-1170
12/1/2025 8:45,-1399
12/1/2025 9:00,-1438
12/1/2025 9:15,-1436
12/1/2025 9:30,-1432
12/1/2025 9:45,-1424
12/1/2025 10:00,-1399
12/1/2025 10:15,-1398
12/1/2025 10:30,-1332
12/1/2025 10:45,-1393
12/1/2025 11:00,-773
12/1/2025 11:15,-598
12/1/2025 11:30,-1305
12/1/2025 11:45,-1225
12/1/2025 12:00,-1212
12/1/2025 12:15,-1220
12/1/2025 12:30,-1230
12/1/2025 12:45,-1254
12/1/2025 13:00,-1282
12/1/2025 13:15,-1315
12/1/2025 13:30,-1341
12/1/2025 13:45,-1359
12/1/2025 14:00,-1384
12/1/2025 14:15,-1414
12/1/2025 14:30,-1426
12/1/2025 14:45,-1432
12/1/2025 15:00,-1399
12/1/2025 15:15,-1308
12/1/2025 15:30,-1040
12/1/2025 15:45,-631
12/1/2025 16:00,-394
12/1/2025 16:15,-211
12/1/2025 16:30,-86
12/1/2025 16:45,-17
12/1/2025 17:00,-2
12/1/2025 17:15,-2
12/1/2025 17:30,-2
12/1/2025 17:45,-1
12/1/2025 18:00,-2
12/1/2025 18:15,-1
12/1/2025 18:30,-1
12/1/2025 18:45,-2
12/1/2025 19:00,-1
12/1/2025 19:15,-1
12/1/2025 19:30,-2
12/1/2025 19:45,-1
12/1/2025 20:00,-1
12/1/2025 20:15,-1
12/1/2025 20:30,-1
12/1/2025 20:45,-1
12/1/2025 21:00,-1
12/1/2025 21:15,-1
12/1/2025 21:30,-1
12/1/2025 22:00,-1
12/1/2025 22:15,-1
12/1/2025 22:30,-1
12/1/2025 22:45,-1
12/1/2025 23:00,-1
12/1/2025 23:15,-1
12/1/2025 23:30,-1
12/1/2025 23:45,-1
12/2/2025 0:00,-1
12/2/2025 0:15,-1
12/2/2025 0:30,-1
12/2/2025 0:45,-1
12/2/2025 1:00,-1
12/2/2025 1:15,-1
12/2/2025 1:30,-1
12/2/2025 1:45,-2
12/2/2025 2:00,-1
12/2/2025 2:15,-1
12/2/2025 2:30,-1
12/2/2025 2:45,-1
12/2/2025 3:00,-1
12/2/2025 3:15,-1
12/2/2025 3:30,-1
12/2/2025 3:45,-1
12/2/2025 4:00,-1
12/2/2025 4:15,-1
12/2/2025 4:30,-1
12/2/2025 4:45,-1
12/2/2025 5:00,-1
12/2/2025 5:15,-1
12/2/2025 5:30,-1
12/2/2025 5:45,-1
12/2/2025 6:00,-1
12/2/2025 6:15,-1
12/2/2025 6:30,-1
12/2/2025 6:45,-1
12/2/2025 7:00,-1
12/2/2025 7:15,-17
12/2/2025 7:30,-137
12/2/2025 7:45,-348
12/2/2025 8:00,-618
12/2/2025 8:15,-854
12/2/2025 8:30,-1116
12/2/2025 8:45,-1366
12/2/2025 9:00,-1401
12/2/2025 9:15,-1401
12/2/2025 9:30,-1405
12/2/2025 9:45,-1393
12/2/2025 10:00,-1381
12/2/2025 10:15,-1166
12/2/2025 10:30,-1221
12/2/2025 10:45,-1291
12/2/2025 11:00,-1244
12/2/2025 11:15,-1205
12/2/2025 11:30,-928
12/2/2025 11:45,-1024
12/2/2025 12:00,-955
12/2/2025 12:15,-1064
12/2/2025 12:30,-1310
12/2/2025 12:45,-1213
12/2/2025 13:00,-1121
12/2/2025 13:15,-1392
12/2/2025 13:30,-736
12/2/2025 13:45,-696
12/2/2025 14:00,-569
12/2/2025 14:15,-213
12/2/2025 14:30,-674
12/2/2025 14:45,-239
12/2/2025 15:00,-118
12/2/2025 15:15,-96
12/2/2025 15:30,-87
12/2/2025 15:45,-61
12/2/2025 16:00,-33
12/2/2025 16:15,-21
12/2/2025 16:30,-26
12/2/2025 16:45,-2
12/2/2025 17:00,-2
12/2/2025 17:15,-1
12/2/2025 17:30,-2
12/2/2025 17:45,-2
12/2/2025 18:00,-1
12/2/2025 18:15,-1
12/2/2025 18:30,-1
12/2/2025 18:45,-1
12/2/2025 19:00,-2
12/2/2025 19:15,-1
12/2/2025 19:30,-1
12/2/2025 19:45,-1
12/2/2025 20:00,-2
12/2/2025 20:15,-1
12/2/2025 20:30,-1
12/2/2025 20:45,-1
12/2/2025 21:00,-2
12/2/2025 21:15,-2
12/2/2025 21:30,-2
12/2/2025 21:45,-2
12/2/2025 22:00,-2
12/2/2025 22:15,-2
12/2/2025 22:30,-2
12/2/2025 22:45,-2
12/2/2025 23:00,-2
12/2/2025 23:15,-1
12/2/2025 23:30,-2
12/2/2025 23:45,-2
12/3/2025 0:00,-2
12/3/2025 0:15,-2
12/3/2025 0:30,-2
12/3/2025 0:45,-2
12/3/2025 1:00,-2
12/3/2025 1:15,-2
12/3/2025 1:30,-2
12/3/2025 1:45,-2
12/3/2025 2:00,-2
12/3/2025 2:15,-2
12/3/2025 2:30,-2
12/3/2025 2:45,-2
12/3/2025 3:00,-2
12/3/2025 3:15,-2
12/3/2025 3:30,-2
12/3/2025 3:45,-2
12/3/2025 4:00,-2
12/3/2025 4:15,-2
12/3/2025 4:30,-2
12/3/2025 4:45,-2
12/3/2025 5:00,-2
12/3/2025 5:15,-2
12/3/2025 5:30,-2
12/3/2025 5:45,-2
12/3/2025 6:00,-2
12/3/2025 6:15,-2
12/3/2025 6:30,-2
12/3/2025 6:45,-2
12/3/2025 7:00,-2
12/3/2025 7:15,-2
12/3/2025 7:30,-2
12/3/2025 7:45,-2
12/3/2025 8:00,-6
12/3/2025 8:15,-20
12/3/2025 8:30,-29
12/3/2025 8:45,-44
12/3/2025 9:00,-49
12/3/2025 9:15,-55
12/3/2025 9:30,-62
12/3/2025 9:45,-70
12/3/2025 10:00,-82
12/3/2025 10:15,-254
12/3/2025 10:30,-352
12/3/2025 10:45,-346
12/3/2025 11:00,-383
12/3/2025 11:15,-495
12/3/2025 11:30,-545
12/3/2025 11:45,-408
12/3/2025 12:00,-334
12/3/2025 12:15,-272
12/3/2025 12:30,-269
12/3/2025 12:45,-277
12/3/2025 13:00,-298
12/3/2025 13:15,-353
12/3/2025 13:30,-414
12/3/2025 13:45,-403
12/3/2025 14:00,-377
12/3/2025 14:15,-374
12/3/2025 14:30,-388
12/3/2025 14:45,-264
12/3/2025 15:00,-235
12/3/2025 15:15,-220
12/3/2025 15:30,-247
12/3/2025 15:45,-155
12/3/2025 16:00,-101
12/3/2025 16:15,-83
12/3/2025 16:30,-46
12/3/2025 16:45,-12
12/3/2025 17:00,-2
12/3/2025 17:15,-2
12/3/2025 17:30,-2
12/3/2025 17:45,-2
12/3/2025 18:00,-2
12/3/2025 18:15,-2
12/3/2025 18:30,-2
12/3/2025 18:45,-2
12/3/2025 19:00,-2
12/3/2025 19:15,-2
12/3/2025 19:30,-2
12/3/2025 19:45,-2
12/3/2025 20:00,-2
12/3/2025 20:15,-2
12/3/2025 20:30,-2
12/3/2025 20:45,-2
12/3/2025 21:00,-2
12/3/2025 21:15,-2
12/3/2025 21:30,-2
12/3/2025 21:45,-2
12/3/2025 22:00,-2
12/3/2025 22:15,-2
12/3/2025 22:30,-2
12/3/2025 22:45,-2
12/3/2025 23:00,-2
12/3/2025 23:15,-2
12/3/2025 23:30,-2
12/3/2025 23:45,-2
12/4/2025 0:00,-2
12/4/2025 0:15,-2
12/4/2025 0:30,-2
12/4/2025 0:45,-2
12/4/2025 1:00,-2
12/4/2025 1:15,-2
12/4/2025 1:30,-2
12/4/2025 1:45,-2
12/4/2025 2:00,-2
12/4/2025 2:15,-2
12/4/2025 2:30,-2
12/4/2025 2:45,-2
12/4/2025 3:00,-2
12/4/2025 3:15,-2
12/4/2025 3:30,-2
12/4/2025 3:45,-2
12/4/2025 4:00,-2
12/4/2025 4:15,-2
12/4/2025 4:30,-1
12/4/2025 4:45,-1
12/4/2025 5:00,-1
12/4/2025 5:15,-1
12/4/2025 5:30,-1
12/4/2025 5:45,-2
12/4/2025 6:00,-1
12/4/2025 6:15,-1
12/4/2025 6:30,-2
12/4/2025 6:45,-1
12/4/2025 7:00,-2
12/4/2025 7:15,-2
12/4/2025 7:30,-9
12/4/2025 7:45,-40
12/4/2025 8:00,-63
12/4/2025 8:15,-101
12/4/2025 8:30,-126
12/4/2025 8:45,-133
12/4/2025 9:00,-188
12/4/2025 9:15,-270
12/4/2025 9:30,-314
12/4/2025 9:45,-315
12/4/2025 10:00,-355
12/4/2025 10:15,-452
12/4/2025 10:30,-579
12/4/2025 10:45,-1036
12/4/2025 11:00,-1225
12/4/2025 11:15,-1272
12/4/2025 11:30,-1359
12/4/2025 11:45,-956
12/4/2025 12:00,-950
12/4/2025 12:15,-1188
12/4/2025 12:30,-760
12/4/2025 12:45,-1573
12/4/2025 13:00,-1551
12/4/2025 13:15,-781
12/4/2025 13:30,-480
12/4/2025 13:45,-1083
12/4/2025 14:00,-1563
12/4/2025 14:15,-331
12/4/2025 14:30,-919
12/4/2025 14:45,-962
12/4/2025 15:00,-352
12/4/2025 15:15,-290
12/4/2025 15:30,-463
12/4/2025 15:45,-343
12/4/2025 16:00,-235
12/4/2025 16:15,-226
12/4/2025 16:30,-120
12/4/2025 16:45,-39
12/4/2025 17:00,-2
12/4/2025 17:15,-2
12/4/2025 17:30,-2
12/4/2025 17:45,-1
12/4/2025 18:00,-1
12/4/2025 18:15,-1
12/4/2025 18:30,-1
12/4/2025 18:45,-2
12/4/2025 19:00,-1
12/4/2025 19:15,-1
12/4/2025 19:30,-1
12/4/2025 19:45,-1
12/4/2025 20:00,-1
12/4/2025 20:15,-1
12/4/2025 20:30,-1
12/4/2025 20:45,-1
12/4/2025 21:00,-1
12/4/2025 21:15,-1
12/4/2025 21:30,-1
12/4/2025 21:45,-1
12/4/2025 22:15,-1
12/4/2025 22:30,-1
12/4/2025 22:45,-1
12/4/2025 23:00,-1
12/4/2025 23:15,-1
12/4/2025 23:30,-1
12/4/2025 23:45,-1
12/5/2025 0:00,-1
12/5/2025 0:15,-1
12/5/2025 0:30,-1
12/5/2025 0:45,-1
12/5/2025 1:00,-1
12/5/2025 1:15,-1
12/5/2025 1:30,-1
12/5/2025 1:45,-1
12/5/2025 2:00,-1
12/5/2025 2:15,-2
12/5/2025 2:30,-2
12/5/2025 2:45,-2
12/5/2025 3:00,-2
12/5/2025 3:15,-2
12/5/2025 3:30,-2
12/5/2025 3:45,-2
12/5/2025 4:00,-2
12/5/2025 4:15,-2
12/5/2025 4:30,-2
12/5/2025 4:45,-2
12/5/2025 5:00,-2
12/5/2025 5:15,-2
12/5/2025 5:30,-2
12/5/2025 5:45,-2
12/5/2025 6:00,-2
12/5/2025 6:15,-2
12/5/2025 6:30,-2
12/5/2025 6:45,-2
12/5/2025 7:00,-2
12/5/2025 7:15,-2
12/5/2025 7:30,-21
12/5/2025 7:45,-64
12/5/2025 8:00,-196
12/5/2025 8:15,-248
12/5/2025 8:30,-515
12/5/2025 8:45,-1424
12/5/2025 9:00,-1057
12/5/2025 9:15,-484
12/5/2025 9:30,-1486
12/5/2025 9:45,-1588
12/5/2025 10:00,-1493
12/5/2025 10:15,-1526
12/5/2025 10:30,-1449
12/5/2025 10:45,-1448
12/5/2025 11:00,-1455
12/5/2025 11:15,-1469
12/5/2025 11:30,-1393
12/5/2025 11:45,-1197
12/5/2025 12:00,-1501
12/5/2025 12:15,-1056
12/5/2025 12:30,-1021
12/5/2025 12:45,-894
12/5/2025 13:00,-987
12/5/2025 13:15,-745
12/5/2025 13:30,-688
12/5/2025 13:45,-898
12/5/2025 14:00,-767
12/5/2025 14:15,-672
12/5/2025 14:30,-572
12/5/2025 14:45,-542
12/5/2025 15:00,-431
12/5/2025 15:15,-342
12/5/2025 15:30,-247
12/5/2025 15:45,-206
12/5/2025 16:00,-174
12/5/2025 16:15,-131
12/5/2025 16:30,-109
12/5/2025 16:45,-25
12/5/2025 17:00,-1
12/5/2025 17:15,-1
12/5/2025 17:30,-1
12/5/2025 17:45,-1
12/5/2025 18:00,-1
12/5/2025 18:15,-1
12/5/2025 18:30,-1
12/5/2025 18:45,-1
12/5/2025 19:00,-1
12/5/2025 19:15,-1
12/5/2025 19:30,-1
12/5/2025 19:45,-1
12/5/2025 20:00,-1
12/5/2025 20:15,-1
12/5/2025 20:30,-1
12/5/2025 20:45,-1
12/5/2025 21:00,-1
12/5/2025 21:15,-1
12/5/2025 21:30,-1
12/5/2025 21:45,-1
12/5/2025 22:00,-1
12/5/2025 22:15,-1
12/5/2025 22:30,-1
12/5/2025 22:45,-1
12/5/2025 23:00,-1
12/5/2025 23:15,-1
12/5/2025 23:30,-1
12/5/2025 23:45,-1
12/6/2025 0:00,-1
12/6/2025 0:15,-1
12/6/2025 0:30,-1
12/6/2025 0:45,-1
12/6/2025 1:00,-2
12/6/2025 1:15,-1
12/6/2025 1:30,-1
12/6/2025 1:45,-1
12/6/2025 2:00,-1
12/6/2025 2:15,-1
12/6/2025 2:30,-1
12/6/2025 2:45,-1
12/6/2025 3:00,-1
12/6/2025 3:15,-1
12/6/2025 3:30,-1
12/6/2025 3:45,-1
12/6/2025 4:00,-1
12/6/2025 4:15,-1
12/6/2025 4:30,-1
12/6/2025 4:45,-1
12/6/2025 5:00,-1
12/6/2025 5:15,-1
12/6/2025 5:30,-1
12/6/2025 5:45,-1
12/6/2025 6:00,-1
12/6/2025 6:15,-2
12/6/2025 6:30,-2
12/6/2025 6:45,-2
12/6/2025 7:00,-2
12/6/2025 7:15,-5
12/6/2025 7:30,-98
12/6/2025 7:45,-259
12/6/2025 8:15,-780
12/6/2025 8:30,-1076
12/6/2025 8:45,-1310
12/6/2025 9:00,-1399
12/6/2025 9:15,-1433
12/6/2025 9:30,-1433
12/6/2025 9:45,-1459
12/6/2025 10:00,-468
12/6/2025 10:15,-1316
12/6/2025 10:30,-822
12/6/2025 10:45,-1456
12/6/2025 11:00,-1130
12/6/2025 11:15,-712
12/6/2025 11:30,-701
12/6/2025 11:45,-884
12/6/2025 12:00,-918
12/6/2025 12:15,-832
12/6/2025 12:30,-664
12/6/2025 12:45,-673
12/6/2025 13:00,-677
12/6/2025 13:15,-575
12/6/2025 13:30,-552
12/6/2025 13:45,-983
12/6/2025 14:00,-1429
12/6/2025 14:15,-1581
12/6/2025 14:30,-282
12/6/2025 14:45,-203
12/6/2025 15:00,-1382
12/6/2025 15:15,-1425
12/6/2025 15:30,-956
12/6/2025 15:45,-121
12/6/2025 16:00,-277
12/6/2025 16:15,-222
12/6/2025 16:30,-50
12/6/2025 16:45,-18
12/6/2025 17:00,-2
12/6/2025 17:15,-2
12/6/2025 17:30,-2
12/6/2025 17:45,-1
12/6/2025 18:00,-1
12/6/2025 18:15,-1
12/6/2025 18:30,-1
12/6/2025 18:45,-1
12/6/2025 19:00,-1
12/6/2025 19:15,-1
12/6/2025 19:30,-1
12/6/2025 19:45,-1
12/6/2025 20:00,-1
12/6/2025 20:15,-1
12/6/2025 20:30,-1
12/6/2025 20:45,-1
12/6/2025 21:00,-1
12/6/2025 21:15,-1
12/6/2025 21:30,-1
12/6/2025 21:45,-1
12/6/2025 22:00,-1
12/6/2025 22:15,-2
12/6/2025 22:30,-1
12/6/2025 22:45,-2
12/6/2025 23:00,-1
12/6/2025 23:15,-1
12/6/2025 23:30,-1
12/6/2025 23:45,-1
12/7/2025 0:00,-1
12/7/2025 0:15,-1
12/7/2025 0:30,-1
12/7/2025 0:45,-2
12/7/2025 1:00,-1
12/7/2025 1:15,-1
12/7/2025 1:30,-1
12/7/2025 1:45,-1
12/7/2025 2:00,-1
12/7/2025 2:15,-1
12/7/2025 2:30,-1
12/7/2025 2:45,-1
12/7/2025 3:00,-1
12/7/2025 3:15,-1
12/7/2025 3:30,-1
12/7/2025 3:45,-1
12/7/2025 4:00,-1
12/7/2025 4:15,-2
12/7/2025 4:30,-2
12/7/2025 4:45,-2
12/7/2025 5:00,-1
12/7/2025 5:15,-1
12/7/2025 5:30,-1
12/7/2025 5:45,-1
12/7/2025 6:00,-1
12/7/2025 6:15,-1
12/7/2025 6:30,-2
12/7/2025 6:45,-1
12/7/2025 7:00,-1
12/7/2025 7:15,-3
12/7/2025 7:30,-89
12/7/2025 7:45,-271
12/7/2025 8:00,-526
12/7/2025 8:15,-814
12/7/2025 8:30,-1115
12/7/2025 8:45,-1358
12/7/2025 9:00,-1447
12/7/2025 9:15,-1459
12/7/2025 9:30,-1451
12/7/2025 10:00,-1419
12/7/2025 10:15,-1391
12/7/2025 10:30,-1358
12/7/2025 10:45,-1315
12/7/2025 11:00,-1291
12/7/2025 11:15,-1270
12/7/2025 11:30,-1250
12/7/2025 11:45,-1235
12/7/2025 12:00,-1230
12/7/2025 12:15,-1235
12/7/2025 12:30,-1244
12/7/2025 12:45,-1253
12/7/2025 13:00,-1260
12/7/2025 13:15,-1285
12/7/2025 13:30,-1314
12/7/2025 13:45,-1341
12/7/2025 14:00,-1364
12/7/2025 14:15,-1384
12/7/2025 14:30,-1399
12/7/2025 14:45,-1390
12/7/2025 15:00,-1357
12/7/2025 15:15,-1270
12/7/2025 15:30,-1005
12/7/2025 15:45,-686
12/7/2025 16:00,-412
12/7/2025 16:15,-223
12/7/2025 16:30,-91
12/7/2025 16:45,-22
12/7/2025 17:00,-2
12/7/2025 17:15,-2
12/7/2025 17:30,-1
12/7/2025 17:45,-2
12/7/2025 18:00,-1
12/7/2025 18:15,-1
12/7/2025 18:30,-1
12/7/2025 18:45,-1
12/7/2025 19:00,-1
12/7/2025 19:15,-1
12/7/2025 19:30,-1
12/7/2025 19:45,-1
12/7/2025 20:00,-1
12/7/2025 20:15,-1
12/7/2025 20:30,-1
12/7/2025 20:45,-2
12/7/2025 21:00,-1
12/7/2025 21:15,-1
12/7/2025 21:30,-1
12/7/2025 21:45,-1
12/7/2025 22:00,-1
12/7/2025 22:15,-1
12/7/2025 22:30,-1
12/7/2025 22:45,-1
12/7/2025 23:00,-1
12/7/2025 23:15,-1
12/7/2025 23:30,-1
12/7/2025 23:45,-1
12/8/2025 0:00,-1
12/8/2025 0:15,-1
12/8/2025 0:30,-1
12/8/2025 0:45,-1
12/8/2025 1:00,-1
12/8/2025 1:15,-1
12/8/2025 1:30,-1
12/8/2025 1:45,-2
12/8/2025 2:00,-1
12/8/2025 2:15,-1
12/8/2025 2:30,-1
12/8/2025 2:45,-1
12/8/2025 3:00,-1
12/8/2025 3:15,-1
12/8/2025 3:30,-1
12/8/2025 3:45,-1
12/8/2025 4:00,-1
12/8/2025 4:15,-1
12/8/2025 4:30,-1
12/8/2025 4:45,-1
12/8/2025 5:00,-1
12/8/2025 5:15,-1
12/8/2025 5:30,-1
12/8/2025 5:45,-1
12/8/2025 6:00,-1
12/8/2025 6:15,-1
12/8/2025 6:30,-1
12/8/2025 6:45,-1
12/8/2025 7:00,-1
12/8/2025 7:15,-1
12/8/2025 7:30,-84
12/8/2025 7:45,-246
12/8/2025 8:00,-502
12/8/2025 8:15,-759
12/8/2025 8:30,-1037
12/8/2025 8:45,-1275
12/8/2025 9:00,-1382
12/8/2025 9:15,-1404
12/8/2025 9:30,-1398
12/8/2025 9:45,-1389
12/8/2025 10:00,-1363
12/8/2025 10:15,-1331
12/8/2025 10:30,-1299
12/8/2025 10:45,-1267
12/8/2025 11:00,-1241
12/8/2025 11:15,-1216
12/8/2025 11:30,-1195
12/8/2025 11:45,-1178
12/8/2025 12:00,-1171
12/8/2025 12:15,-1172
12/8/2025 12:30,-1184
12/8/2025 12:45,-1204
12/8/2025 13:00,-1233
12/8/2025 13:15,-1257
12/8/2025 13:30,-1282
12/8/2025 13:45,-1320
12/8/2025 14:00,-1351
12/8/2025 14:15,-1384
12/8/2025 14:30,-1399
12/8/2025 14:45,-1399
12/8/2025 15:00,-1368
12/8/2025 15:15,-1281
12/8/2025 15:30,-1005
12/8/2025 15:45,-631
12/8/2025 16:00,-383
12/8/2025 16:15,-208
12/8/2025 16:30,-84
12/8/2025 16:45,-18
12/8/2025 17:00,-2
12/8/2025 17:15,-2
12/8/2025 17:30,-2
12/8/2025 17:45,-2
12/8/2025 18:00,-1
12/8/2025 18:15,-1
12/8/2025 18:30,-2
12/8/2025 18:45,-1
12/8/2025 19:00,-1
12/8/2025 19:15,-1
12/8/2025 19:30,-1
12/8/2025 19:45,-1
12/8/2025 20:00,-1
12/8/2025 20:15,-1
12/8/2025 20:30,-1
12/8/2025 20:45,-1
12/8/2025 21:00,-1
12/8/2025 21:15,-1
12/8/2025 21:30,-1
12/8/2025 21:45,-1
12/8/2025 22:00,-1
12/8/2025 22:15,-1
12/8/2025 22:30,-1
12/8/2025 22:45,-1
12/8/2025 23:00,-1
12/8/2025 23:15,-1
12/8/2025 23:30,-1
12/8/2025 23:45,-1
12/9/2025 0:00,-1
12/9/2025 0:15,-1
12/9/2025 0:30,-1
12/9/2025 0:45,-1
12/9/2025 1:00,-1
12/9/2025 1:15,-1
12/9/2025 1:30,-1
12/9/2025 1:45,-1
12/9/2025 2:00,-1
12/9/2025 2:15,-1
12/9/2025 2:30,-2
12/9/2025 2:45,-1
12/9/2025 3:00,-1
12/9/2025 3:15,-1
12/9/2025 3:30,-1
12/9/2025 3:45,-1
12/9/2025 4:00,-1
12/9/2025 4:15,-1
12/9/2025 4:30,-1
12/9/2025 4:45,-1
12/9/2025 5:00,-1
12/9/2025 5:15,-1
12/9/2025 5:30,-1
12/9/2025 5:45,-2
12/9/2025 6:00,-1
12/9/2025 6:15,-2
12/9/2025 6:30,-1
12/9/2025 6:45,-1
12/9/2025 7:00,-1
12/9/2025 7:15,-1
12/9/2025 7:30,-15
12/9/2025 7:45,-41
12/9/2025 8:00,-73
12/9/2025 8:15,-488
12/9/2025 8:30,-943
12/9/2025 8:45,-1208
12/9/2025 9:00,-1357
12/9/2025 9:15,-1436
12/9/2025 9:30,-1447
12/9/2025 9:45,-1159
12/9/2025 10:00,-1400
12/9/2025 10:15,-1296
12/9/2025 10:30,-524
12/9/2025 10:45,-886
12/9/2025 11:00,-1194
12/9/2025 11:15,-1133
12/9/2025 11:30,-1319
12/9/2025 11:45,-1060
12/9/2025 12:00,-935
12/9/2025 12:15,-681
12/9/2025 12:30,-866
12/9/2025 12:45,-718
12/9/2025 13:00,-1107
12/9/2025 13:15,-1156
12/9/2025 13:30,-1204
12/9/2025 13:45,-1287
12/9/2025 14:00,-1302
12/9/2025 14:15,-1316
12/9/2025 14:30,-1341
12/9/2025 14:45,-1350
12/9/2025 15:00,-1324
12/9/2025 15:15,-1162
12/9/2025 15:30,-926
12/9/2025 15:45,-667
12/9/2025 16:00,-206
12/9/2025 16:15,-104
12/9/2025 16:30,-51
12/9/2025 16:45,-20
12/9/2025 17:00,-2
12/9/2025 17:15,-2
12/9/2025 17:30,-2
12/9/2025 17:45,-2
12/9/2025 18:00,-1
12/9/2025 18:15,-1
12/9/2025 18:30,-2
12/9/2025 18:45,-1
12/9/2025 19:00,-1
12/9/2025 19:15,-1
12/9/2025 19:30,-1
12/9/2025 19:45,-1
12/9/2025 20:00,-1
12/9/2025 20:15,-1
12/9/2025 20:30,-1
12/9/2025 20:45,-1
12/9/2025 21:00,-1
12/9/2025 21:15,-1
12/9/2025 21:30,-1
12/9/2025 21:45,-1
12/9/2025 22:00,-2
12/9/2025 22:15,-1
12/9/2025 22:30,-1
12/9/2025 22:45,-1
12/9/2025 23:00,-1
12/9/2025 23:15,-1
12/9/2025 23:30,-1
12/9/2025 23:45,-2
12/10/2025 0:00,-1
12/10/2025 0:15,-2
12/10/2025 0:30,-1
12/10/2025 0:45,-1
12/10/2025 1:00,-2
12/10/2025 1:15,-1
12/10/2025 1:30,-1
12/10/2025 1:45,-1
12/10/2025 2:00,-1
12/10/2025 2:15,-1
12/10/2025 2:30,-2
12/10/2025 2:45,-1
12/10/2025 3:00,-1
12/10/2025 3:15,-1
12/10/2025 3:30,-1
12/10/2025 3:45,-2
12/10/2025 4:00,-1
12/10/2025 4:15,-2
12/10/2025 4:30,-2
12/10/2025 4:45,-1
12/10/2025 5:00,-1
12/10/2025 5:15,-2
12/10/2025 5:30,-1
12/10/2025 5:45,-1
12/10/2025 6:00,-2
12/10/2025 6:15,-1
12/10/2025 6:30,-2
12/10/2025 6:45,-1
12/10/2025 7:00,-1
12/10/2025 7:15,-3
12/10/2025 7:30,-26
12/10/2025 7:45,-92
12/10/2025 8:00,-341
12/10/2025 8:15,-526
12/10/2025 8:30,-706
12/10/2025 8:45,-876
12/10/2025 9:00,-1315
12/10/2025 9:15,-1361
12/10/2025 9:30,-1338
12/10/2025 9:45,-1304
12/10/2025 10:00,-1287
12/10/2025 10:15,-1261
12/10/2025 10:30,-1231
12/10/2025 10:45,-1172
12/10/2025 11:00,-1179
12/10/2025 11:15,-1151
12/10/2025 11:30,-1127
12/10/2025 11:45,-1129
12/10/2025 12:00,-1117
12/10/2025 12:15,-1121
12/10/2025 12:30,-1138
12/10/2025 12:45,-1160
12/10/2025 13:00,-1182
12/10/2025 13:15,-1216
12/10/2025 13:30,-1242
12/10/2025 13:45,-1286
12/10/2025 14:00,-1303
12/10/2025 14:15,-1287
12/10/2025 14:30,-1338
12/10/2025 14:45,-1049
12/10/2025 15:00,-1235
12/10/2025 15:15,-970
12/10/2025 15:30,-942
12/10/2025 15:45,-538
12/10/2025 16:00,-377
12/10/2025 16:15,-261
12/10/2025 16:30,-139
12/10/2025 16:45,-37
12/10/2025 17:00,-13
12/10/2025 17:15,-2
12/10/2025 17:30,-2
12/10/2025 17:45,-2
12/10/2025 18:00,-1
12/10/2025 18:15,-1
12/10/2025 18:30,-1
12/10/2025 18:45,-1
12/10/2025 19:00,-1
12/10/2025 19:15,-1
12/10/2025 19:30,-1
12/10/2025 19:45,-1
12/10/2025 20:00,-1
12/10/2025 20:15,-1
12/10/2025 20:30,-1
12/10/2025 20:45,-1
12/10/2025 21:00,-1
12/10/2025 21:15,-1
12/10/2025 21:30,-1
12/10/2025 21:45,-1
12/10/2025 22:00,-1
12/10/2025 22:15,-1
12/10/2025 22:30,-1
12/10/2025 22:45,-1
12/10/2025 23:00,-1
12/10/2025 23:15,-1
12/10/2025 23:30,-1
12/10/2025 23:45,-1
12/11/2025 0:00,-1
12/11/2025 0:15,-1
12/11/2025 0:30,-1
12/11/2025 0:45,-1
12/11/2025 1:00,-1
12/11/2025 1:15,-1
12/11/2025 1:30,-1
12/11/2025 1:45,-1
12/11/2025 2:00,-1
12/11/2025 2:15,-1
12/11/2025 2:30,-1
12/11/2025 2:45,-1
12/11/2025 3:00,-1
12/11/2025 3:15,-1
12/11/2025 3:30,-2
12/11/2025 3:45,-1
12/11/2025 4:00,-1
12/11/2025 4:15,-1
12/11/2025 4:30,-2
12/11/2025 4:45,-1
12/11/2025 5:00,-1
12/11/2025 5:15,-2
12/11/2025 5:30,-1
12/11/2025 5:45,-1
12/11/2025 6:00,-1
12/11/2025 6:15,-1
12/11/2025 6:30,-1
12/11/2025 6:45,-1
12/11/2025 7:00,-1
12/11/2025 7:15,-1
12/11/2025 7:30,-29
12/11/2025 7:45,-192
12/11/2025 8:00,-430
12/11/2025 8:15,-703
12/11/2025 8:30,-958
12/11/2025 8:45,-1215
12/11/2025 9:00,-1355
12/11/2025 9:15,-1373
12/11/2025 9:30,-1357
12/11/2025 9:45,-1342
12/11/2025 10:00,-1318
12/11/2025 10:15,-1285
12/11/2025 10:30,-1239
12/11/2025 10:45,-1207
12/11/2025 11:00,-1183
12/11/2025 11:15,-1162
12/11/2025 11:45,-1123
12/11/2025 12:00,-1118
12/11/2025 12:15,-1121
12/11/2025 12:30,-1136
12/11/2025 12:45,-1156
12/11/2025 13:00,-1183
12/11/2025 13:15,-1211
12/11/2025 13:30,-1245
12/11/2025 13:45,-1276
12/11/2025 14:00,-1306
12/11/2025 14:15,-1330
12/11/2025 14:30,-1348
12/11/2025 14:45,-1351
12/11/2025 15:00,-1328
12/11/2025 15:15,-1253
12/11/2025 15:30,-968
12/11/2025 15:45,-651
12/11/2025 16:00,-380
12/11/2025 16:15,-210
12/11/2025 16:30,-83
12/11/2025 16:45,-18
12/11/2025 17:00,-3
12/11/2025 17:15,-2
12/11/2025 17:30,-2
12/11/2025 17:45,-2
12/11/2025 18:00,-2
12/11/2025 18:15,-2
12/11/2025 18:30,-1
12/11/2025 18:45,-1
12/11/2025 19:00,-1
12/11/2025 19:15,-2
12/11/2025 19:30,-1
12/11/2025 19:45,-1
12/11/2025 20:00,-2
12/11/2025 20:15,-2
12/11/2025 20:30,-1
12/11/2025 20:45,-1
12/11/2025 21:00,-1
12/11/2025 21:15,-1
12/11/2025 21:30,-1
12/11/2025 21:45,-1
12/11/2025 22:00,-2
12/11/2025 22:15,-1
12/11/2025 22:30,-1
12/11/2025 22:45,-2
12/11/2025 23:00,-1
12/11/2025 23:15,-1
12/11/2025 23:30,-1
12/11/2025 23:45,-1
12/12/2025 0:00,-1
12/12/2025 0:15,-1
12/12/2025 0:30,-1
12/12/2025 0:45,-1
12/12/2025 1:00,-2
12/12/2025 1:15,-2
12/12/2025 1:30,-1
12/12/2025 1:45,-1
12/12/2025 2:00,-1
12/12/2025 2:15,-1
12/12/2025 2:30,-1
12/12/2025 2:45,-1
12/12/2025 3:00,-1
12/12/2025 3:15,-1
12/12/2025 3:30,-1
12/12/2025 3:45,-1
12/12/2025 4:00,-1
12/12/2025 4:15,-1
12/12/2025 4:30,-1
12/12/2025 4:45,-1
12/12/2025 5:00,-1
12/12/2025 5:15,-1
12/12/2025 5:30,-1
12/12/2025 5:45,-1
12/12/2025 6:00,-1
12/12/2025 6:15,-2
12/12/2025 6:30,-1
12/12/2025 6:45,-2
12/12/2025 7:00,-2
12/12/2025 7:15,-1
12/12/2025 7:30,-29
12/12/2025 7:45,-193
12/12/2025 8:00,-433
12/12/2025 8:15,-708
12/12/2025 8:30,-978
12/12/2025 8:45,-1219
12/12/2025 9:00,-1350
12/12/2025 9:15,-1381
12/12/2025 9:30,-1370
12/12/2025 9:45,-1351
12/12/2025 10:00,-1322
12/12/2025 10:15,-1288
12/12/2025 10:30,-1252
12/12/2025 10:45,-1220
12/12/2025 11:00,-1190
12/12/2025 11:15,-1166
12/12/2025 11:30,-1147
12/12/2025 11:45,-1131
12/12/2025 12:00,-1126
12/12/2025 12:15,-1131
12/12/2025 12:30,-1143
12/12/2025 12:45,-1164
12/12/2025 13:00,-1191
12/12/2025 13:15,-1215
12/12/2025 13:30,-1251
12/12/2025 13:45,-1282
12/12/2025 14:00,-1310
12/12/2025 14:15,-1336
12/12/2025 14:30,-1350
12/12/2025 14:45,-1346
12/12/2025 15:00,-1322
12/12/2025 15:15,-1252
12/12/2025 15:30,-982
12/12/2025 15:45,-655
12/12/2025 16:00,-395
12/12/2025 16:15,-210
12/12/2025 16:30,-84
12/12/2025 16:45,-19
12/12/2025 17:00,-2
12/12/2025 17:15,-3
12/12/2025 17:30,-2
12/12/2025 17:45,-2
12/12/2025 18:00,-2
12/12/2025 18:15,-2
12/12/2025 18:30,-1
12/12/2025 18:45,-1
12/12/2025 19:00,-1
12/12/2025 19:15,-2
12/12/2025 19:30,-2
12/12/2025 19:45,-1
12/12/2025 20:00,-1
12/12/2025 20:15,-1
12/12/2025 20:30,-1
12/12/2025 20:45,-1
12/12/2025 21:00,-1
12/12/2025 21:15,-1
12/12/2025 21:30,-1
12/12/2025 21:45,-1
12/12/2025 22:00,-1
12/12/2025 22:15,-2
12/12/2025 22:30,-1
12/12/2025 22:45,-1
12/12/2025 23:00,-1
12/12/2025 23:15,-1
12/12/2025 23:30,-1
12/12/2025 23:45,-1
12/13/2025 0:00,-2
12/13/2025 0:15,-1
12/13/2025 0:30,-1
12/13/2025 0:45,-1
12/13/2025 1:00,-1
12/13/2025 1:15,-1
12/13/2025 1:30,-1
12/13/2025 1:45,-1
12/13/2025 2:00,-1
12/13/2025 2:15,-2
12/13/2025 2:30,-1
12/13/2025 2:45,-1
12/13/2025 3:00,-1
12/13/2025 3:15,-2
12/13/2025 3:30,-1
12/13/2025 3:45,-1
12/13/2025 4:00,-2
12/13/2025 4:15,-1
12/13/2025 4:30,-1
12/13/2025 4:45,-1
12/13/2025 5:00,-1
12/13/2025 5:15,-1
12/13/2025 5:30,-1
12/13/2025 5:45,-1
12/13/2025 6:00,-1
12/13/2025 6:15,-1
12/13/2025 6:30,-1
12/13/2025 6:45,-1
12/13/2025 7:00,-1
12/13/2025 7:15,-1
12/13/2025 7:30,-18
12/13/2025 7:45,-187
12/13/2025 8:00,-428
12/13/2025 8:15,-705
12/13/2025 8:30,-992
12/13/2025 8:45,-1245
12/13/2025 9:00,-1397
12/13/2025 9:15,-1409
12/13/2025 9:30,-1393
12/13/2025 9:45,-1380
12/13/2025 10:00,-1351
12/13/2025 10:15,-1306
12/13/2025 10:30,-1264
12/13/2025 10:45,-1232
12/13/2025 11:00,-1205
12/13/2025 11:15,-1179
12/13/2025 11:30,-1158
12/13/2025 11:45,-1149
12/13/2025 12:00,-1138
12/13/2025 12:15,-1135
12/13/2025 12:30,-1143
12/13/2025 12:45,-1161
12/13/2025 13:00,-1183
12/13/2025 13:15,-1213
12/13/2025 13:30,-1242
12/13/2025 13:45,-1273
12/13/2025 14:00,-1297
12/13/2025 14:15,-1327
12/13/2025 14:30,-1344
12/13/2025 14:45,-1350
12/13/2025 15:00,-1338
12/13/2025 15:15,-1270
12/13/2025 15:30,-998
12/13/2025 15:45,-648
12/13/2025 16:00,-408
12/13/2025 16:15,-232
12/13/2025 16:30,-99
12/13/2025 16:45,-22
12/13/2025 17:00,-3
12/13/2025 17:15,-2
12/13/2025 17:30,-2
12/13/2025 17:45,-1
12/13/2025 18:00,-2
12/13/2025 18:15,-2
12/13/2025 18:30,-1
12/13/2025 18:45,-2
12/13/2025 19:00,-1
12/13/2025 19:15,-1
12/13/2025 19:30,-1
12/13/2025 19:45,-1
12/13/2025 20:00,-1
12/13/2025 20:15,-1
12/13/2025 20:30,-1
12/13/2025 20:45,-2
12/13/2025 21:00,-2
12/13/2025 21:15,-1
12/13/2025 21:30,-2
12/13/2025 21:45,-1
12/13/2025 22:00,-1
12/13/2025 22:15,-1
12/13/2025 22:30,-1
12/13/2025 22:45,-1
12/13/2025 23:00,-2
12/13/2025 23:15,-1
12/13/2025 23:30,-1
12/13/2025 23:45,-1
12/14/2025 0:00,-1
12/14/2025 0:15,-2
12/14/2025 0:30,-1
12/14/2025 0:45,-1
12/14/2025 1:00,-1
12/14/2025 1:15,-1
12/14/2025 1:30,-3
12/14/2025 1:45,-2
12/14/2025 2:00,-1
12/14/2025 2:15,-1
12/14/2025 2:30,-2
12/14/2025 2:45,-1
12/14/2025 3:00,-2
12/14/2025 3:15,-1
12/14/2025 3:30,-2
12/14/2025 3:45,-2
12/14/2025 4:00,-2
12/14/2025 4:15,-1
12/14/2025 4:30,-1
12/14/2025 4:45,-2
12/14/2025 5:00,-1
12/14/2025 5:15,-1
12/14/2025 5:30,-1
12/14/2025 5:45,-2
12/14/2025 6:00,-1
12/14/2025 6:15,-1
12/14/2025 6:30,-1
12/14/2025 6:45,-1
12/14/2025 7:00,-1
12/14/2025 7:15,-2
12/14/2025 7:30,-21
12/14/2025 7:45,-206
12/14/2025 8:00,-451
12/14/2025 8:15,-707
12/14/2025 8:30,-962
12/14/2025 8:45,-1225
12/14/2025 9:00,-1378
12/14/2025 9:15,-1305
12/14/2025 9:30,-1189
12/14/2025 9:45,-1131
12/14/2025 10:00,-1097
12/14/2025 10:15,-1275
12/14/2025 10:30,-1326
12/14/2025 10:45,-1117
12/14/2025 11:00,-1259
12/14/2025 11:15,-1120
12/14/2025 11:30,-1202
12/14/2025 11:45,-1122
12/14/2025 12:00,-1081
12/14/2025 12:15,-1118
12/14/2025 12:30,-1107
12/14/2025 12:45,-1130
12/14/2025 13:00,-1141
12/14/2025 13:15,-1211
12/14/2025 13:30,-1209
12/14/2025 13:45,-1318
12/14/2025 14:00,-1125
12/14/2025 14:15,-1225
12/14/2025 14:30,-1062
12/14/2025 14:45,-1180
12/14/2025 15:00,-1238
12/14/2025 15:15,-1319
12/14/2025 15:30,-623
12/14/2025 15:45,-539
12/14/2025 16:00,-457
12/14/2025 16:15,-246
12/14/2025 16:30,-71
12/14/2025 16:45,-19
12/14/2025 17:00,-2
12/14/2025 17:15,-2
12/14/2025 17:30,-2
12/14/2025 17:45,-2
12/14/2025 18:00,-1
12/14/2025 18:15,-1
12/14/2025 18:30,-1
12/14/2025 18:45,-1
12/14/2025 19:00,-2
12/14/2025 19:15,-1
12/14/2025 19:30,-1
12/14/2025 19:45,-1
12/14/2025 20:00,-1
12/14/2025 20:15,-1
12/14/2025 20:30,-1
12/14/2025 20:45,-1
12/14/2025 21:00,-1
12/14/2025 21:15,-1
12/14/2025 21:30,-1
12/14/2025 21:45,-1
12/14/2025 22:00,-1
12/14/2025 22:15,-1
12/14/2025 22:30,-2
12/14/2025 22:45,-1
12/14/2025 23:00,-1
12/14/2025 23:15,-1
12/14/2025 23:30,-1
12/14/2025 23:45,-1
12/15/2025 0:00,-1
12/15/2025 0:15,-1
12/15/2025 0:30,-1
12/15/2025 0:45,-2
12/15/2025 1:00,-1
12/15/2025 1:15,-1
12/15/2025 1:30,-2
12/15/2025 1:45,-1
12/15/2025 2:00,-2
12/15/2025 2:15,-2
12/15/2025 2:30,-2
12/15/2025 2:45,-1
12/15/2025 3:00,-1
12/15/2025 3:15,-2
12/15/2025 3:30,-2
12/15/2025 3:45,-2
12/15/2025 4:00,-2
12/15/2025 4:15,-2
12/15/2025 4:30,-2
12/15/2025 4:45,-2
12/15/2025 5:00,-1
12/15/2025 5:15,-2
12/15/2025 5:30,-2
12/15/2025 5:45,-2
12/15/2025 6:00,-2
12/15/2025 6:15,-2
12/15/2025 6:30,-2
12/15/2025 6:45,-2
12/15/2025 7:00,-2
12/15/2025 7:15,-2
12/15/2025 7:30,-8
12/15/2025 7:45,-36
12/15/2025 8:00,-99
12/15/2025 8:15,-201
12/15/2025 8:30,-364
12/15/2025 8:45,-551
12/15/2025 9:00,-848
12/15/2025 9:15,-569
12/15/2025 9:30,-686
12/15/2025 9:45,-853
12/15/2025 10:00,-940
12/15/2025 10:15,-839
12/15/2025 10:30,-1127
12/15/2025 10:45,-896
12/15/2025 11:00,-869
12/15/2025 11:15,-692
12/15/2025 11:30,-737
12/15/2025 11:45,-948
12/15/2025 12:00,-1208
12/15/2025 12:15,-1082
12/15/2025 12:30,-1217
12/15/2025 12:45,-1062
12/15/2025 13:00,-879
12/15/2025 13:15,-813
12/15/2025 13:30,-1258
12/15/2025 13:45,-1265
12/15/2025 14:00,-1464
12/15/2025 14:15,-1362
12/15/2025 14:30,-1148
12/15/2025 14:45,-1173
12/15/2025 15:00,-1227
12/15/2025 15:15,-813
12/15/2025 15:30,-1085
12/15/2025 15:45,-265
12/15/2025 16:00,-170
12/15/2025 16:15,-124
12/15/2025 16:30,-70
12/15/2025 16:45,-26
12/15/2025 17:00,-2
12/15/2025 17:15,-2
12/15/2025 17:30,-2
12/15/2025 17:45,-2
12/15/2025 18:00,-2
12/15/2025 18:15,-2
12/15/2025 18:30,-2
12/15/2025 18:45,-2
12/15/2025 19:00,-2
12/15/2025 19:15,-1
12/15/2025 19:30,-1
12/15/2025 19:45,-1
12/15/2025 20:00,-1
12/15/2025 20:15,-1
12/15/2025 20:30,-1
12/15/2025 20:45,-1
12/15/2025 21:00,-1
12/15/2025 21:15,-1
12/15/2025 21:30,-1
12/15/2025 21:45,-1
12/15/2025 22:00,-1
12/15/2025 22:15,-1
12/15/2025 22:30,-1
12/15/2025 22:45,-1
12/15/2025 23:00,-1
12/15/2025 23:15,-1
12/15/2025 23:30,-1
12/15/2025 23:45,-1
12/16/2025 0:00,-1
12/16/2025 0:15,-1
12/16/2025 0:30,-1
12/16/2025 0:45,-1
12/16/2025 1:00,-1
12/16/2025 1:15,-1
12/16/2025 1:30,-1
12/16/2025 1:45,-1
12/16/2025 2:00,-1
12/16/2025 2:15,-1
12/16/2025 2:30,-1
12/16/2025 2:45,-1
12/16/2025 3:00,-1
12/16/2025 3:15,-1
12/16/2025 3:30,-1
12/16/2025 3:45,-1
12/16/2025 4:00,-1
12/16/2025 4:15,-1
12/16/2025 4:30,-1
12/16/2025 4:45,-1
12/16/2025 5:00,-1
12/16/2025 5:15,-1
12/16/2025 5:30,-1
12/16/2025 5:45,-1
12/16/2025 6:00,-1
12/16/2025 6:15,-1
12/16/2025 6:30,-1
12/16/2025 6:45,-2
12/16/2025 7:00,-1
12/16/2025 7:15,-2
12/16/2025 7:30,-7
12/16/2025 7:45,-158
12/16/2025 8:00,-347
12/16/2025 8:15,-529
12/16/2025 8:30,-768
12/16/2025 8:45,-967
12/16/2025 9:00,-1108
12/16/2025 9:15,-1121
12/16/2025 9:30,-1118
12/16/2025 9:45,-1113
12/16/2025 10:00,-1095
12/16/2025 10:15,-1077
12/16/2025 10:30,-1042
12/16/2025 10:45,-1008
12/16/2025 11:00,-981
12/16/2025 11:15,-964
12/16/2025 11:30,-948
12/16/2025 11:45,-932
12/16/2025 12:00,-926
12/16/2025 12:15,-930
12/16/2025 12:30,-940
12/16/2025 12:45,-960
12/16/2025 13:00,-977
12/16/2025 13:15,-996
12/16/2025 13:30,-1021
12/16/2025 13:45,-1047
12/16/2025 14:00,-1072
12/16/2025 14:15,-1090
12/16/2025 14:30,-1103
12/16/2025 14:45,-1105
12/16/2025 15:00,-1085
12/16/2025 15:15,-1030
12/16/2025 15:30,-831
12/16/2025 15:45,-537
12/16/2025 16:00,-317
12/16/2025 16:15,-184
12/16/2025 16:30,-94
12/16/2025 16:45,-23
12/16/2025 17:00,-2
12/16/2025 17:15,-2
12/16/2025 17:30,-2
12/16/2025 17:45,-2
12/16/2025 18:00,-2
12/16/2025 18:15,-1
12/16/2025 18:30,-1
12/16/2025 18:45,-2
12/16/2025 19:00,-2
12/16/2025 19:15,-1
12/16/2025 19:30,-1
12/16/2025 19:45,-2
12/16/2025 20:00,-1
12/16/2025 20:15,-1
12/16/2025 20:30,-1
12/16/2025 20:45,-1
12/16/2025 21:00,-1
12/16/2025 21:15,-1
12/16/2025 21:30,-1
12/16/2025 21:45,-1
12/16/2025 22:00,-1
12/16/2025 22:15,-1
12/16/2025 22:30,-1
12/16/2025 22:45,-1
12/16/2025 23:00,-1
12/16/2025 23:15,-1
12/16/2025 23:30,-1
12/16/2025 23:45,-1
12/17/2025 0:00,-1
12/17/2025 0:15,-1
12/17/2025 0:30,-1
12/17/2025 0:45,-1
12/17/2025 1:00,-1
12/17/2025 1:15,-1
12/17/2025 1:30,-1
12/17/2025 1:45,-1
12/17/2025 2:00,-1
12/17/2025 2:15,-2
12/17/2025 2:30,-1
12/17/2025 2:45,-1
12/17/2025 3:00,-1
12/17/2025 3:15,-1
12/17/2025 3:30,-2
12/17/2025 3:45,-1
12/17/2025 4:00,-1
12/17/2025 4:15,-1
12/17/2025 4:30,-2
12/17/2025 4:45,-2
12/17/2025 5:00,-1
12/17/2025 5:15,-1
12/17/2025 5:30,-1
12/17/2025 5:45,-1
12/17/2025 6:00,-2
12/17/2025 6:15,-2
12/17/2025 6:30,-2
12/17/2025 6:45,-2
12/17/2025 7:00,-2
12/17/2025 7:15,-2
12/17/2025 7:30,-19
12/17/2025 7:45,-149
12/17/2025 8:00,-377
12/17/2025 8:15,-630
12/17/2025 8:30,-888
12/17/2025 8:45,-1129
12/17/2025 9:00,-1326
12/17/2025 9:15,-1348
12/17/2025 9:30,-1340
12/17/2025 9:45,-1320
12/17/2025 10:00,-1295
12/17/2025 10:15,-1266
12/17/2025 10:30,-1231
12/17/2025 10:45,-1198
12/17/2025 11:00,-1165
12/17/2025 11:15,-1139
12/17/2025 11:30,-1118
12/17/2025 11:45,-1105
12/17/2025 12:00,-1100
12/17/2025 12:15,-1103
12/17/2025 12:30,-1116
12/17/2025 12:45,-1140
12/17/2025 13:00,-1164
12/17/2025 13:15,-1194
12/17/2025 13:30,-1221
12/17/2025 13:45,-1250
12/17/2025 14:00,-1278
12/17/2025 14:15,-1304
12/17/2025 14:30,-1318
12/17/2025 14:45,-1328
12/17/2025 15:00,-1304
12/17/2025 15:15,-1251
12/17/2025 15:30,-1020
12/17/2025 15:45,-645
12/17/2025 16:00,-413
12/17/2025 16:15,-222
12/17/2025 16:30,-96
12/17/2025 16:45,-22
12/17/2025 17:00,-3
12/17/2025 17:15,-2
12/17/2025 17:30,-2
12/17/2025 17:45,-2
12/17/2025 18:00,-2
12/17/2025 18:15,-2
12/17/2025 18:30,-2
12/17/2025 18:45,-2
12/17/2025 19:00,-1
12/17/2025 19:15,-2
12/17/2025 19:30,-2
12/17/2025 19:45,-1
12/17/2025 20:00,-1
12/17/2025 20:15,-1
12/17/2025 20:30,-1
12/17/2025 20:45,-1
12/17/2025 21:00,-1
12/17/2025 21:15,-1
12/17/2025 21:30,-1
12/17/2025 21:45,-1
12/17/2025 22:00,-1
12/17/2025 22:15,-2
12/17/2025 22:30,-2
12/17/2025 22:45,-1
12/17/2025 23:00,-2
12/17/2025 23:15,-2
12/17/2025 23:30,-2
12/17/2025 23:45,-2
12/18/2025 0:00,-2
12/18/2025 0:15,-2
12/18/2025 0:30,-2
12/18/2025 0:45,-2
12/18/2025 1:00,-2
12/18/2025 1:15,-2
12/18/2025 1:30,-2
12/18/2025 1:45,-2
12/18/2025 2:00,-2
12/18/2025 2:15,-2
12/18/2025 2:30,-2
12/18/2025 2:45,-2
12/18/2025 3:00,-2
12/18/2025 3:15,-2
12/18/2025 3:30,-2
12/18/2025 3:45,-2
12/18/2025 4:00,-2
12/18/2025 4:15,-2
12/18/2025 4:30,-2
12/18/2025 4:45,-2
12/18/2025 5:00,-2
12/18/2025 5:15,-2
12/18/2025 5:30,-2
12/18/2025 5:45,-2
12/18/2025 6:00,-2
12/18/2025 6:15,-2
12/18/2025 6:30,-2
12/18/2025 6:45,-2
12/18/2025 7:00,-2
12/18/2025 7:15,-2
12/18/2025 7:30,-10
12/18/2025 7:45,-112
12/18/2025 8:00,-314
12/18/2025 8:15,-612
12/18/2025 8:30,-896
12/18/2025 8:45,-1140
12/18/2025 9:00,-1338
12/18/2025 9:15,-1363
12/18/2025 9:30,-1358
12/18/2025 9:45,-1350
12/18/2025 10:00,-1326
12/18/2025 10:15,-1301
12/18/2025 10:30,-1272
12/18/2025 10:45,-1249
12/18/2025 11:00,-1216
12/18/2025 11:15,-1211
12/18/2025 11:30,-1178
12/18/2025 11:45,-1156
12/18/2025 12:00,-1135
12/18/2025 12:15,-1124
12/18/2025 12:30,-1150
12/18/2025 12:45,-1154
12/18/2025 13:00,-1184
12/18/2025 13:15,-1222
12/18/2025 13:30,-1243
12/18/2025 13:45,-1286
12/18/2025 14:00,-1306
12/18/2025 14:15,-1368
12/18/2025 14:30,-1345
12/18/2025 14:45,-1297
12/18/2025 15:00,-1248
12/18/2025 15:15,-1059
12/18/2025 15:30,-697
12/18/2025 15:45,-513
12/18/2025 16:00,-255
12/18/2025 16:15,-140
12/18/2025 16:30,-72
12/18/2025 16:45,-27
12/18/2025 17:00,-2
12/18/2025 17:15,-2
12/18/2025 17:30,-2
12/18/2025 17:45,-2
12/18/2025 18:00,-2
12/18/2025 18:15,-2
12/18/2025 18:30,-2
12/18/2025 18:45,-2
12/18/2025 19:00,-2
12/18/2025 19:15,-2
12/18/2025 19:30,-2
12/18/2025 19:45,-2
12/18/2025 20:00,-2
12/18/2025 20:15,-2
12/18/2025 20:30,-2
12/18/2025 20:45,-2
12/18/2025 21:00,-2
12/18/2025 21:15,-2
12/18/2025 21:30,-2
12/18/2025 21:45,-2
12/18/2025 22:00,-2
12/18/2025 22:15,-2
12/18/2025 22:30,-1
12/18/2025 22:45,-1
12/18/2025 23:00,-2
12/18/2025 23:15,-2
12/18/2025 23:30,-1
12/18/2025 23:45,-1
12/19/2025 0:00,-1
12/19/2025 0:15,-2
12/19/2025 0:30,-2
12/19/2025 0:45,-2
12/19/2025 1:00,-2
12/19/2025 1:15,-2
12/19/2025 1:30,-2
12/19/2025 1:45,-2
12/19/2025 2:00,-2
12/19/2025 2:15,-2
12/19/2025 2:30,-1
12/19/2025 2:45,-1
12/19/2025 3:00,-1
12/19/2025 3:15,-1
12/19/2025 3:30,-1
12/19/2025 3:45,-1
12/19/2025 4:00,-1
12/19/2025 4:15,-1
12/19/2025 4:30,-1
12/19/2025 4:45,-1
12/19/2025 5:00,-1
12/19/2025 5:15,-1
12/19/2025 5:30,-1
12/19/2025 5:45,-1
12/19/2025 6:00,-1
12/19/2025 6:15,-1
12/19/2025 6:30,-1
12/19/2025 6:45,-1
12/19/2025 7:00,-1
12/19/2025 7:15,-2
12/19/2025 7:30,-1
12/19/2025 7:45,-62
12/19/2025 8:00,-155
12/19/2025 8:15,-271
12/19/2025 8:30,-238
12/19/2025 8:45,-284
12/19/2025 9:00,-812
12/19/2025 9:15,-1097
12/19/2025 9:30,-1176
12/19/2025 9:45,-1227
12/19/2025 10:00,-1199
12/19/2025 10:15,-1215
12/19/2025 10:30,-1237
12/19/2025 10:45,-1219
12/19/2025 11:00,-1156
12/19/2025 11:15,-963
12/19/2025 11:30,-1200
12/19/2025 11:45,-1108
12/19/2025 12:00,-1132
12/19/2025 12:15,-1113
12/19/2025 12:30,-1124
12/19/2025 12:45,-1158
12/19/2025 13:00,-1193
12/19/2025 13:15,-1167
12/19/2025 13:30,-1263
12/19/2025 13:45,-1268
12/19/2025 14:00,-1298
12/19/2025 14:15,-1379
12/19/2025 14:30,-1359
12/19/2025 14:45,-1262
12/19/2025 15:00,-1322
12/19/2025 15:15,-966
12/19/2025 15:30,-1010
12/19/2025 15:45,-263
12/19/2025 16:00,-154
12/19/2025 16:15,-153
12/19/2025 16:30,-81
12/19/2025 16:45,-32
12/19/2025 17:00,-2
12/19/2025 17:15,-2
12/19/2025 17:30,-2
12/19/2025 17:45,-2
12/19/2025 18:00,-2
12/19/2025 18:15,-2
12/19/2025 18:30,-2
12/19/2025 18:45,-2
12/19/2025 19:00,-2
12/19/2025 19:15,-2
12/19/2025 19:30,-2
12/19/2025 19:45,-1
12/19/2025 20:00,-1
12/19/2025 20:15,-2
12/19/2025 20:30,-2
12/19/2025 20:45,-1
12/19/2025 21:00,-2
12/19/2025 21:15,-1
12/19/2025 21:30,-1
12/19/2025 21:45,-1
12/19/2025 22:00,-1
12/19/2025 22:15,-1
12/19/2025 22:30,-2
12/19/2025 22:45,-1
12/19/2025 23:00,-1
12/19/2025 23:15,-1
12/19/2025 23:30,-2
12/19/2025 23:45,-2
12/20/2025 0:00,-1
12/20/2025 0:15,-1
12/20/2025 0:30,-1
12/20/2025 0:45,-1
12/20/2025 1:00,-1
12/20/2025 1:15,-2
12/20/2025 1:30,-1
12/20/2025 1:45,-1
12/20/2025 2:00,-1
12/20/2025 2:15,-1
12/20/2025 2:30,-1
12/20/2025 2:45,-1
12/20/2025 3:00,-1
12/20/2025 3:15,-2
12/20/2025 3:30,-1
12/20/2025 3:45,-1
12/20/2025 4:00,-1
12/20/2025 4:15,-1
12/20/2025 4:30,-1
12/20/2025 4:45,-1
12/20/2025 5:00,-1
12/20/2025 5:15,-1
12/20/2025 5:30,-1
12/20/2025 5:45,-1
12/20/2025 6:00,-2
12/20/2025 6:15,-2
12/20/2025 6:30,-1
12/20/2025 6:45,-1
12/20/2025 7:00,-1
12/20/2025 7:15,-2
12/20/2025 7:30,-14
12/20/2025 7:45,-144
12/20/2025 8:00,-350
12/20/2025 8:15,-625
12/20/2025 8:30,-895
12/20/2025 8:45,-1076
12/20/2025 9:00,-1141
12/20/2025 9:15,-1160
12/20/2025 9:30,-1306
12/20/2025 9:45,-1364
12/20/2025 10:00,-1213
12/20/2025 10:15,-969
12/20/2025 10:30,-1247
12/20/2025 10:45,-1028
12/20/2025 11:00,-1257
12/20/2025 11:15,-1152
12/20/2025 11:30,-1100
12/20/2025 11:45,-1107
12/20/2025 12:00,-974
12/20/2025 12:15,-982
12/20/2025 12:30,-954
12/20/2025 12:45,-951
12/20/2025 13:00,-936
12/20/2025 13:15,-925
12/20/2025 13:30,-1066
12/20/2025 13:45,-1033
12/20/2025 14:00,-1137
12/20/2025 14:15,-1200
12/20/2025 14:30,-1123
12/20/2025 14:45,-1213
12/20/2025 15:00,-1251
12/20/2025 15:15,-1227
12/20/2025 15:30,-321
12/20/2025 15:45,-460
12/20/2025 16:00,-153
12/20/2025 16:15,-116
12/20/2025 16:30,-111
12/20/2025 16:45,-32
12/20/2025 17:00,-2
12/20/2025 17:15,-3
12/20/2025 17:30,-3
12/20/2025 17:45,-2
12/20/2025 18:00,-2
12/20/2025 18:15,-2
12/20/2025 18:30,-2
12/20/2025 18:45,-2
12/20/2025 19:00,-2
12/20/2025 19:15,-2
12/20/2025 19:30,-2
12/20/2025 19:45,-2
12/20/2025 20:00,-2
12/20/2025 20:15,-2
12/20/2025 20:30,-1
12/20/2025 20:45,-1
12/20/2025 21:00,-2
12/20/2025 21:15,-2
12/20/2025 21:30,-2
12/20/2025 21:45,-1
12/20/2025 22:00,-2
12/20/2025 22:15,-2
12/20/2025 22:30,-2
12/20/2025 22:45,-2
12/20/2025 23:00,-2
12/20/2025 23:15,-3
12/20/2025 23:30,-3
12/20/2025 23:45,-1
12/21/2025 0:00,-1
12/21/2025 0:15,-2
12/21/2025 0:30,-2
12/21/2025 0:45,-1
12/21/2025 1:00,-1
12/21/2025 1:15,-1
12/21/2025 1:30,-2
12/21/2025 1:45,-1
12/21/2025 2:00,-1
12/21/2025 2:15,-2
12/21/2025 2:30,-1
12/21/2025 2:45,-2
12/21/2025 3:00,-1
12/21/2025 3:15,-1
12/21/2025 3:30,-1
12/21/2025 3:45,-2
12/21/2025 4:00,-1
12/21/2025 4:15,-1
12/21/2025 4:30,-1
12/21/2025 4:45,-2
12/21/2025 5:00,-2
12/21/2025 5:15,-2
12/21/2025 5:30,-1
12/21/2025 5:45,-1
12/21/2025 6:00,-1
12/21/2025 6:15,-1
12/21/2025 6:30,-2
12/21/2025 6:45,-3
12/21/2025 7:00,-2
12/21/2025 7:15,-2
12/21/2025 7:30,-1
12/21/2025 7:45,-119
12/21/2025 8:00,-220
12/21/2025 8:15,-537
12/21/2025 8:30,-782
12/21/2025 8:45,-1148
12/21/2025 9:00,-884
12/21/2025 9:15,-1359
12/21/2025 9:30,-1257
12/21/2025 9:45,-1100
12/21/2025 10:00,-871
12/21/2025 10:15,-584
12/21/2025 10:30,-792
12/21/2025 10:45,-961
12/21/2025 11:00,-1019
12/21/2025 11:15,-1121
12/21/2025 11:30,-1180
12/21/2025 11:45,-801
12/21/2025 12:00,-967
12/21/2025 12:15,-1022
12/21/2025 12:30,-1162
12/21/2025 12:45,-1161
12/21/2025 13:00,-1137
12/21/2025 13:15,-1188
12/21/2025 13:30,-1195
12/21/2025 13:45,-1199
12/21/2025 14:00,-1071
12/21/2025 14:15,-1250
12/21/2025 14:30,-1388
12/21/2025 14:45,-1391
12/21/2025 15:00,-1450
12/21/2025 15:15,-1297
12/21/2025 15:30,-1046
12/21/2025 15:45,-717
12/21/2025 16:00,-515
12/21/2025 16:15,-298
12/21/2025 16:30,-126
12/21/2025 16:45,-34
12/21/2025 17:00,-2
12/21/2025 17:15,-3
12/21/2025 17:30,-2
12/21/2025 17:45,-2
12/21/2025 18:00,-2
12/21/2025 18:15,-2
12/21/2025 18:30,-2
12/21/2025 18:45,-2
12/21/2025 19:00,-2
12/21/2025 19:15,-2
12/21/2025 19:30,-1
12/21/2025 19:45,-2
12/21/2025 20:00,-1
12/21/2025 20:15,-2
12/21/2025 20:30,-2
12/21/2025 20:45,-2
12/21/2025 21:00,-2
12/21/2025 21:15,-1
12/21/2025 21:30,-1
12/21/2025 21:45,-1
12/21/2025 22:00,-1
12/21/2025 22:15,-1
12/21/2025 22:30,-1
12/21/2025 22:45,-1
12/21/2025 23:00,-1
12/21/2025 23:15,-3
12/21/2025 23:30,-1
12/21/2025 23:45,-1
12/22/2025 0:00,-1
12/22/2025 0:15,-2
12/22/2025 0:30,-1
12/22/2025 0:45,-1
12/22/2025 1:00,-1
12/22/2025 1:15,-1
12/22/2025 1:30,-1
12/22/2025 1:45,-1
12/22/2025 2:00,-1
12/22/2025 2:15,-2
12/22/2025 2:30,-2
12/22/2025 2:45,-1
12/22/2025 3:00,-2
12/22/2025 3:15,-1
12/22/2025 3:30,-1
12/22/2025 3:45,-1
12/22/2025 4:00,-1
12/22/2025 4:15,-2
12/22/2025 4:30,-1
12/22/2025 4:45,-2
12/22/2025 5:00,-2
12/22/2025 5:15,-2
12/22/2025 5:30,-1
12/22/2025 5:45,-2
12/22/2025 6:00,-2
12/22/2025 6:15,-2
12/22/2025 6:30,-2
12/22/2025 6:45,-2
12/22/2025 7:00,-2
12/22/2025 7:15,-3
12/22/2025 7:30,-35
12/22/2025 7:45,-177
12/22/2025 8:00,-422
12/22/2025 8:15,-691
12/22/2025 8:30,-702
12/22/2025 8:45,-1087
12/22/2025 9:00,-1313
12/22/2025 9:15,-1357
12/22/2025 9:30,-1360
12/22/2025 9:45,-1332
12/22/2025 10:00,-1303
12/22/2025 10:15,-1280
12/22/2025 10:30,-1243
12/22/2025 10:45,-1201
12/22/2025 11:00,-1174
12/22/2025 11:15,-1149
12/22/2025 11:30,-1121
12/22/2025 11:45,-1107
12/22/2025 12:00,-1052
12/22/2025 12:15,-1100
12/22/2025 12:30,-1115
12/22/2025 12:45,-1131
12/22/2025 13:00,-1156
12/22/2025 13:15,-1182
12/22/2025 13:30,-1224
12/22/2025 13:45,-1231
12/22/2025 14:00,-1274
12/22/2025 14:15,-1317
12/22/2025 14:30,-1322
12/22/2025 14:45,-1178
12/22/2025 15:00,-1080
12/22/2025 15:15,-1242
12/22/2025 15:30,-956
12/22/2025 15:45,-742
12/22/2025 16:00,-462
12/22/2025 16:15,-256
12/22/2025 16:30,-118
12/22/2025 16:45,-28
12/22/2025 17:00,-2
12/22/2025 17:15,-2
12/22/2025 17:30,-2
12/22/2025 17:45,-3
12/22/2025 18:00,-3
12/22/2025 18:15,-1
12/22/2025 18:30,-2
12/22/2025 18:45,-2
12/22/2025 19:00,-2
12/22/2025 19:15,-1
12/22/2025 19:30,-1
12/22/2025 19:45,-2
12/22/2025 20:00,-1
12/22/2025 20:15,-1
12/22/2025 20:30,-1
12/22/2025 20:45,-2
12/22/2025 21:00,-1
12/22/2025 21:15,-2
12/22/2025 21:30,-1
12/22/2025 21:45,-2
12/22/2025 22:00,-2
12/22/2025 22:15,-2
12/22/2025 22:30,-2
12/22/2025 22:45,-2
12/22/2025 23:00,-2
12/22/2025 23:15,-2
12/22/2025 23:30,-2
12/22/2025 23:45,-1
12/23/2025 0:00,-1
12/23/2025 0:15,-2
12/23/2025 0:30,-2
12/23/2025 0:45,-2
12/23/2025 1:00,-2
12/23/2025 1:15,-1
12/23/2025 1:30,-1
12/23/2025 1:45,-1
12/23/2025 2:00,-2
12/23/2025 2:15,-2
12/23/2025 2:30,-3
12/23/2025 2:45,-2
12/23/2025 3:00,-2
12/23/2025 3:15,-2
12/23/2025 3:30,-2
12/23/2025 3:45,-2
12/23/2025 4:00,-2
12/23/2025 4:15,-2
12/23/2025 4:30,-2
12/23/2025 4:45,-2
12/23/2025 5:00,-2
12/23/2025 5:15,-2
12/23/2025 5:30,-1
12/23/2025 5:45,-2
12/23/2025 6:00,-2
12/23/2025 6:15,-2
12/23/2025 6:30,-2
12/23/2025 6:45,-1
12/23/2025 7:00,-2
12/23/2025 7:15,-2
12/23/2025 7:30,-13
12/23/2025 7:45,-86
12/23/2025 8:00,-198
12/23/2025 8:15,-504
12/23/2025 8:30,-767
12/23/2025 8:45,-1026
12/23/2025 9:00,-1155
12/23/2025 9:15,-1295
12/23/2025 9:30,-1052
12/23/2025 9:45,-1248
12/23/2025 10:00,-1179
12/23/2025 10:15,-1257
12/23/2025 10:30,-1224
12/23/2025 10:45,-678
12/23/2025 11:00,-980
12/23/2025 11:15,-967
12/23/2025 11:30,-763
12/23/2025 11:45,-1059
12/23/2025 12:00,-672
12/23/2025 12:15,-946
12/23/2025 12:30,-621
12/23/2025 12:45,-1129
12/23/2025 13:00,-508
12/23/2025 13:15,-756
12/23/2025 13:30,-1094
12/23/2025 13:45,-553
12/23/2025 14:00,-416
12/23/2025 14:15,-501
12/23/2025 14:30,-603
12/23/2025 14:45,-454
12/23/2025 15:00,-252
12/23/2025 15:15,-176
12/23/2025 15:30,-184
12/23/2025 15:45,-153
12/23/2025 16:00,-154
12/23/2025 16:15,-126
12/23/2025 16:30,-80
12/23/2025 16:45,-24
12/23/2025 17:00,-2
12/23/2025 17:15,-2
12/23/2025 17:30,-2
12/23/2025 17:45,-2
12/23/2025 18:00,-2
12/23/2025 18:15,-2
12/23/2025 18:30,-1
12/23/2025 18:45,-2
12/23/2025 19:00,-2
12/23/2025 19:15,-2
12/23/2025 19:30,-2
12/23/2025 19:45,-1
12/23/2025 20:00,-1
12/23/2025 20:15,-2
12/23/2025 20:30,-2
12/23/2025 20:45,-2
12/23/2025 21:00,-2
12/23/2025 21:15,-2
12/23/2025 21:30,-2
12/23/2025 21:45,-2
12/23/2025 22:00,-2
12/23/2025 22:15,-2
12/23/2025 22:30,-2
12/23/2025 22:45,-2
12/23/2025 23:00,-2
12/23/2025 23:15,-2
12/23/2025 23:30,-2
12/23/2025 23:45,-2
12/24/2025 0:00,-2
12/24/2025 0:15,-2
12/24/2025 0:30,-2
12/24/2025 0:45,-2
12/24/2025 1:00,-2
12/24/2025 1:15,-2
12/24/2025 1:30,-2
12/24/2025 1:45,-2
12/24/2025 2:00,-2
12/24/2025 2:15,-2
12/24/2025 2:30,-2
12/24/2025 2:45,-2
12/24/2025 3:00,-2
12/24/2025 3:15,-2
12/24/2025 3:30,-2
12/24/2025 3:45,-2
12/24/2025 4:00,-2
12/24/2025 4:15,-2
12/24/2025 4:30,-2
12/24/2025 4:45,-2
12/24/2025 5:00,-2
12/24/2025 5:15,-2
12/24/2025 5:30,-2
12/24/2025 5:45,-2
12/24/2025 6:00,-2
12/24/2025 6:15,-2
12/24/2025 6:30,-2
12/24/2025 6:45,-2
12/24/2025 7:00,-2
12/24/2025 7:15,-2
12/24/2025 7:30,-2
12/24/2025 7:45,-17
12/24/2025 8:00,-49
12/24/2025 8:15,-168
12/24/2025 8:30,-118
12/24/2025 8:45,-221
12/24/2025 9:00,-250
12/24/2025 9:15,-236
12/24/2025 9:30,-1249
12/24/2025 9:45,-916
12/24/2025 10:00,-1279
12/24/2025 10:15,-1244
12/24/2025 10:30,-1210
12/24/2025 10:45,-1169
12/24/2025 11:00,-1125
12/24/2025 11:15,-1241
12/24/2025 11:30,-471
12/24/2025 11:45,-1175
12/24/2025 12:00,-1064
12/24/2025 12:15,-1067
12/24/2025 12:30,-1107
12/24/2025 12:45,-573
12/24/2025 13:00,-590
12/24/2025 13:15,-449
12/24/2025 13:30,-310
12/24/2025 13:45,-939
12/24/2025 14:00,-1134
12/24/2025 14:15,-588
12/24/2025 14:30,-407
12/24/2025 14:45,-393
12/24/2025 15:00,-206
12/24/2025 15:15,-151
12/24/2025 15:30,-105
12/24/2025 15:45,-50
12/24/2025 16:00,-30
12/24/2025 16:15,-31
12/24/2025 16:30,-48
12/24/2025 16:45,-21
12/24/2025 17:00,-2
12/24/2025 17:15,-2
12/24/2025 17:30,-3
12/24/2025 17:45,-2
12/24/2025 18:00,-3
12/24/2025 18:15,-2
12/24/2025 18:30,-2
12/24/2025 18:45,-2
12/24/2025 19:00,-2
12/24/2025 19:15,-2
12/24/2025 19:30,-2
12/24/2025 19:45,-3
12/24/2025 20:00,-2
12/24/2025 20:15,-3
12/24/2025 20:30,-2
12/24/2025 20:45,-2
12/24/2025 21:00,-3
12/24/2025 21:15,-3
12/24/2025 21:30,-2
12/24/2025 21:45,-2
12/24/2025 22:00,-2
12/24/2025 22:15,-2
12/24/2025 22:30,-2
12/24/2025 22:45,-3
12/24/2025 23:00,-2
12/24/2025 23:15,-2
12/24/2025 23:30,-2
12/24/2025 23:45,-3
12/25/2025 0:00,-2
12/25/2025 0:15,-3
12/25/2025 0:30,-2
12/25/2025 0:45,-2
12/25/2025 1:00,-2
12/25/2025 1:15,-2
12/25/2025 1:30,-2
12/25/2025 1:45,-2
12/25/2025 2:00,-2
12/25/2025 2:15,-2
12/25/2025 2:30,-2
12/25/2025 2:45,-2
12/25/2025 3:00,-2
12/25/2025 3:15,-2
12/25/2025 3:30,-2
12/25/2025 3:45,-2
12/25/2025 4:00,-2
12/25/2025 4:15,-2
12/25/2025 4:30,-2
12/25/2025 4:45,-2
12/25/2025 5:00,-2
12/25/2025 5:15,-2
12/25/2025 5:30,-2
12/25/2025 5:45,-2
12/25/2025 6:00,-2
12/25/2025 6:15,-2
12/25/2025 6:30,-2
12/25/2025 6:45,-2
12/25/2025 7:00,-2
12/25/2025 7:15,-2
12/25/2025 7:30,-2
12/25/2025 7:45,-2
12/25/2025 8:00,-2
12/25/2025 8:15,-2
12/25/2025 8:30,-18
12/25/2025 8:45,-38
12/25/2025 9:00,-116
12/25/2025 9:15,-47
12/25/2025 9:30,-81
12/25/2025 9:45,-175
12/25/2025 10:00,-162
12/25/2025 10:15,-202
12/25/2025 10:30,-224
12/25/2025 10:45,-156
12/25/2025 11:00,-136
12/25/2025 11:15,-277
12/25/2025 11:30,-296
12/25/2025 11:45,-515
12/25/2025 12:00,-393
12/25/2025 12:15,-501
12/25/2025 12:30,-123
12/25/2025 12:45,-102
12/25/2025 13:00,-230
12/25/2025 13:15,-499
12/25/2025 13:30,-713
12/25/2025 13:45,-1018
12/25/2025 14:00,-1450
12/25/2025 14:15,-369
12/25/2025 14:30,-282
12/25/2025 14:45,-103
12/25/2025 15:00,-98
12/25/2025 15:15,-603
12/25/2025 15:30,-1107
12/25/2025 15:45,-497
12/25/2025 16:00,-422
12/25/2025 16:15,-131
12/25/2025 16:30,-137
12/25/2025 16:45,-66
12/25/2025 17:00,-4
12/25/2025 17:15,-2
12/25/2025 17:30,-2
12/25/2025 17:45,-2
12/25/2025 18:00,-2
12/25/2025 18:15,-2
12/25/2025 18:30,-2
12/25/2025 18:45,-2
12/25/2025 19:00,-2
12/25/2025 19:15,-2
12/25/2025 19:30,-2
12/25/2025 19:45,-1
12/25/2025 20:00,-2
12/25/2025 20:15,-1
12/25/2025 20:30,-1
12/25/2025 20:45,-1
12/25/2025 21:00,-1
12/25/2025 21:15,-1
12/25/2025 21:30,-2
12/25/2025 21:45,-2
12/25/2025 22:00,-2
12/25/2025 22:15,-2
12/25/2025 22:30,-2
12/25/2025 22:45,-1
12/25/2025 23:00,-1
12/25/2025 23:15,-1
12/25/2025 23:30,-1
12/25/2025 23:45,-1
12/26/2025 0:00,-1
12/26/2025 0:15,-1
12/26/2025 0:30,-2
12/26/2025 0:45,-2
12/26/2025 1:00,-2
12/26/2025 1:15,-1
12/26/2025 1:30,-1
12/26/2025 1:45,-2
12/26/2025 2:00,-1
12/26/2025 2:15,-1
12/26/2025 2:30,-1
12/26/2025 2:45,-1
12/26/2025 3:00,-2
12/26/2025 3:15,-2
12/26/2025 3:30,-1
12/26/2025 3:45,-1
12/26/2025 4:00,-2
12/26/2025 4:15,-2
12/26/2025 4:30,-2
12/26/2025 4:45,-2
12/26/2025 5:00,-2
12/26/2025 5:15,-2
12/26/2025 5:30,-2
12/26/2025 5:45,-1
12/26/2025 6:00,-2
12/26/2025 6:15,-2
12/26/2025 6:30,-2
12/26/2025 6:45,-2
12/26/2025 7:00,-2
12/26/2025 7:15,-6
12/26/2025 7:30,-17
12/26/2025 7:45,-51
12/26/2025 8:00,-193
12/26/2025 8:15,-182
12/26/2025 8:30,-179
12/26/2025 8:45,-276
12/26/2025 9:00,-324
12/26/2025 9:15,-1433
12/26/2025 9:30,-1348
12/26/2025 9:45,-1149
12/26/2025 10:00,-875
12/26/2025 10:15,-1449
12/26/2025 10:30,-814
12/26/2025 10:45,-630
12/26/2025 11:00,-1494
12/26/2025 11:15,-1165
12/26/2025 11:30,-1169
12/26/2025 11:45,-1149
12/26/2025 12:00,-1153
12/26/2025 12:15,-1119
12/26/2025 12:30,-669
12/26/2025 12:45,-875
12/26/2025 13:00,-905
12/26/2025 13:15,-763
12/26/2025 13:30,-1367
12/26/2025 13:45,-340
12/26/2025 14:00,-917
12/26/2025 14:15,-1086
12/26/2025 14:30,-377
12/26/2025 14:45,-258
12/26/2025 15:00,-261
12/26/2025 15:15,-238
12/26/2025 15:30,-330
12/26/2025 15:45,-348
12/26/2025 16:00,-125
12/26/2025 16:15,-344
12/26/2025 16:30,-88
12/26/2025 16:45,-35
12/26/2025 17:00,-2
12/26/2025 17:15,-2
12/26/2025 17:30,-2
12/26/2025 17:45,-2
12/26/2025 18:00,-1
12/26/2025 18:15,-2
12/26/2025 18:30,-2
12/26/2025 18:45,-2
12/26/2025 19:00,-2
12/26/2025 19:15,-2
12/26/2025 19:30,-2
12/26/2025 19:45,-2
12/26/2025 20:00,-2
12/26/2025 20:15,-2
12/26/2025 20:30,-2
12/26/2025 20:45,-2
12/26/2025 21:00,-2
12/26/2025 21:15,-2
12/26/2025 21:30,-2
12/26/2025 21:45,-2
12/26/2025 22:00,-2
12/26/2025 22:15,-3
12/26/2025 22:30,-2
12/26/2025 22:45,-3
12/26/2025 23:00,-1
12/26/2025 23:15,-2
12/26/2025 23:30,-2
12/26/2025 23:45,-2
12/27/2025 0:00,-2
12/27/2025 0:15,-2
12/27/2025 0:30,-2
12/27/2025 0:45,-2
12/27/2025 1:00,-2
12/27/2025 1:15,-2
12/27/2025 1:30,-2
12/27/2025 1:45,-2
12/27/2025 2:00,-2
12/27/2025 2:15,-2
12/27/2025 2:30,-2
12/27/2025 2:45,-2
12/27/2025 3:00,-2
12/27/2025 3:15,-2
12/27/2025 3:30,-2
12/27/2025 3:45,-2
12/27/2025 4:00,-2
12/27/2025 4:15,-2
12/27/2025 4:30,-2
12/27/2025 4:45,-2
12/27/2025 5:00,-2
12/27/2025 5:15,-2
12/27/2025 5:30,-2
12/27/2025 5:45,-2
12/27/2025 6:00,-2
12/27/2025 6:15,-2
12/27/2025 6:30,-2
12/27/2025 6:45,-2
12/27/2025 7:00,-2
12/27/2025 7:15,-2
12/27/2025 7:30,-2
12/27/2025 7:45,-24
12/27/2025 8:00,-51
12/27/2025 8:15,-57
12/27/2025 8:30,-104
12/27/2025 8:45,-176
12/27/2025 9:00,-262
12/27/2025 9:15,-232
12/27/2025 9:30,-194
12/27/2025 9:45,-369
12/27/2025 10:00,-219
12/27/2025 10:15,-249
12/27/2025 10:30,-327
12/27/2025 10:45,-446
12/27/2025 11:00,-275
12/27/2025 11:15,-383
12/27/2025 11:30,-249
12/27/2025 11:45,-316
12/27/2025 12:00,-374
12/27/2025 12:15,-444
12/27/2025 12:30,-329
12/27/2025 12:45,-345
12/27/2025 13:00,-446
12/27/2025 13:15,-352
12/27/2025 13:30,-356
12/27/2025 13:45,-353
12/27/2025 14:00,-322
12/27/2025 14:15,-400
12/27/2025 14:30,-324
12/27/2025 14:45,-249
12/27/2025 15:00,-1186
12/27/2025 15:15,-262
12/27/2025 15:30,-220
12/27/2025 15:45,-510
12/27/2025 16:00,-602
12/27/2025 16:15,-374
12/27/2025 16:30,-70
12/27/2025 16:45,-27
12/27/2025 17:00,-2
12/27/2025 17:15,-2
12/27/2025 17:30,-2
12/27/2025 17:45,-2
12/27/2025 18:00,-2
12/27/2025 18:15,-2
12/27/2025 18:30,-2
12/27/2025 18:45,-2
12/27/2025 19:00,-2
12/27/2025 19:15,-2
12/27/2025 19:30,-2
12/27/2025 19:45,-2
12/27/2025 20:00,-2
12/27/2025 20:15,-2
12/27/2025 20:30,-2
12/27/2025 20:45,-2
12/27/2025 21:00,-2
12/27/2025 21:15,-2
12/27/2025 21:30,-2
12/27/2025 21:45,-2
12/27/2025 22:00,-2
12/27/2025 22:15,-2
12/27/2025 22:30,-2
12/27/2025 22:45,-2
12/27/2025 23:00,-1
12/27/2025 23:15,-2
12/27/2025 23:30,-2
12/27/2025 23:45,-2
12/28/2025 0:00,-2
12/28/2025 0:15,-2
12/28/2025 0:30,-2
12/28/2025 0:45,-2
12/28/2025 1:00,-2
12/28/2025 1:15,-2
12/28/2025 1:30,-2
12/28/2025 1:45,-2
12/28/2025 2:00,-2
12/28/2025 2:15,-2
12/28/2025 2:30,-2
12/28/2025 2:45,-2
12/28/2025 3:00,-1
12/28/2025 3:15,-2
12/28/2025 3:30,-2
12/28/2025 3:45,-2
12/28/2025 4:00,-2
12/28/2025 4:15,-2
12/28/2025 4:30,-2
12/28/2025 4:45,-2
12/28/2025 5:00,-2
12/28/2025 5:15,-2
12/28/2025 5:30,-2
12/28/2025 5:45,-2
12/28/2025 6:00,-2
12/28/2025 6:15,-2
12/28/2025 6:30,-2
12/28/2025 6:45,-2
12/28/2025 7:00,-2
12/28/2025 7:15,-1
12/28/2025 7:30,-15
12/28/2025 7:45,-40
12/28/2025 8:00,-288
12/28/2025 8:15,-575
12/28/2025 8:30,-868
12/28/2025 8:45,-1119
12/28/2025 9:00,-1350
12/28/2025 9:15,-1409
12/28/2025 9:30,-1403
12/28/2025 9:45,-1408
12/28/2025 10:00,-1387
12/28/2025 10:15,-1361
12/28/2025 10:30,-1326
12/28/2025 10:45,-1290
12/28/2025 11:00,-1257
12/28/2025 11:15,-1228
12/28/2025 11:30,-1205
12/28/2025 11:45,-1188
12/28/2025 12:00,-1175
12/28/2025 12:15,-1170
12/28/2025 12:30,-1175
12/28/2025 12:45,-1189
12/28/2025 13:00,-1213
12/28/2025 13:15,-1244
12/28/2025 13:30,-1273
12/28/2025 13:45,-1310
12/28/2025 14:00,-1343
12/28/2025 14:15,-1371
12/28/2025 14:30,-1391
12/28/2025 14:45,-1397
12/28/2025 15:00,-1388
12/28/2025 15:15,-1358
12/28/2025 15:30,-1190
12/28/2025 15:45,-861
12/28/2025 16:00,-534
12/28/2025 16:15,-313
12/28/2025 16:30,-147
12/28/2025 16:45,-44
12/28/2025 17:00,-4
12/28/2025 17:15,-2
12/28/2025 17:30,-2
12/28/2025 17:45,-2
12/28/2025 18:00,-1
12/28/2025 18:15,-2
12/28/2025 18:30,-1
12/28/2025 18:45,-1
12/28/2025 19:00,-1
12/28/2025 19:15,-1
12/28/2025 19:30,-1
12/28/2025 19:45,-1
12/28/2025 20:00,-1
12/28/2025 20:15,-1
12/28/2025 20:30,-1
12/28/2025 20:45,-1
12/28/2025 21:00,-1
12/28/2025 21:15,-1
12/28/2025 21:30,-1
12/28/2025 21:45,-1
12/28/2025 22:00,-1
12/28/2025 22:15,-1
12/28/2025 22:30,-1
12/28/2025 22:45,-1
12/28/2025 23:00,-1
12/28/2025 23:15,-1
12/28/2025 23:30,-1
12/28/2025 23:45,-1
12/29/2025 0:00,-1
12/29/2025 0:15,-1
12/29/2025 0:30,-1
12/29/2025 0:45,-1
12/29/2025 1:00,-1
12/29/2025 1:15,-1
12/29/2025 1:30,-1
12/29/2025 1:45,-1
12/29/2025 2:00,-1
12/29/2025 2:15,-1
12/29/2025 2:30,-1
12/29/2025 2:45,-1
12/29/2025 3:00,-1
12/29/2025 3:15,-1
12/29/2025 3:30,-1
12/29/2025 3:45,-1
12/29/2025 4:00,-1
12/29/2025 4:15,-1
12/29/2025 4:30,-1
12/29/2025 4:45,-1
12/29/2025 5:00,-1
12/29/2025 5:15,-2
12/29/2025 5:45,-1
12/29/2025 6:00,-1
12/29/2025 6:15,-1
12/29/2025 6:30,-1
12/29/2025 6:45,-1
12/29/2025 7:00,-1
12/29/2025 7:15,-1
12/29/2025 7:30,-3
12/29/2025 7:45,-110
12/29/2025 8:00,-308
12/29/2025 8:15,-590
12/29/2025 8:30,-866
12/29/2025 8:45,-1134
12/29/2025 9:00,-1362
12/29/2025 9:15,-1407
12/29/2025 9:30,-1413
12/29/2025 9:45,-1403
12/29/2025 10:00,-1379
12/29/2025 10:15,-1348
12/29/2025 10:30,-1307
12/29/2025 10:45,-1271
12/29/2025 11:00,-1236
12/29/2025 11:15,-1211
12/29/2025 11:30,-1191
12/29/2025 11:45,-1170
12/29/2025 12:00,-1161
12/29/2025 12:15,-1155
12/29/2025 12:30,-1163
12/29/2025 12:45,-1177
12/29/2025 13:00,-1193
12/29/2025 13:15,-1221
12/29/2025 13:30,-1251
12/29/2025 13:45,-1281
12/29/2025 14:00,-1311
12/29/2025 14:15,-1342
12/29/2025 14:30,-1366
12/29/2025 14:45,-1376
12/29/2025 15:00,-1370
12/29/2025 15:15,-1334
12/29/2025 15:30,-1179
12/29/2025 15:45,-863
12/29/2025 16:00,-534
12/29/2025 16:15,-321
12/29/2025 16:30,-152
12/29/2025 16:45,-46
12/29/2025 17:00,-13
12/29/2025 17:15,-2
12/29/2025 17:30,-2
12/29/2025 17:45,-2
12/29/2025 18:00,-2
12/29/2025 18:15,-2
12/29/2025 18:30,-2
12/29/2025 18:45,-1
12/29/2025 19:00,-1
12/29/2025 19:15,-1
12/29/2025 19:30,-1
12/29/2025 19:45,-1
12/29/2025 20:00,-1
12/29/2025 20:15,-1
12/29/2025 20:30,-1
12/29/2025 20:45,-1
12/29/2025 21:00,-1
12/29/2025 21:15,-1
12/29/2025 21:30,-1
12/29/2025 21:45,-1
12/29/2025 22:00,-1
12/29/2025 22:15,-1
12/29/2025 22:30,-1
12/29/2025 22:45,-1
12/29/2025 23:00,-1
12/29/2025 23:15,-1
12/29/2025 23:30,-1
12/29/2025 23:45,-1
12/30/2025 0:00,-1
12/30/2025 0:15,-1
12/30/2025 0:30,-1
12/30/2025 0:45,-1
12/30/2025 1:00,-1
12/30/2025 1:15,-1
12/30/2025 1:30,-1
12/30/2025 1:45,-1
12/30/2025 2:00,-1
12/30/2025 2:15,-1
12/30/2025 2:30,-1
12/30/2025 2:45,-1
12/30/2025 3:00,-1
12/30/2025 3:15,-1
12/30/2025 3:30,-1
12/30/2025 3:45,-1
12/30/2025 4:00,-1
12/30/2025 4:15,-1
12/30/2025 4:30,-2
12/30/2025 4:45,-1
12/30/2025 5:00,-1
12/30/2025 5:15,-1
12/30/2025 5:30,-1
12/30/2025 5:45,-1
12/30/2025 6:00,-1
12/30/2025 6:15,-2
12/30/2025 6:30,-1
12/30/2025 6:45,-1
12/30/2025 7:00,-1
12/30/2025 7:15,-1
12/30/2025 7:30,-17
12/30/2025 7:45,-108
12/30/2025 8:15,-563
12/30/2025 8:30,-839
12/30/2025 8:45,-1098
12/30/2025 9:00,-1346
12/30/2025 9:15,-1411
12/30/2025 9:30,-1410
12/30/2025 9:45,-1409
12/30/2025 10:00,-1384
12/30/2025 10:15,-1367
12/30/2025 10:30,-1338
12/30/2025 10:45,-1289
12/30/2025 11:00,-1252
12/30/2025 11:15,-1215
12/30/2025 11:30,-1190
12/30/2025 11:45,-1170
12/30/2025 12:00,-1160
12/30/2025 12:15,-1153
12/30/2025 12:30,-1159
12/30/2025 12:45,-1175
12/30/2025 13:00,-1179
12/30/2025 13:15,-1229
12/30/2025 13:30,-1282
12/30/2025 13:45,-1277
12/30/2025 14:00,-1343
12/30/2025 14:15,-1355
12/30/2025 14:30,-1343
12/30/2025 14:45,-1365
12/30/2025 15:00,-1220
12/30/2025 15:15,-1005
12/30/2025 15:30,-1094
12/30/2025 15:45,-714
12/30/2025 16:00,-443
12/30/2025 16:15,-311
12/30/2025 16:30,-153
12/30/2025 16:45,-56
12/30/2025 17:00,-14
12/30/2025 17:15,-2
12/30/2025 17:30,-2
12/30/2025 17:45,-2
12/30/2025 18:00,-2
12/30/2025 18:15,-2
12/30/2025 18:30,-1
12/30/2025 18:45,-1
12/30/2025 19:00,-1
12/30/2025 19:15,-1
12/30/2025 19:30,-1
12/30/2025 19:45,-1
12/30/2025 20:00,-1
12/30/2025 20:15,-1
12/30/2025 20:30,-1
12/30/2025 20:45,-1
12/30/2025 21:00,-1
12/30/2025 21:15,-1
12/30/2025 21:30,-1
12/30/2025 21:45,-1
12/30/2025 22:00,-1
12/30/2025 22:15,-1
12/30/2025 22:30,-1
12/30/2025 22:45,-1
12/30/2025 23:00,-1
12/30/2025 23:15,-1
12/30/2025 23:30,-1
12/30/2025 23:45,-1
12/31/2025 0:00,-1
12/31/2025 0:15,-1
12/31/2025 0:30,-1
12/31/2025 0:45,-1
12/31/2025 1:00,-1
12/31/2025 1:15,-1
12/31/2025 1:30,-1
12/31/2025 1:45,-1
12/31/2025 2:00,-1
12/31/2025 2:15,-1
12/31/2025 2:30,-1
12/31/2025 2:45,-1
12/31/2025 3:00,-1
12/31/2025 3:15,-1
12/31/2025 3:30,-1
12/31/2025 3:45,-1
12/31/2025 4:00,-1
12/31/2025 4:15,-1
12/31/2025 4:30,-1
12/31/2025 4:45,-2
12/31/2025 5:00,-1
12/31/2025 5:15,-1
12/31/2025 5:30,-1
12/31/2025 5:45,-1
12/31/2025 6:00,-1
12/31/2025 6:15,-1
12/31/2025 6:30,-1
12/31/2025 6:45,-1
12/31/2025 7:00,-1
12/31/2025 7:15,-1
12/31/2025 7:30,-1
12/31/2025 7:45,-67
12/31/2025 8:00,-183
12/31/2025 8:15,-385
12/31/2025 8:30,-608
12/31/2025 8:45,-876
12/31/2025 9:00,-1134
12/31/2025 9:15,-1255
12/31/2025 9:30,-1286
12/31/2025 9:45,-1313
12/31/2025 10:00,-1304
12/31/2025 10:15,-1314
12/31/2025 10:30,-1265
12/31/2025 10:45,-1263
12/31/2025 11:00,-1239
12/31/2025 11:15,-1202
12/31/2025 11:30,-1173
12/31/2025 11:45,-1140
12/31/2025 12:00,-1117
12/31/2025 12:15,-1115
12/31/2025 12:30,-1125
12/31/2025 12:45,-1128
12/31/2025 13:00,-1139
12/31/2025 13:15,-1207
12/31/2025 13:30,-1243
12/31/2025 13:45,-1254
12/31/2025 14:00,-1277
12/31/2025 14:15,-1275
12/31/2025 14:30,-1300
12/31/2025 14:45,-1297
12/31/2025 15:00,-1298
12/31/2025 15:15,-866
12/31/2025 15:30,-861
12/31/2025 15:45,-605
12/31/2025 16:00,-561
12/31/2025 16:15,-309
12/31/2025 16:30,-74
12/31/2025 16:45,-37
12/31/2025 17:00,-5
12/31/2025 17:15,-2
12/31/2025 17:30,-2
12/31/2025 17:45,-2
12/31/2025 18:00,-1
12/31/2025 18:15,-1
12/31/2025 18:30,-2
12/31/2025 18:45,-1
12/31/2025 19:00,-1
12/31/2025 19:15,-2
12/31/2025 19:30,-1
12/31/2025 19:45,-2
12/31/2025 20:00,-2
12/31/2025 20:15,-2
12/31/2025 20:30,-1
12/31/2025 20:45,-1
12/31/2025 21:00,-2
12/31/2025 21:15,-1
12/31/2025 21:30,-1
12/31/2025 21:45,-1
12/31/2025 22:00,-2
12/31/2025 22:15,-2
12/31/2025 22:30,-1
12/31/2025 22:45,-1
12/31/2025 23:00,-2
12/31/2025 23:15,-1
12/31/2025 23:30,-2
12/31/2025 23:45,-2
1/1/2026 0:00,-1
1/1/2026 0:15,-2
1/1/2026 0:30,-2
1/1/2026 0:45,-2
1/1/2026 1:00,-2
1/1/2026 1:15,-2
1/1/2026 1:30,-2
1/1/2026 1:45,-2
1/1/2026 2:00,-2
1/1/2026 2:15,-2
1/1/2026 2:30,-2
1/1/2026 2:45,-2
1/1/2026 3:00,-2
1/1/2026 3:15,-2
1/1/2026 3:30,-2
1/1/2026 3:45,-2
1/1/2026 4:00,-2
1/1/2026 4:15,-2
1/1/2026 4:30,-2
1/1/2026 4:45,-2
1/1/2026 5:00,-2
1/1/2026 5:15,-2
1/1/2026 5:30,-2
1/1/2026 5:45,-2
1/1/2026 6:00,-2
1/1/2026 6:15,-2
1/1/2026 6:30,-2
1/1/2026 6:45,-2
1/1/2026 7:00,-2
1/1/2026 7:15,-2
1/1/2026 7:30,-2
1/1/2026 7:45,-2
1/1/2026 8:00,-17
1/1/2026 8:15,-35
1/1/2026 8:30,-65
1/1/2026 8:45,-117
1/1/2026 9:00,-96
1/1/2026 9:15,-126
1/1/2026 9:30,-118
1/1/2026 9:45,-121
1/1/2026 10:00,-108
1/1/2026 10:15,-106
1/1/2026 10:30,-128
1/1/2026 10:45,-165
1/1/2026 11:00,-244
1/1/2026 11:15,-141
1/1/2026 11:30,-210
1/1/2026 11:45,-222
1/1/2026 12:00,-338
1/1/2026 12:15,-306
1/1/2026 12:30,-377
1/1/2026 12:45,-372
1/1/2026 13:00,-330
1/1/2026 13:15,-551
1/1/2026 13:30,-405
1/1/2026 13:45,-288
1/1/2026 14:00,-136
1/1/2026 14:15,-150
1/1/2026 14:30,-145
1/1/2026 14:45,-150
1/1/2026 15:00,-105
1/1/2026 15:15,-85
1/1/2026 15:30,-62
1/1/2026 15:45,-67
1/1/2026 16:00,-54
1/1/2026 16:15,-63
1/1/2026 16:30,-54
1/1/2026 16:45,-26
1/1/2026 17:00,-2
1/1/2026 17:15,-2
1/1/2026 17:30,-2
1/1/2026 17:45,-2
1/1/2026 18:00,-2
1/1/2026 18:15,-2
1/1/2026 18:30,-2
1/1/2026 18:45,-2
1/1/2026 19:00,-2
1/1/2026 19:15,-2
1/1/2026 19:30,-2
1/1/2026 19:45,-2
1/1/2026 20:00,-2
1/1/2026 20:15,-2
1/1/2026 20:30,-2
1/1/2026 20:45,-2
1/1/2026 21:00,-2
1/1/2026 21:15,-2
1/1/2026 21:30,-2
1/1/2026 21:45,-2
1/1/2026 22:00,-2
1/1/2026 22:15,-2
1/1/2026 22:30,-2
1/1/2026 22:45,-2
1/1/2026 23:00,-2
1/1/2026 23:15,-2
1/1/2026 23:30,-2
1/1/2026 23:45,-2
1/2/2026 0:00,-2
1/2/2026 0:15,-2
1/2/2026 0:30,-2
1/2/2026 0:45,-2
1/2/2026 1:00,-2
1/2/2026 1:15,-2
1/2/2026 1:30,-2
1/2/2026 1:45,-2
1/2/2026 2:00,-2
1/2/2026 2:15,-2
1/2/2026 2:30,-2
1/2/2026 2:45,-2
1/2/2026 3:00,-2
1/2/2026 3:15,-2
1/2/2026 3:30,-2
1/2/2026 3:45,-2
1/2/2026 4:00,-2
1/2/2026 4:15,-2
1/2/2026 4:30,-2
1/2/2026 4:45,-2
1/2/2026 5:00,-2
1/2/2026 5:15,-2
1/2/2026 5:30,-2
1/2/2026 5:45,-2
1/2/2026 6:00,-2
1/2/2026 6:15,-2
1/2/2026 6:30,-2
1/2/2026 6:45,-2
1/2/2026 7:00,-2
1/2/2026 7:15,-2
1/2/2026 7:30,-2
1/2/2026 7:45,-5
1/2/2026 8:00,-52
1/2/2026 8:15,-124
1/2/2026 8:30,-99
1/2/2026 8:45,-160
1/2/2026 9:00,-31
1/2/2026 9:15,-19
1/2/2026 9:30,-135
1/2/2026 9:45,-562
1/2/2026 10:00,-1360
1/2/2026 10:15,-1568
1/2/2026 10:30,-298
1/2/2026 10:45,-1506
1/2/2026 11:00,-307
1/2/2026 11:15,-1172
1/2/2026 11:30,-1233
1/2/2026 11:45,-1165
1/2/2026 12:00,-1171
1/2/2026 12:15,-1169
1/2/2026 12:30,-1172
1/2/2026 12:45,-1181
1/2/2026 13:00,-1198
1/2/2026 13:15,-1225
1/2/2026 13:30,-1244
1/2/2026 13:45,-1264
1/2/2026 14:00,-1304
1/2/2026 14:15,-1335
1/2/2026 14:30,-1368
1/2/2026 14:45,-1378
1/2/2026 15:00,-1374
1/2/2026 15:15,-1341
1/2/2026 15:30,-1220
1/2/2026 15:45,-937
1/2/2026 16:00,-584
1/2/2026 16:15,-355
1/2/2026 16:30,-179
1/2/2026 16:45,-63
1/2/2026 17:00,-15
1/2/2026 17:15,-2
1/2/2026 17:30,-2
1/2/2026 17:45,-2
1/2/2026 18:00,-2
1/2/2026 18:15,-2
1/2/2026 18:30,-2
1/2/2026 18:45,-2
1/2/2026 19:00,-2
1/2/2026 19:15,-2
1/2/2026 19:30,-2
1/2/2026 19:45,-1
1/2/2026 20:00,-2
1/2/2026 20:15,-2
1/2/2026 20:30,-2
1/2/2026 20:45,-2
1/2/2026 21:00,-2
1/2/2026 21:15,-1
1/2/2026 21:30,-2
1/2/2026 21:45,-1
1/2/2026 22:00,-1
1/2/2026 22:15,-1
1/2/2026 22:30,-1
1/2/2026 22:45,-1
1/2/2026 23:00,-1
1/2/2026 23:15,-1
1/2/2026 23:30,-2
1/2/2026 23:45,-1
1/3/2026 0:00,-2
1/3/2026 0:15,-1
1/3/2026 0:30,-1
1/3/2026 0:45,-1
1/3/2026 1:00,-1
1/3/2026 1:15,-1
1/3/2026 1:30,-1
1/3/2026 1:45,-1
1/3/2026 2:00,-2
1/3/2026 2:15,-2
1/3/2026 2:30,-2
1/3/2026 2:45,-2
1/3/2026 3:00,-2
1/3/2026 3:15,-2
1/3/2026 3:30,-2
1/3/2026 3:45,-2
1/3/2026 4:00,-2
1/3/2026 4:15,-2
1/3/2026 4:30,-2
1/3/2026 4:45,-2
1/3/2026 5:00,-2
1/3/2026 5:15,-2
1/3/2026 5:30,-2
1/3/2026 5:45,-2
1/3/2026 6:00,-2
1/3/2026 6:15,-2
1/3/2026 6:30,-2
1/3/2026 6:45,-2
1/3/2026 7:00,-2
1/3/2026 7:15,-2
1/3/2026 7:30,-2
1/3/2026 7:45,-10
1/3/2026 8:00,-39
1/3/2026 8:15,-49
1/3/2026 8:30,-86
1/3/2026 8:45,-132
1/3/2026 9:00,-123
1/3/2026 9:15,-195
1/3/2026 9:30,-265
1/3/2026 9:45,-287
1/3/2026 10:00,-290
1/3/2026 10:15,-589
1/3/2026 10:30,-646
1/3/2026 10:45,-686
1/3/2026 11:00,-1252
1/3/2026 11:15,-661
1/3/2026 11:30,-523
1/3/2026 11:45,-662
1/3/2026 12:00,-901
1/3/2026 12:15,-1012
1/3/2026 12:30,-662
1/3/2026 12:45,-573
1/3/2026 13:00,-1260
1/3/2026 13:15,-986
1/3/2026 13:30,-1295
1/3/2026 13:45,-808
1/3/2026 14:00,-948
1/3/2026 14:15,-319
1/3/2026 14:30,-397
1/3/2026 14:45,-380
1/3/2026 15:00,-512
1/3/2026 15:15,-463
1/3/2026 15:30,-295
1/3/2026 15:45,-295
1/3/2026 16:00,-166
1/3/2026 16:15,-147
1/3/2026 16:30,-69
1/3/2026 16:45,-39
1/3/2026 17:00,-15
1/3/2026 17:15,-2
1/3/2026 17:30,-2
1/3/2026 17:45,-2
1/3/2026 18:00,-2
1/3/2026 18:15,-2
1/3/2026 18:30,-2
1/3/2026 18:45,-2
1/3/2026 19:00,-2
1/3/2026 19:15,-2
1/3/2026 19:30,-2
1/3/2026 19:45,-2
1/3/2026 20:00,-2
1/3/2026 20:15,-2
1/3/2026 20:30,-2
1/3/2026 20:45,-2
1/3/2026 21:00,-2
1/3/2026 21:15,-2
1/3/2026 21:30,-2
1/3/2026 21:45,-2
1/3/2026 22:00,-2
1/3/2026 22:15,-2
1/3/2026 22:30,-2
1/3/2026 22:45,-2
1/3/2026 23:00,-2
1/3/2026 23:15,-2
1/3/2026 23:30,-2
1/3/2026 23:45,-2
1/4/2026 0:00,-2
1/4/2026 0:15,-2
1/4/2026 0:30,-2
1/4/2026 0:45,-2
1/4/2026 1:00,-2
1/4/2026 1:15,-2
1/4/2026 1:30,-2
1/4/2026 1:45,-2
1/4/2026 2:00,-2
1/4/2026 2:15,-2
1/4/2026 2:30,-2
1/4/2026 2:45,-2
1/4/2026 3:00,-2
1/4/2026 3:15,-2
1/4/2026 3:30,-2
1/4/2026 3:45,-2
1/4/2026 4:00,-2
1/4/2026 4:15,-2
1/4/2026 4:30,-2
1/4/2026 4:45,-2
1/4/2026 5:00,-2
1/4/2026 5:15,-2
1/4/2026 5:30,-2
1/4/2026 5:45,-2
1/4/2026 6:00,-2
1/4/2026 6:15,-2
1/4/2026 6:30,-1
1/4/2026 6:45,-2
1/4/2026 7:00,-2
1/4/2026 7:15,-1
1/4/2026 7:30,-4
1/4/2026 7:45,-101
1/4/2026 8:00,-278
1/4/2026 8:15,-518
1/4/2026 8:30,-796
1/4/2026 8:45,-1073
1/4/2026 9:00,-1296
1/4/2026 9:15,-1363
1/4/2026 9:30,-1370
1/4/2026 9:45,-1367
1/4/2026 10:00,-1349
1/4/2026 10:15,-1313
1/4/2026 10:30,-1286
1/4/2026 10:45,-1251
1/4/2026 11:00,-1218
1/4/2026 11:15,-1185
1/4/2026 11:30,-1165
1/4/2026 11:45,-1146
1/4/2026 12:00,-1134
1/4/2026 12:15,-1135
1/4/2026 12:30,-1142
1/4/2026 12:45,-1158
1/4/2026 13:00,-1181
1/4/2026 13:15,-1201
1/4/2026 13:30,-1234
1/4/2026 13:45,-1265
1/4/2026 14:00,-1301
1/4/2026 14:15,-1333
1/4/2026 14:30,-1362
1/4/2026 14:45,-1377
1/4/2026 15:00,-1390
1/4/2026 15:15,-1376
1/4/2026 15:30,-1238
1/4/2026 15:45,-974
1/4/2026 16:00,-658
1/4/2026 16:15,-385
1/4/2026 16:30,-208
1/4/2026 16:45,-79
1/4/2026 17:00,-17
1/4/2026 17:15,-2
1/4/2026 17:30,-2
1/4/2026 17:45,-2
1/4/2026 18:00,-2
1/4/2026 18:15,-1
1/4/2026 18:30,-2
1/4/2026 18:45,-1
1/4/2026 19:00,-2
1/4/2026 19:15,-1
1/4/2026 19:30,-1
1/4/2026 19:45,-1
1/4/2026 20:00,-1
1/4/2026 20:15,-1
1/4/2026 20:30,-1
1/4/2026 20:45,-1
1/4/2026 21:00,-1
1/4/2026 21:15,-1
1/4/2026 21:30,-1
1/4/2026 21:45,-1
1/4/2026 22:00,-1
1/4/2026 22:15,-1
1/4/2026 22:30,-2
1/4/2026 22:45,-1
1/4/2026 23:00,-1
1/4/2026 23:15,-1
1/4/2026 23:30,-3
1/4/2026 23:45,-2
1/5/2026 0:00,-1
1/5/2026 0:15,-1
1/5/2026 0:30,-1
1/5/2026 0:45,-1
1/5/2026 1:00,-1
1/5/2026 1:15,-1
1/5/2026 1:30,-2
1/5/2026 1:45,-1
1/5/2026 2:00,-1
1/5/2026 2:15,-2
1/5/2026 2:30,-1
1/5/2026 2:45,-1
1/5/2026 3:00,-1
1/5/2026 3:15,-1
1/5/2026 3:30,-1
1/5/2026 3:45,-1
1/5/2026 4:00,-1
1/5/2026 4:15,-1
1/5/2026 4:30,-1
1/5/2026 4:45,-1
1/5/2026 5:00,-2
1/5/2026 5:15,-1
1/5/2026 5:30,-1
1/5/2026 5:45,-2
1/5/2026 6:00,-1
1/5/2026 6:15,-1
1/5/2026 6:30,-1
1/5/2026 6:45,-1
1/5/2026 7:00,-1
1/5/2026 7:15,-1
1/5/2026 7:30,-1
1/5/2026 7:45,-29
1/5/2026 8:00,-57
1/5/2026 8:15,-71
1/5/2026 8:30,-43
1/5/2026 8:45,-101
1/5/2026 9:00,-130
1/5/2026 9:15,-496
1/5/2026 9:30,-411
1/5/2026 9:45,-249
1/5/2026 10:00,-439
1/5/2026 10:15,-417
1/5/2026 10:30,-245
1/5/2026 10:45,-289
1/5/2026 11:00,-448
1/5/2026 11:15,-1523
1/5/2026 11:30,-1533
1/5/2026 11:45,-1221
1/5/2026 12:00,-1215
1/5/2026 12:15,-1398
1/5/2026 12:30,-1406
1/5/2026 12:45,-1098
1/5/2026 13:00,-759
1/5/2026 13:15,-363
1/5/2026 13:30,-1371
1/5/2026 13:45,-1435
1/5/2026 14:00,-1571
1/5/2026 14:15,-1600
1/5/2026 14:30,-1610
1/5/2026 14:45,-1500
1/5/2026 15:00,-1304
1/5/2026 15:15,-219
1/5/2026 15:30,-140
1/5/2026 15:45,-693
1/5/2026 16:00,-720
1/5/2026 16:15,-197
1/5/2026 16:30,-81
1/5/2026 16:45,-28
1/5/2026 17:00,-15
1/5/2026 17:15,-2
1/5/2026 17:30,-2
1/5/2026 17:45,-2
1/5/2026 18:00,-2
1/5/2026 18:15,-2
1/5/2026 18:30,-2
1/5/2026 18:45,-2
1/5/2026 19:00,-2
1/5/2026 19:15,-1
1/5/2026 19:30,-2
1/5/2026 19:45,-1
1/5/2026 20:00,-1
1/5/2026 20:15,-1
1/5/2026 20:30,-1
1/5/2026 20:45,-1
1/5/2026 21:00,-1
1/5/2026 21:15,-1
1/5/2026 21:30,-2
1/5/2026 21:45,-1
1/5/2026 22:00,-2
1/5/2026 22:15,-1
1/5/2026 22:30,-2
1/5/2026 22:45,-1
1/5/2026 23:00,-1
1/5/2026 23:15,-1
1/5/2026 23:30,-1
1/5/2026 23:45,-1
1/6/2026 0:00,-1
1/6/2026 0:15,-2
1/6/2026 0:30,-1
1/6/2026 0:45,-1
1/6/2026 1:00,-1
1/6/2026 1:15,-1
1/6/2026 1:30,-1
1/6/2026 1:45,-1
1/6/2026 2:00,-1
1/6/2026 2:15,-1
1/6/2026 2:30,-1
1/6/2026 2:45,-1
1/6/2026 3:00,-2
1/6/2026 3:15,-1
1/6/2026 3:30,-1
1/6/2026 3:45,-1
1/6/2026 4:00,-1
1/6/2026 4:15,-1
1/6/2026 4:30,-1
1/6/2026 4:45,-2
1/6/2026 5:00,-1
1/6/2026 5:15,-2
1/6/2026 5:30,-2
1/6/2026 5:45,-2
1/6/2026 6:00,-1
1/6/2026 6:15,-2
1/6/2026 6:30,-2
1/6/2026 6:45,-1
1/6/2026 7:00,-1
1/6/2026 7:15,-2
1/6/2026 7:30,-2
1/6/2026 7:45,-96
1/6/2026 8:00,-259
1/6/2026 8:15,-585
1/6/2026 8:30,-816
1/6/2026 8:45,-1090
1/6/2026 9:00,-1323
1/6/2026 9:15,-1420
1/6/2026 9:30,-1403
1/6/2026 9:45,-1342
1/6/2026 10:00,-1406
1/6/2026 10:15,-1371
1/6/2026 10:30,-1250
1/6/2026 10:45,-1315
1/6/2026 11:00,-1131
1/6/2026 11:15,-1224
1/6/2026 11:30,-1195
1/6/2026 11:45,-1183
1/6/2026 12:00,-1097
1/6/2026 12:15,-1032
1/6/2026 12:30,-1205
1/6/2026 12:45,-1012
1/6/2026 13:00,-1304
1/6/2026 13:15,-1324
1/6/2026 13:30,-1335
1/6/2026 13:45,-1288
1/6/2026 14:00,-1293
1/6/2026 14:15,-1305
1/6/2026 14:30,-1376
1/6/2026 14:45,-1193
1/6/2026 15:00,-870
1/6/2026 15:15,-1074
1/6/2026 15:30,-760
1/6/2026 15:45,-269
1/6/2026 16:00,-269
1/6/2026 16:15,-203
1/6/2026 16:30,-218
1/6/2026 16:45,-63
1/6/2026 17:00,-19
1/6/2026 17:15,-2
1/6/2026 17:30,-2
1/6/2026 17:45,-1
1/6/2026 18:00,-1
1/6/2026 18:15,-1
1/6/2026 18:30,-1
1/6/2026 18:45,-2
1/6/2026 19:00,-2
1/6/2026 19:15,-2
1/6/2026 19:30,-1
1/6/2026 19:45,-1
1/6/2026 20:00,-1
1/6/2026 20:15,-1
1/6/2026 20:30,-1
1/6/2026 20:45,-1
1/6/2026 21:00,-2
1/6/2026 21:15,-1
1/6/2026 21:30,-1
1/6/2026 21:45,-1
1/6/2026 22:00,-1
1/6/2026 22:15,-2
1/6/2026 22:30,-2
1/6/2026 22:45,-1
1/6/2026 23:00,-1
1/6/2026 23:15,-1
1/6/2026 23:30,-2
1/6/2026 23:45,-1
1/7/2026 0:00,-1
1/7/2026 0:15,-1
1/7/2026 0:30,-2
1/7/2026 0:45,-1
1/7/2026 1:00,-1
1/7/2026 1:15,-1
1/7/2026 1:30,-1
1/7/2026 1:45,-2
1/7/2026 2:00,-2
1/7/2026 2:15,-2
1/7/2026 2:30,-2
1/7/2026 2:45,-2
1/7/2026 3:00,-2
1/7/2026 3:15,-2
1/7/2026 3:30,-2
1/7/2026 3:45,-2
1/7/2026 4:00,-2
1/7/2026 4:15,-2
1/7/2026 4:30,-2
1/7/2026 4:45,-2
1/7/2026 5:00,-2
1/7/2026 5:15,-2
1/7/2026 5:30,-2
1/7/2026 5:45,-2
1/7/2026 6:00,-2
1/7/2026 6:15,-2
1/7/2026 6:30,-2
1/7/2026 6:45,-2
1/7/2026 7:00,-2
1/7/2026 7:15,-2
1/7/2026 7:30,-2
1/7/2026 7:45,-34
1/7/2026 8:00,-283
1/7/2026 8:15,-254
1/7/2026 8:30,-294
1/7/2026 8:45,-360
1/7/2026 9:00,-406
1/7/2026 9:15,-352
1/7/2026 9:30,-385
1/7/2026 9:45,-483
1/7/2026 10:00,-534
1/7/2026 10:15,-576
1/7/2026 10:30,-631
1/7/2026 10:45,-640
1/7/2026 11:00,-505
1/7/2026 11:15,-702
1/7/2026 11:30,-637
1/7/2026 11:45,-637
1/7/2026 12:00,-623
1/7/2026 12:15,-580
1/7/2026 12:30,-598
1/7/2026 12:45,-530
1/7/2026 13:00,-577
1/7/2026 13:15,-523
1/7/2026 13:30,-493
1/7/2026 13:45,-428
1/7/2026 14:00,-356
1/7/2026 14:15,-411
1/7/2026 14:30,-421
1/7/2026 14:45,-361
1/7/2026 15:00,-312
1/7/2026 15:15,-299
1/7/2026 15:30,-236
1/7/2026 15:45,-157
1/7/2026 16:00,-134
1/7/2026 16:15,-125
1/7/2026 16:30,-80
1/7/2026 16:45,-33
1/7/2026 17:00,-11
1/7/2026 17:15,-2
1/7/2026 17:30,-2
1/7/2026 17:45,-2
1/7/2026 18:00,-2
1/7/2026 18:15,-2
1/7/2026 18:30,-2
1/7/2026 18:45,-2
1/7/2026 19:00,-2
1/7/2026 19:15,-2
1/7/2026 19:30,-2
1/7/2026 19:45,-2
1/7/2026 20:00,-2
1/7/2026 20:15,-2
1/7/2026 20:30,-2
1/7/2026 20:45,-2
1/7/2026 21:00,-2
1/7/2026 21:15,-2
1/7/2026 21:30,-2
1/7/2026 21:45,-2
1/7/2026 22:00,-2
1/7/2026 22:15,-2
1/7/2026 22:30,-2
1/7/2026 22:45,-2
1/7/2026 23:00,-2
1/7/2026 23:15,-2
1/7/2026 23:30,-2
1/7/2026 23:45,-2
1/8/2026 0:00,-2
1/8/2026 0:15,-2
1/8/2026 0:30,-2
1/8/2026 0:45,-2
1/8/2026 1:00,-2
1/8/2026 1:15,-2
1/8/2026 1:30,-2
1/8/2026 1:45,-2
1/8/2026 2:00,-2
1/8/2026 2:15,-2
1/8/2026 2:30,-2
1/8/2026 2:45,-2
1/8/2026 3:00,-2
1/8/2026 3:15,-2
1/8/2026 3:30,-2
1/8/2026 3:45,-2
1/8/2026 4:00,-2
1/8/2026 4:15,-2
1/8/2026 4:30,-2
1/8/2026 4:45,-2
1/8/2026 5:00,-2
1/8/2026 5:15,-2
1/8/2026 5:30,-2
1/8/2026 5:45,-2
1/8/2026 6:00,-2
1/8/2026 6:15,-2
1/8/2026 6:30,-2
1/8/2026 6:45,-2
1/8/2026 7:00,-2
1/8/2026 7:15,-2
1/8/2026 7:30,-2
1/8/2026 7:45,-13
1/8/2026 8:00,-28
1/8/2026 8:15,-143
1/8/2026 8:30,-454
1/8/2026 8:45,-1095
1/8/2026 9:00,-1368
1/8/2026 9:15,-1418
1/8/2026 9:30,-1443
1/8/2026 9:45,-491
1/8/2026 10:00,-414
1/8/2026 10:15,-857
1/8/2026 10:30,-324
1/8/2026 10:45,-1182
1/8/2026 11:00,-1490
1/8/2026 11:15,-312
1/8/2026 11:30,-418
1/8/2026 11:45,-702
1/8/2026 12:00,-691
1/8/2026 12:15,-414
1/8/2026 12:30,-499
1/8/2026 12:45,-636
1/8/2026 13:00,-326
1/8/2026 13:15,-539
1/8/2026 13:30,-912
1/8/2026 13:45,-695
1/8/2026 14:00,-993
1/8/2026 14:15,-1542
1/8/2026 14:30,-243
1/8/2026 14:45,-251
1/8/2026 15:00,-234
1/8/2026 15:15,-341
1/8/2026 15:30,-282
1/8/2026 15:45,-106
1/8/2026 16:00,-131
1/8/2026 16:15,-88
1/8/2026 16:30,-57
1/8/2026 16:45,-29
1/8/2026 17:00,-6
1/8/2026 17:15,-2
1/8/2026 17:30,-2
1/8/2026 17:45,-2
1/8/2026 18:00,-2
1/8/2026 18:15,-2
1/8/2026 18:30,-2
1/8/2026 18:45,-2
1/8/2026 19:00,-2
1/8/2026 19:15,-2
1/8/2026 19:30,-2
1/8/2026 19:45,-2
1/8/2026 20:00,-2
1/8/2026 20:15,-2
1/8/2026 20:30,-2
1/8/2026 20:45,-2
1/8/2026 21:00,-2
1/8/2026 21:15,-2
1/8/2026 21:30,-2
1/8/2026 21:45,-2
1/8/2026 22:00,-2
1/8/2026 22:15,-2
1/8/2026 22:30,-2
1/8/2026 22:45,-2
1/8/2026 23:00,-2
1/8/2026 23:15,-2
1/8/2026 23:30,-2
1/8/2026 23:45,-2
1/9/2026 0:00,-2
1/9/2026 0:15,-2
1/9/2026 0:30,-2
1/9/2026 0:45,-2
1/9/2026 1:00,-2
1/9/2026 1:15,-2
1/9/2026 1:45,-2
1/9/2026 2:00,-2
1/9/2026 2:15,-2
1/9/2026 2:30,-2
1/9/2026 2:45,-2
1/9/2026 3:00,-2
1/9/2026 3:15,-2
1/9/2026 3:30,-2
1/9/2026 3:45,-2
1/9/2026 4:00,-2
1/9/2026 4:15,-1
1/9/2026 4:30,-1
1/9/2026 4:45,-1
1/9/2026 5:00,-1
1/9/2026 5:15,-2
1/9/2026 5:30,-1
1/9/2026 5:45,-1
1/9/2026 6:00,-1
1/9/2026 6:15,-2
1/9/2026 6:30,-2
1/9/2026 6:45,-1
1/9/2026 7:00,-1
1/9/2026 7:15,-1
1/9/2026 7:30,-1
1/9/2026 7:45,-2
1/9/2026 8:00,-1
1/9/2026 8:15,-5
1/9/2026 8:30,-41
1/9/2026 8:45,-77
1/9/2026 9:00,-95
1/9/2026 9:15,-241
1/9/2026 9:30,-440
1/9/2026 9:45,-562
1/9/2026 10:00,-1247
1/9/2026 10:15,-1412
1/9/2026 10:30,-1488
1/9/2026 10:45,-1479
1/9/2026 11:00,-1458
1/9/2026 11:15,-1441
1/9/2026 11:30,-1429
1/9/2026 11:45,-1420
1/9/2026 12:00,-1412
1/9/2026 12:15,-1407
1/9/2026 12:30,-1410
1/9/2026 12:45,-1417
1/9/2026 13:00,-1433
1/9/2026 13:15,-1437
1/9/2026 13:30,-1465
1/9/2026 13:45,-1488
1/9/2026 14:00,-1502
1/9/2026 14:15,-1511
1/9/2026 14:30,-1517
1/9/2026 14:45,-1502
1/9/2026 15:00,-1487
1/9/2026 15:15,-1435
1/9/2026 15:30,-1370
1/9/2026 15:45,-1096
1/9/2026 16:00,-704
1/9/2026 16:15,-456
1/9/2026 16:30,-260
1/9/2026 16:45,-119
1/9/2026 17:00,-33
1/9/2026 17:15,-6
1/9/2026 17:30,-2
1/9/2026 17:45,-1
1/9/2026 18:00,-2
1/9/2026 18:15,-1
1/9/2026 18:30,-1
1/9/2026 18:45,-1
1/9/2026 19:00,-1
1/9/2026 19:15,-1
1/9/2026 19:30,-1
1/9/2026 19:45,-1
1/9/2026 20:00,-1
1/9/2026 20:15,-1
1/9/2026 20:30,-1
1/9/2026 20:45,-1
1/9/2026 21:00,-1
1/9/2026 21:15,-1
1/9/2026 21:30,-1
1/9/2026 21:45,-1
1/9/2026 22:00,-1
1/9/2026 22:15,-1
1/9/2026 22:30,-1
1/9/2026 22:45,-1
1/9/2026 23:00,-1
1/9/2026 23:15,-1
1/9/2026 23:30,-1
1/9/2026 23:45,-1
1/10/2026 0:00,-1
1/10/2026 0:15,-1
1/10/2026 0:30,-1
1/10/2026 0:45,-1
1/10/2026 1:00,-1
1/10/2026 1:15,-1
1/10/2026 1:30,-1
1/10/2026 1:45,-1
1/10/2026 2:00,-1
1/10/2026 2:15,-1
1/10/2026 2:30,-1
1/10/2026 2:45,-1
1/10/2026 3:00,-1
1/10/2026 3:15,-1
1/10/2026 3:30,-1
1/10/2026 3:45,-1
1/10/2026 4:00,-1
1/10/2026 4:15,-1
1/10/2026 4:30,-1
1/10/2026 4:45,-1
1/10/2026 5:00,-1
1/10/2026 5:15,-1
1/10/2026 5:30,-1
1/10/2026 5:45,0
1/10/2026 6:00,0
1/10/2026 6:15,-1
1/10/2026 6:30,0
1/10/2026 6:45,0
1/10/2026 7:00,0
1/10/2026 7:15,-2
1/10/2026 7:30,-18
1/10/2026 7:45,-103
1/10/2026 8:00,-281
1/10/2026 8:15,-552
1/10/2026 8:30,-849
1/10/2026 8:45,-1133
1/10/2026 9:00,-1454
1/10/2026 9:15,-1532
1/10/2026 9:30,-1537
1/10/2026 9:45,-1535
1/10/2026 10:00,-1526
1/10/2026 10:15,-1519
1/10/2026 10:30,-1503
1/10/2026 10:45,-1475
1/10/2026 11:00,-1448
1/10/2026 11:15,-1432
1/10/2026 11:30,-1434
1/10/2026 11:45,-1430
1/10/2026 12:00,-1423
1/10/2026 12:15,-1418
1/10/2026 12:30,-1405
1/10/2026 12:45,-1420
1/10/2026 13:00,-1428
1/10/2026 13:15,-1448
1/10/2026 13:30,-1464
1/10/2026 13:45,-1488
1/10/2026 14:00,-1504
1/10/2026 14:15,-1509
1/10/2026 14:30,-1527
1/10/2026 14:45,-1522
1/10/2026 15:00,-1434
1/10/2026 15:15,-1464
1/10/2026 15:30,-1411
1/10/2026 15:45,-1154
1/10/2026 16:00,-781
1/10/2026 16:15,-477
1/10/2026 16:30,-275
1/10/2026 16:45,-119
1/10/2026 17:00,-33
1/10/2026 17:15,-6
1/10/2026 17:30,-2
1/10/2026 17:45,-2
1/10/2026 18:00,-1
1/10/2026 18:15,-1
1/10/2026 18:30,-1
1/10/2026 18:45,-1
1/10/2026 19:00,-1
1/10/2026 19:15,-1
1/10/2026 19:30,-1
1/10/2026 19:45,-1
1/10/2026 20:00,-1
1/10/2026 20:15,-1
1/10/2026 20:30,-1
1/10/2026 20:45,-1
1/10/2026 21:00,-1
1/10/2026 21:15,-1
1/10/2026 21:30,-1
1/10/2026 21:45,-1
1/10/2026 22:00,-1
1/10/2026 22:15,-1
1/10/2026 22:30,-1
1/10/2026 22:45,-1
1/10/2026 23:00,-1
1/10/2026 23:15,-1
1/10/2026 23:30,-1
1/10/2026 23:45,-1
1/11/2026 0:00,-1
1/11/2026 0:15,-1
1/11/2026 0:30,-1
1/11/2026 0:45,-1
1/11/2026 1:00,-1
1/11/2026 1:15,-1
1/11/2026 1:30,-1
1/11/2026 1:45,-1
1/11/2026 2:00,-1
1/11/2026 2:15,-1
1/11/2026 2:30,-1
1/11/2026 2:45,-1
1/11/2026 3:00,-1
1/11/2026 3:15,-1
1/11/2026 3:30,-1
1/11/2026 3:45,-1
1/11/2026 4:00,-1
1/11/2026 4:15,-1
1/11/2026 4:30,-1
1/11/2026 4:45,-1
1/11/2026 5:00,-1
1/11/2026 5:15,-1
1/11/2026 5:30,-1
1/11/2026 5:45,-1
1/11/2026 6:00,-1
1/11/2026 6:15,-1
1/11/2026 6:30,-1
1/11/2026 6:45,-1
1/11/2026 7:00,-1
1/11/2026 7:15,-3
1/11/2026 7:30,-17
1/11/2026 7:45,-104
1/11/2026 8:00,-294
1/11/2026 8:15,-556
1/11/2026 8:30,-858
1/11/2026 8:45,-1186
1/11/2026 9:00,-1455
1/11/2026 9:15,-1519
1/11/2026 9:30,-1526
1/11/2026 9:45,-1523
1/11/2026 10:00,-1514
1/11/2026 10:15,-1505
1/11/2026 10:30,-1490
1/11/2026 10:45,-1464
1/11/2026 11:00,-1437
1/11/2026 11:15,-1418
1/11/2026 11:30,-1414
1/11/2026 11:45,-1411
1/11/2026 12:00,-1404
1/11/2026 12:15,-1392
1/11/2026 12:30,-1384
1/11/2026 12:45,-1383
1/11/2026 13:00,-1387
1/11/2026 13:15,-1422
1/11/2026 13:30,-1441
1/11/2026 13:45,-1448
1/11/2026 14:00,-1457
1/11/2026 14:15,-1476
1/11/2026 14:30,-1375
1/11/2026 14:45,-1509
1/11/2026 15:00,-1488
1/11/2026 15:15,-1358
1/11/2026 15:30,-1019
1/11/2026 15:45,-1070
1/11/2026 16:00,-420
1/11/2026 16:15,-406
1/11/2026 16:30,-270
1/11/2026 16:45,-146
1/11/2026 17:00,-49
1/11/2026 17:15,-10
1/11/2026 17:30,-2
1/11/2026 17:45,-2
1/11/2026 18:00,-1
1/11/2026 18:15,-1
1/11/2026 18:30,-1
1/11/2026 18:45,-1
1/11/2026 19:00,-1
1/11/2026 19:15,-1
1/11/2026 19:30,-1
1/11/2026 19:45,-1
1/11/2026 20:00,-1
1/11/2026 20:15,-1
1/11/2026 20:30,-1
1/11/2026 20:45,-1
1/11/2026 21:00,-1
1/11/2026 21:15,-1
1/11/2026 21:30,-1
1/11/2026 21:45,-1
1/11/2026 22:00,-1
1/11/2026 22:15,-1
1/11/2026 22:30,-1
1/11/2026 22:45,-1
1/11/2026 23:00,-1
1/11/2026 23:15,-1
1/11/2026 23:30,-1
1/11/2026 23:45,-1
1/12/2026 0:00,-1
1/12/2026 0:15,-1
1/12/2026 0:30,-1
1/12/2026 0:45,-1
1/12/2026 1:00,-2
1/12/2026 1:15,-1
1/12/2026 1:30,-1
1/12/2026 1:45,-1
1/12/2026 2:00,-1
1/12/2026 2:15,-1
1/12/2026 2:30,-1
1/12/2026 2:45,-2
1/12/2026 3:00,-1
1/12/2026 3:15,-1
1/12/2026 3:30,-1
1/12/2026 4:00,-1
1/12/2026 4:15,-1
1/12/2026 4:30,-1
1/12/2026 4:45,-1
1/12/2026 5:00,-1
1/12/2026 5:15,-1
1/12/2026 5:30,-1
1/12/2026 5:45,-1
1/12/2026 6:00,-1
1/12/2026 6:15,-1
1/12/2026 6:30,-1
1/12/2026 6:45,-1
1/12/2026 7:00,-1
1/12/2026 7:15,-4
1/12/2026 7:30,-21
1/12/2026 7:45,-130
1/12/2026 8:00,-358
1/12/2026 8:15,-627
1/12/2026 8:30,-918
1/12/2026 8:45,-1195
1/12/2026 9:00,-1428
1/12/2026 9:15,-1490
1/12/2026 9:30,-1496
1/12/2026 9:45,-1499
1/12/2026 10:00,-1500
1/12/2026 10:15,-1491
1/12/2026 10:30,-1471
1/12/2026 10:45,-1451
1/12/2026 11:00,-1426
1/12/2026 11:15,-1412
1/12/2026 11:30,-1398
1/12/2026 11:45,-1397
1/12/2026 12:00,-1395
1/12/2026 12:15,-1389
1/12/2026 12:30,-1390
1/12/2026 12:45,-1402
1/12/2026 13:00,-1413
1/12/2026 13:15,-1422
1/12/2026 13:30,-1430
1/12/2026 13:45,-1442
1/12/2026 14:00,-1456
1/12/2026 14:15,-1470
1/12/2026 14:30,-1469
1/12/2026 14:45,-1477
1/12/2026 15:00,-1477
1/12/2026 15:15,-1451
1/12/2026 15:30,-1406
1/12/2026 15:45,-1179
1/12/2026 16:00,-815
1/12/2026 16:15,-493
1/12/2026 16:30,-291
1/12/2026 16:45,-135
1/12/2026 17:00,-37
1/12/2026 17:15,-9
1/12/2026 17:30,-2
1/12/2026 17:45,-2
1/12/2026 18:00,-1
1/12/2026 18:15,-1
1/12/2026 18:30,-1
1/12/2026 18:45,-1
1/12/2026 19:00,-1
1/12/2026 19:15,-1
1/12/2026 19:30,-1
1/12/2026 19:45,-1
1/12/2026 20:00,-1
1/12/2026 20:15,-1
1/12/2026 20:30,-1
1/12/2026 20:45,-1
1/12/2026 21:00,-1
1/12/2026 21:15,-1
1/12/2026 21:30,-1
1/12/2026 21:45,-1
1/12/2026 22:00,-1
1/12/2026 22:15,-1
1/12/2026 22:30,-1
1/12/2026 22:45,-1
1/12/2026 23:00,-1
1/12/2026 23:15,-1
1/12/2026 23:30,-1
1/12/2026 23:45,-1
1/13/2026 0:00,-1
1/13/2026 0:15,-1
1/13/2026 0:30,-1
1/13/2026 0:45,-1
1/13/2026 1:00,-1
1/13/2026 1:15,-1
1/13/2026 1:30,-1
1/13/2026 1:45,-1
1/13/2026 2:00,-1
1/13/2026 2:15,-1
1/13/2026 2:30,-1
1/13/2026 2:45,-1
1/13/2026 3:00,-1
1/13/2026 3:15,-1
1/13/2026 3:30,-1
1/13/2026 3:45,-1
1/13/2026 4:00,-1
1/13/2026 4:15,-2
1/13/2026 4:30,-1
1/13/2026 4:45,-1
1/13/2026 5:00,-1
1/13/2026 5:15,-1
1/13/2026 5:30,-1
1/13/2026 5:45,-1
1/13/2026 6:00,-1
1/13/2026 6:15,-1
1/13/2026 6:30,-2
1/13/2026 6:45,-2
1/13/2026 7:00,-2
1/13/2026 7:15,-2
1/13/2026 7:30,-9
1/13/2026 7:45,-150
1/13/2026 8:00,-294
1/13/2026 8:15,-291
1/13/2026 8:30,-287
1/13/2026 8:45,-520
1/13/2026 9:00,-723
1/13/2026 9:15,-1003
1/13/2026 9:30,-665
1/13/2026 9:45,-875
1/13/2026 10:00,-567
1/13/2026 10:15,-474
1/13/2026 10:30,-635
1/13/2026 10:45,-1060
1/13/2026 11:00,-862
1/13/2026 11:15,-1552
1/13/2026 11:30,-1076
1/13/2026 11:45,-1488
1/13/2026 12:00,-1355
1/13/2026 12:15,-779
1/13/2026 12:30,-778
1/13/2026 12:45,-1472
1/13/2026 13:00,-956
1/13/2026 13:15,-1386
1/13/2026 13:30,-1492
1/13/2026 13:45,-1524
1/13/2026 14:00,-1178
1/13/2026 14:15,-1432
1/13/2026 14:30,-1367
1/13/2026 14:45,-1296
1/13/2026 15:00,-977
1/13/2026 15:15,-912
1/13/2026 15:30,-495
1/13/2026 15:45,-329
1/13/2026 16:00,-291
1/13/2026 16:15,-200
1/13/2026 16:30,-87
1/13/2026 16:45,-67
1/13/2026 17:00,-30
1/13/2026 17:15,-2
1/13/2026 17:30,-2
1/13/2026 17:45,-2
1/13/2026 18:00,-2
1/13/2026 18:15,-1
1/13/2026 18:30,-2
1/13/2026 18:45,-1
1/13/2026 19:00,-2
1/13/2026 19:15,-1
1/13/2026 19:30,-1
1/13/2026 19:45,-1
1/13/2026 20:00,-1
1/13/2026 20:15,-1
1/13/2026 20:30,-1
1/13/2026 20:45,-1
1/13/2026 21:00,-1
1/13/2026 21:15,-2
1/13/2026 21:30,-1
1/13/2026 21:45,-1
1/13/2026 22:00,-1
1/13/2026 22:15,-1
1/13/2026 22:30,-1
1/13/2026 22:45,-1
1/13/2026 23:00,-2
1/13/2026 23:15,-2
1/13/2026 23:30,-1
1/13/2026 23:45,-1
1/14/2026 0:00,-1
1/14/2026 0:15,-1
1/14/2026 0:30,-1
1/14/2026 0:45,-1
1/14/2026 1:00,-1
1/14/2026 1:15,-1
1/14/2026 1:30,-1
1/14/2026 1:45,-1
1/14/2026 2:00,-1
1/14/2026 2:15,-1
1/14/2026 2:30,-1
1/14/2026 2:45,-1
1/14/2026 3:00,-1
1/14/2026 3:15,-1
1/14/2026 3:30,-1
1/14/2026 3:45,-2
1/14/2026 4:00,-1
1/14/2026 4:15,-1
1/14/2026 4:30,-1
1/14/2026 4:45,-1
1/14/2026 5:00,-2
1/14/2026 5:15,-1
1/14/2026 5:30,-1
1/14/2026 5:45,-1
1/14/2026 6:00,-1
1/14/2026 6:15,-2
1/14/2026 6:30,-1
1/14/2026 6:45,-1
1/14/2026 7:00,-1
1/14/2026 7:15,-2
1/14/2026 7:30,-2
1/14/2026 7:45,-22
1/14/2026 8:00,-115
1/14/2026 8:15,-174
1/14/2026 8:30,-256
1/14/2026 8:45,-312
1/14/2026 9:15,-1396
1/14/2026 9:30,-1447
1/14/2026 9:45,-667
1/14/2026 10:00,-1555
1/14/2026 10:15,-1536
1/14/2026 10:30,-1156
1/14/2026 10:45,-1587
1/14/2026 11:00,-1148
1/14/2026 11:15,-978
1/14/2026 11:30,-1359
1/14/2026 11:45,-1293
1/14/2026 12:00,-1312
1/14/2026 12:15,-1318
1/14/2026 12:30,-1293
1/14/2026 12:45,-1319
1/14/2026 13:00,-1317
1/14/2026 13:15,-1330
1/14/2026 13:30,-1346
1/14/2026 13:45,-1369
1/14/2026 14:00,-1397
1/14/2026 14:15,-1422
1/14/2026 14:30,-1423
1/14/2026 14:45,-1454
1/14/2026 15:00,-1447
1/14/2026 15:15,-1423
1/14/2026 15:30,-1381
1/14/2026 15:45,-1212
1/14/2026 16:00,-856
1/14/2026 16:15,-525
1/14/2026 16:30,-314
1/14/2026 16:45,-151
1/14/2026 17:00,-46
1/14/2026 17:15,-11
1/14/2026 17:30,-2
1/14/2026 17:45,-2
1/14/2026 18:00,-2
1/14/2026 18:15,-2
1/14/2026 18:30,-2
1/14/2026 18:45,-1
1/14/2026 19:00,-1
1/14/2026 19:15,-2
1/14/2026 19:30,-1
1/14/2026 19:45,-1
1/14/2026 20:00,-1
1/14/2026 20:15,-1
1/14/2026 20:30,-1
1/14/2026 20:45,-1
1/14/2026 21:00,-1
1/14/2026 21:15,-1
1/14/2026 21:30,-1
1/14/2026 21:45,-1
1/14/2026 22:00,-1
1/14/2026 22:15,-1
1/14/2026 22:30,-1
1/14/2026 22:45,-1
1/14/2026 23:00,-1
1/14/2026 23:15,-1
1/14/2026 23:30,-1
1/14/2026 23:45,-1
1/15/2026 0:00,-1
1/15/2026 0:15,-1
1/15/2026 0:30,-1
1/15/2026 0:45,-1
1/15/2026 1:00,-1
1/15/2026 1:15,-1
1/15/2026 1:30,-1
1/15/2026 1:45,-1
1/15/2026 2:00,-1
1/15/2026 2:15,-1
1/15/2026 2:30,-1
1/15/2026 2:45,-1
1/15/2026 3:00,-1
1/15/2026 3:15,-1
1/15/2026 3:30,-1
1/15/2026 3:45,-1
1/15/2026 4:00,-1
1/15/2026 4:15,-1
1/15/2026 4:30,-1
1/15/2026 4:45,-1
1/15/2026 5:00,-1
1/15/2026 5:15,-1
1/15/2026 5:30,-1
1/15/2026 5:45,-1
1/15/2026 6:00,-1
1/15/2026 6:15,-1
1/15/2026 6:30,-1
1/15/2026 6:45,-1
1/15/2026 7:00,-1
1/15/2026 7:15,-2
1/15/2026 7:30,-17
1/15/2026 7:45,-125
1/15/2026 8:00,-344
1/15/2026 8:15,-602
1/15/2026 8:30,-911
1/15/2026 8:45,-1186
1/15/2026 9:00,-1419
1/15/2026 9:15,-1487
1/15/2026 9:30,-1500
1/15/2026 9:45,-1494
1/15/2026 10:00,-1488
1/15/2026 10:15,-1475
1/15/2026 10:30,-1441
1/15/2026 10:45,-1412
1/15/2026 11:00,-1380
1/15/2026 11:15,-1362
1/15/2026 11:30,-1356
1/15/2026 11:45,-1346
1/15/2026 12:00,-1337
1/15/2026 12:15,-1317
1/15/2026 12:30,-1307
1/15/2026 12:45,-1310
1/15/2026 13:00,-1316
1/15/2026 13:15,-1328
1/15/2026 13:30,-1343
1/15/2026 13:45,-1362
1/15/2026 14:00,-1382
1/15/2026 14:15,-1406
1/15/2026 14:30,-1438
1/15/2026 14:45,-1453
1/15/2026 15:00,-1462
1/15/2026 15:15,-1450
1/15/2026 15:30,-1416
1/15/2026 15:45,-1250
1/15/2026 16:00,-911
1/15/2026 16:15,-579
1/15/2026 16:30,-327
1/15/2026 16:45,-163
1/15/2026 17:00,-49
1/15/2026 17:15,-12
1/15/2026 17:30,-2
1/15/2026 17:45,-2
1/15/2026 18:00,-2
1/15/2026 18:15,-2
1/15/2026 18:30,-2
1/15/2026 18:45,-2
1/15/2026 19:00,-2
1/15/2026 19:15,-2
1/15/2026 19:30,-2
1/15/2026 19:45,-1
1/15/2026 20:00,-1
1/15/2026 20:15,-2
1/15/2026 20:30,-1
1/15/2026 20:45,-1
1/15/2026 21:00,-1
1/15/2026 21:15,-1
1/15/2026 21:30,-1
1/15/2026 21:45,-1
1/15/2026 22:00,-1
1/15/2026 22:15,-2
1/15/2026 22:30,-1
1/15/2026 22:45,-1
1/15/2026 23:00,-1
1/15/2026 23:15,-1
1/15/2026 23:30,-1
1/15/2026 23:45,-1
1/16/2026 0:00,-1
1/16/2026 0:15,-1
1/16/2026 0:30,-1
1/16/2026 0:45,-1
1/16/2026 1:00,-1
1/16/2026 1:15,-1
1/16/2026 1:30,-1
1/16/2026 1:45,-1
1/16/2026 2:00,-1
1/16/2026 2:15,-1
1/16/2026 2:30,-1
1/16/2026 2:45,-1
1/16/2026 3:00,-1
1/16/2026 3:15,-1
1/16/2026 3:30,-1
1/16/2026 3:45,-1
1/16/2026 4:00,-1
1/16/2026 4:15,-1
1/16/2026 4:30,-1
1/16/2026 4:45,-1
1/16/2026 5:00,-1
1/16/2026 5:15,-2
1/16/2026 5:30,-1
1/16/2026 5:45,-1
1/16/2026 6:00,-1
1/16/2026 6:15,-1
1/16/2026 6:30,-2
1/16/2026 6:45,-1
1/16/2026 7:00,-1
1/16/2026 7:15,-2
1/16/2026 7:30,-17
1/16/2026 7:45,-117
1/16/2026 8:00,-313
1/16/2026 8:15,-565
1/16/2026 8:30,-864
1/16/2026 8:45,-1208
1/16/2026 9:00,-1442
1/16/2026 9:15,-1514
1/16/2026 9:30,-1519
1/16/2026 9:45,-1519
1/16/2026 10:00,-1507
1/16/2026 10:15,-1479
1/16/2026 10:30,-1435
1/16/2026 10:45,-1410
1/16/2026 11:00,-1369
1/16/2026 11:15,-1352
1/16/2026 11:30,-1339
1/16/2026 11:45,-1313
1/16/2026 12:00,-1306
1/16/2026 12:15,-1290
1/16/2026 12:30,-1280
1/16/2026 12:45,-1284
1/16/2026 13:00,-1293
1/16/2026 13:15,-1302
1/16/2026 13:30,-1322
1/16/2026 13:45,-1343
1/16/2026 14:00,-1373
1/16/2026 14:15,-1403
1/16/2026 14:30,-1465
1/16/2026 14:45,-1451
1/16/2026 15:00,-1474
1/16/2026 15:15,-1514
1/16/2026 15:30,-1472
1/16/2026 15:45,-1442
1/16/2026 16:00,-1078
1/16/2026 16:15,-500
1/16/2026 16:30,-437
1/16/2026 16:45,-245
1/16/2026 17:00,-104
1/16/2026 17:15,-20
1/16/2026 17:30,-2
1/16/2026 17:45,-2
1/16/2026 18:00,-2
1/16/2026 18:15,-2
1/16/2026 18:30,-2
1/16/2026 18:45,-1
1/16/2026 19:00,-1
1/16/2026 19:15,-2
1/16/2026 19:30,-2
1/16/2026 19:45,-1
1/16/2026 20:00,-1
1/16/2026 20:15,-1
1/16/2026 20:30,-1
1/16/2026 20:45,-1
1/16/2026 21:00,-1
1/16/2026 21:15,-1
1/16/2026 21:30,-1
1/16/2026 21:45,-1
1/16/2026 22:00,-1
1/16/2026 22:15,-1
1/16/2026 22:30,-1
1/16/2026 22:45,-1
1/16/2026 23:00,-1
1/16/2026 23:15,-1
1/16/2026 23:30,-1
1/16/2026 23:45,-1
1/17/2026 0:00,-1
1/17/2026 0:15,-1
1/17/2026 0:30,-1
1/17/2026 0:45,-1
1/17/2026 1:00,-1
1/17/2026 1:15,-2
1/17/2026 1:30,-1
1/17/2026 1:45,-1
1/17/2026 2:00,-1
1/17/2026 2:15,-2
1/17/2026 2:30,-1
1/17/2026 2:45,-1
1/17/2026 3:00,-1
1/17/2026 3:15,-1
1/17/2026 3:30,-2
1/17/2026 3:45,-2
1/17/2026 4:00,-2
1/17/2026 4:15,-2
1/17/2026 4:30,-2
1/17/2026 4:45,-2
1/17/2026 5:00,-2
1/17/2026 5:15,-2
1/17/2026 5:30,-2
1/17/2026 5:45,-2
1/17/2026 6:00,-1
1/17/2026 6:15,-2
1/17/2026 6:30,-1
1/17/2026 6:45,-2
1/17/2026 7:00,-2
1/17/2026 7:15,-2
1/17/2026 7:30,-15
1/17/2026 7:45,-98
1/17/2026 8:00,-326
1/17/2026 8:15,-622
1/17/2026 8:30,-918
1/17/2026 8:45,-1196
1/17/2026 9:00,-1493
1/17/2026 9:15,-1567
1/17/2026 9:30,-1461
1/17/2026 9:45,-1631
1/17/2026 10:00,-1569
1/17/2026 10:15,-1370
1/17/2026 10:30,-1199
1/17/2026 10:45,-1055
1/17/2026 11:00,-1230
1/17/2026 11:15,-1134
1/17/2026 11:30,-1331
1/17/2026 11:45,-1338
1/17/2026 12:00,-1314
1/17/2026 12:15,-1293
1/17/2026 12:30,-1280
1/17/2026 12:45,-1281
1/17/2026 13:00,-1287
1/17/2026 13:15,-1302
1/17/2026 13:30,-1335
1/17/2026 13:45,-1367
1/17/2026 14:00,-1395
1/17/2026 14:15,-1405
1/17/2026 14:30,-1436
1/17/2026 14:45,-1461
1/17/2026 15:00,-1462
1/17/2026 15:15,-1456
1/17/2026 15:30,-1431
1/17/2026 15:45,-1294
1/17/2026 16:00,-908
1/17/2026 16:15,-616
1/17/2026 16:30,-346
1/17/2026 16:45,-183
1/17/2026 17:00,-65
1/17/2026 17:15,-14
1/17/2026 17:30,-2
1/17/2026 17:45,-2
1/17/2026 18:00,-2
1/17/2026 18:15,-2
1/17/2026 18:30,-2
1/17/2026 18:45,-1
1/17/2026 19:00,-1
1/17/2026 19:15,-1
1/17/2026 19:30,-1
1/17/2026 19:45,-1
1/17/2026 20:00,-2
1/17/2026 20:15,-1
1/17/2026 20:30,-1
1/17/2026 20:45,-1
1/17/2026 21:00,-1
1/17/2026 21:15,-1
1/17/2026 21:30,-1
1/17/2026 21:45,-1
1/17/2026 22:00,-1
1/17/2026 22:15,-1
1/17/2026 22:30,-1
1/17/2026 22:45,-1
1/17/2026 23:00,-1
1/17/2026 23:15,-1
1/17/2026 23:30,-1
1/17/2026 23:45,-1
1/18/2026 0:00,-1
1/18/2026 0:15,-1
1/18/2026 0:30,-1
1/18/2026 0:45,-1
1/18/2026 1:00,-1
1/18/2026 1:15,-1
1/18/2026 1:30,-1
1/18/2026 1:45,-1
1/18/2026 2:00,-1
1/18/2026 2:15,-1
1/18/2026 2:30,-1
1/18/2026 2:45,-1
1/18/2026 3:00,-1
1/18/2026 3:15,-2
1/18/2026 3:30,-1
1/18/2026 3:45,-1
1/18/2026 4:00,-1
1/18/2026 4:15,-1
1/18/2026 4:30,-1
1/18/2026 4:45,-1
1/18/2026 5:00,-1
1/18/2026 5:15,-1
1/18/2026 5:30,-1
1/18/2026 5:45,-1
1/18/2026 6:00,-1
1/18/2026 6:15,-1
1/18/2026 6:30,-1
1/18/2026 6:45,-1
1/18/2026 7:00,-1
1/18/2026 7:15,-1
1/18/2026 7:30,-13
1/18/2026 7:45,-147
1/18/2026 8:00,-375
1/18/2026 8:15,-646
1/18/2026 8:30,-918
1/18/2026 8:45,-1200
1/18/2026 9:00,-1439
1/18/2026 9:15,-1476
1/18/2026 9:30,-1483
1/18/2026 9:45,-1488
1/18/2026 10:00,-1463
1/18/2026 10:15,-1449
1/18/2026 10:30,-1411
1/18/2026 10:45,-1382
1/18/2026 11:00,-1348
1/18/2026 11:15,-1327
1/18/2026 11:30,-1312
1/18/2026 11:45,-1297
1/18/2026 12:00,-1286
1/18/2026 12:15,-1279
1/18/2026 12:30,-1272
1/18/2026 12:45,-1285
1/18/2026 13:00,-1163
1/18/2026 13:15,-1323
1/18/2026 13:30,-1345
1/18/2026 13:45,-1348
1/18/2026 14:00,-1420
1/18/2026 14:15,-1436
1/18/2026 14:30,-1385
1/18/2026 14:45,-1360
1/18/2026 15:00,-1479
1/18/2026 15:15,-1470
1/18/2026 15:30,-1125
1/18/2026 15:45,-1422
1/18/2026 16:00,-963
1/18/2026 16:15,-664
1/18/2026 16:30,-221
1/18/2026 16:45,-200
1/18/2026 17:00,-61
1/18/2026 17:15,-17
1/18/2026 17:30,-2
1/18/2026 17:45,-2
1/18/2026 18:00,-2
1/18/2026 18:15,-1
1/18/2026 18:30,-1
1/18/2026 18:45,-1
1/18/2026 19:00,-1
1/18/2026 19:15,-1
1/18/2026 19:30,-1
1/18/2026 19:45,-1
1/18/2026 20:00,-1
1/18/2026 20:15,-1
1/18/2026 20:30,-1
1/18/2026 20:45,-1
1/18/2026 21:00,-1
1/18/2026 21:15,-1
1/18/2026 21:30,-1
1/18/2026 21:45,-1
1/18/2026 22:00,-1
1/18/2026 22:15,-1
1/18/2026 22:30,-1
1/18/2026 22:45,-1
1/18/2026 23:00,-1
1/18/2026 23:15,-1
1/18/2026 23:30,-1
1/18/2026 23:45,-1
1/19/2026 0:00,-1
1/19/2026 0:15,-1
1/19/2026 0:30,-1
1/19/2026 0:45,-1
1/19/2026 1:00,-1
1/19/2026 1:15,-1
1/19/2026 1:30,-1
1/19/2026 1:45,-1
1/19/2026 2:00,-2
1/19/2026 2:15,-1
1/19/2026 2:30,-1
1/19/2026 2:45,-1
1/19/2026 3:00,-1
1/19/2026 3:15,-1
1/19/2026 3:30,-1
1/19/2026 3:45,-1
1/19/2026 4:00,-1
1/19/2026 4:15,-1
1/19/2026 4:30,-1
1/19/2026 4:45,-1
1/19/2026 5:00,-1
1/19/2026 5:15,-1
1/19/2026 5:30,-1
1/19/2026 5:45,-2
1/19/2026 6:00,-1
1/19/2026 6:15,-1
1/19/2026 6:30,-1
1/19/2026 6:45,-1
1/19/2026 7:00,-1
1/19/2026 7:15,-1
1/19/2026 7:30,-10
1/19/2026 7:45,-148
1/19/2026 8:00,-379
1/19/2026 8:15,-648
1/19/2026 8:30,-916
1/19/2026 8:45,-1193
1/19/2026 9:00,-1417
1/19/2026 9:15,-1466
1/19/2026 9:30,-1462
1/19/2026 9:45,-1479
1/19/2026 10:00,-1463
1/19/2026 10:15,-1435
1/19/2026 10:30,-1395
1/19/2026 10:45,-1367
1/19/2026 11:00,-1335
1/19/2026 11:15,-1316
1/19/2026 11:30,-1305
1/19/2026 11:45,-1296
1/19/2026 12:00,-1281
1/19/2026 12:15,-1270
1/19/2026 12:30,-1270
1/19/2026 12:45,-1270
1/19/2026 13:00,-1274
1/19/2026 13:15,-1293
1/19/2026 13:30,-1323
1/19/2026 13:45,-1350
1/19/2026 14:00,-1375
1/19/2026 14:15,-1405
1/19/2026 14:30,-1432
1/19/2026 14:45,-1417
1/19/2026 15:00,-1433
1/19/2026 15:15,-1422
1/19/2026 15:30,-1385
1/19/2026 15:45,-1274
1/19/2026 16:00,-977
1/19/2026 16:15,-598
1/19/2026 16:30,-380
1/19/2026 16:45,-202
1/19/2026 17:00,-75
1/19/2026 17:15,-18
1/19/2026 17:30,-3
1/19/2026 17:45,-2
1/19/2026 18:00,-2
1/19/2026 18:15,-2
1/19/2026 18:30,-1
1/19/2026 18:45,-1
1/19/2026 19:00,-1
1/19/2026 19:15,-1
1/19/2026 19:30,-1
1/19/2026 19:45,-1
1/19/2026 20:00,-1
1/19/2026 20:15,-1
1/19/2026 20:30,-1
1/19/2026 20:45,-1
1/19/2026 21:00,-1
1/19/2026 21:15,-1
1/19/2026 21:30,-1
1/19/2026 21:45,-1
1/19/2026 22:00,-1
1/19/2026 22:15,-1
1/19/2026 22:30,-1
1/19/2026 22:45,-1
1/19/2026 23:00,-1
1/19/2026 23:15,-1
1/19/2026 23:30,-1
1/19/2026 23:45,-1
1/20/2026 0:00,-1
1/20/2026 0:15,-1
1/20/2026 0:30,-1
1/20/2026 0:45,-1
1/20/2026 1:00,-1
1/20/2026 1:15,-1
1/20/2026 1:30,-1
1/20/2026 1:45,-1
1/20/2026 2:00,-1
1/20/2026 2:15,-1
1/20/2026 2:30,-1
1/20/2026 2:45,-1
1/20/2026 3:00,-1
1/20/2026 3:15,-2
1/20/2026 3:30,-1
1/20/2026 3:45,-1
1/20/2026 4:00,-2
1/20/2026 4:15,-1
1/20/2026 4:30,-1
1/20/2026 4:45,-1
1/20/2026 5:00,-1
1/20/2026 5:15,-1
1/20/2026 5:30,-1
1/20/2026 5:45,-1
1/20/2026 6:00,-1
1/20/2026 6:15,-1
1/20/2026 6:30,-1
1/20/2026 6:45,-1
1/20/2026 7:00,-1
1/20/2026 7:15,-1
1/20/2026 7:30,-18
1/20/2026 7:45,-136
1/20/2026 8:00,-368
1/20/2026 8:15,-681
1/20/2026 8:30,-958
1/20/2026 8:45,-1233
1/20/2026 9:00,-1462
1/20/2026 9:15,-1504
1/20/2026 9:30,-1511
1/20/2026 9:45,-1507
1/20/2026 10:00,-1500
1/20/2026 10:15,-1471
1/20/2026 10:30,-1430
1/20/2026 10:45,-1401
1/20/2026 11:00,-1372
1/20/2026 11:15,-1352
1/20/2026 11:30,-1339
1/20/2026 11:45,-1328
1/20/2026 12:00,-1311
1/20/2026 12:15,-1303
1/20/2026 12:30,-1291
1/20/2026 12:45,-1300
1/20/2026 13:00,-1319
1/20/2026 13:15,-1338
1/20/2026 13:30,-1363
1/20/2026 13:45,-1391
1/20/2026 14:00,-1416
1/20/2026 14:15,-1445
1/20/2026 14:30,-1474
1/20/2026 14:45,-1493
1/20/2026 15:00,-1511
1/20/2026 15:15,-1505
1/20/2026 15:30,-1477
1/20/2026 15:45,-1359
1/20/2026 16:00,-1050
1/20/2026 16:15,-635
1/20/2026 16:30,-393
1/20/2026 16:45,-218
1/20/2026 17:00,-85
1/20/2026 17:15,-19
1/20/2026 17:30,-2
1/20/2026 17:45,-2
1/20/2026 18:00,-2
1/20/2026 18:15,-2
1/20/2026 18:30,-2
1/20/2026 18:45,-1
1/20/2026 19:00,-2
1/20/2026 19:15,-1
1/20/2026 19:30,-1
1/20/2026 19:45,-1
1/20/2026 20:00,-1
1/20/2026 20:15,-1
1/20/2026 20:30,-1
1/20/2026 20:45,-1
1/20/2026 21:00,-1
1/20/2026 21:15,-1
1/20/2026 21:30,-1
1/20/2026 21:45,-1
1/20/2026 22:00,-1
1/20/2026 22:15,-1
1/20/2026 22:30,-1
1/20/2026 22:45,-1
1/20/2026 23:00,-1
1/20/2026 23:15,-1
1/20/2026 23:30,-1
1/20/2026 23:45,-1
1/21/2026 0:00,-1
1/21/2026 0:15,-1
1/21/2026 0:30,-1
1/21/2026 0:45,-1
1/21/2026 1:00,-1
1/21/2026 1:15,-1
1/21/2026 1:30,-1
1/21/2026 1:45,-1
1/21/2026 2:00,-1
1/21/2026 2:15,-1
1/21/2026 2:30,-1
1/21/2026 2:45,-1
1/21/2026 3:00,-1
1/21/2026 3:15,-1
1/21/2026 3:30,-1
1/21/2026 3:45,-1
1/21/2026 4:00,-1
1/21/2026 4:15,-1
1/21/2026 4:30,-1
1/21/2026 4:45,-1
1/21/2026 5:00,-1
1/21/2026 5:15,-1
1/21/2026 5:30,-1
1/21/2026 5:45,-1
1/21/2026 6:00,-1
1/21/2026 6:15,-1
1/21/2026 6:30,-1
1/21/2026 6:45,-1
1/21/2026 7:00,-1
1/21/2026 7:15,-3
1/21/2026 7:30,-36
1/21/2026 7:45,-162
1/21/2026 8:00,-289
1/21/2026 8:15,-656
1/21/2026 8:30,-747
1/21/2026 8:45,-1122
1/21/2026 9:00,-1368
1/21/2026 9:15,-1401
1/21/2026 9:30,-1478
1/21/2026 9:45,-1509
1/21/2026 10:00,-1487
1/21/2026 10:15,-1471
1/21/2026 10:30,-1457
1/21/2026 10:45,-1440
1/21/2026 11:00,-1416
1/21/2026 11:15,-1287
1/21/2026 11:30,-1207
1/21/2026 11:45,-1373
1/21/2026 12:00,-1310
1/21/2026 12:15,-1324
1/21/2026 12:30,-1231
1/21/2026 12:45,-1332
1/21/2026 13:00,-1321
1/21/2026 13:15,-1243
1/21/2026 13:30,-1150
1/21/2026 13:45,-1244
1/21/2026 14:00,-1479
1/21/2026 14:15,-1353
1/21/2026 14:30,-1200
1/21/2026 14:45,-1293
1/21/2026 15:00,-1348
1/21/2026 15:15,-1346
1/21/2026 15:30,-948
1/21/2026 15:45,-874
1/21/2026 16:00,-534
1/21/2026 16:15,-372
1/21/2026 16:30,-295
1/21/2026 16:45,-211
1/21/2026 17:00,-71
1/21/2026 17:15,-16
1/21/2026 17:30,-2
1/21/2026 17:45,-2
1/21/2026 18:00,-2
1/21/2026 18:15,-1
1/21/2026 18:30,-1
1/21/2026 18:45,-1
1/21/2026 19:00,-1
1/21/2026 19:15,-1
1/21/2026 19:30,-1
1/21/2026 19:45,-1
1/21/2026 20:00,-2
1/21/2026 20:15,-1
1/21/2026 20:30,-1
1/21/2026 20:45,-1
1/21/2026 21:00,-1
1/21/2026 21:15,-1
1/21/2026 21:30,-1
1/21/2026 21:45,-1
1/21/2026 22:00,-1
1/21/2026 22:15,-1
1/21/2026 22:30,-1
1/21/2026 22:45,-1
1/21/2026 23:00,-1
1/21/2026 23:15,-1
1/21/2026 23:30,-1
1/21/2026 23:45,-1
1/22/2026 0:00,-1
1/22/2026 0:15,-1
1/22/2026 0:30,-1
1/22/2026 0:45,-1
1/22/2026 1:00,-1
1/22/2026 1:15,-1
1/22/2026 1:30,-1
1/22/2026 1:45,-1
1/22/2026 2:00,-1
1/22/2026 2:15,-1
1/22/2026 2:30,-1
1/22/2026 2:45,-1
1/22/2026 3:00,-1
1/22/2026 3:15,-1
1/22/2026 3:30,-1
1/22/2026 3:45,-1
1/22/2026 4:00,-1
1/22/2026 4:15,-1
1/22/2026 4:30,-1
1/22/2026 4:45,-1
1/22/2026 5:00,-1
1/22/2026 5:15,-1
1/22/2026 5:30,-1
1/22/2026 5:45,-1
1/22/2026 6:00,-1
1/22/2026 6:15,-1
1/22/2026 6:30,-1
1/22/2026 6:45,-1
1/22/2026 7:00,-1
1/22/2026 7:15,-1
1/22/2026 7:30,-6
1/22/2026 7:45,-32
1/22/2026 8:00,-120
1/22/2026 8:15,-191
1/22/2026 8:30,-306
1/22/2026 8:45,-378
1/22/2026 9:00,-411
1/22/2026 9:15,-435
1/22/2026 9:30,-489
1/22/2026 9:45,-662
1/22/2026 10:00,-1228
1/22/2026 10:15,-1479
1/22/2026 10:30,-1509
1/22/2026 10:45,-1232
1/22/2026 11:00,-994
1/22/2026 11:15,-771
1/22/2026 11:30,-1257
1/22/2026 11:45,-1409
1/22/2026 12:00,-1258
1/22/2026 12:15,-1164
1/22/2026 12:30,-1026
1/22/2026 12:45,-808
1/22/2026 13:00,-1162
1/22/2026 13:15,-1227
1/22/2026 13:30,-792
1/22/2026 13:45,-682
1/22/2026 14:00,-695
1/22/2026 14:15,-590
1/22/2026 14:30,-539
1/22/2026 14:45,-351
1/22/2026 15:00,-299
1/22/2026 15:15,-272
1/22/2026 15:30,-276
1/22/2026 15:45,-236
1/22/2026 16:00,-246
1/22/2026 16:15,-228
1/22/2026 16:30,-183
1/22/2026 16:45,-102
1/22/2026 17:00,-45
1/22/2026 17:15,-15
1/22/2026 17:30,-2
1/22/2026 17:45,-1
1/22/2026 18:00,-2
1/22/2026 18:15,-2
1/22/2026 18:30,-1
1/22/2026 18:45,-1
1/22/2026 19:00,-1
1/22/2026 19:15,-1
1/22/2026 19:30,-1
1/22/2026 19:45,-1
1/22/2026 20:00,-1
1/22/2026 20:15,-2
1/22/2026 20:30,-1
1/22/2026 20:45,-1
1/22/2026 21:00,-2
1/22/2026 21:15,-1
1/22/2026 21:30,-1
1/22/2026 21:45,-2
1/22/2026 22:00,-1
1/22/2026 22:15,-2
1/22/2026 22:30,-1
1/22/2026 22:45,-2
1/22/2026 23:00,-2
1/22/2026 23:15,-2
1/22/2026 23:30,-2
1/22/2026 23:45,-2
1/23/2026 0:00,-2
1/23/2026 0:15,-2
1/23/2026 0:30,-1
1/23/2026 0:45,-2
1/23/2026 1:00,-2
1/23/2026 1:15,-2
1/23/2026 1:30,-2
1/23/2026 1:45,-2
1/23/2026 2:00,-2
1/23/2026 2:15,-1
1/23/2026 2:30,-1
1/23/2026 2:45,-1
1/23/2026 3:00,-2
1/23/2026 3:15,-2
1/23/2026 3:30,-1
1/23/2026 3:45,-2
1/23/2026 4:00,-2
1/23/2026 4:15,-2
1/23/2026 4:30,-2
1/23/2026 4:45,-2
1/23/2026 5:00,-2
1/23/2026 5:15,-2
1/23/2026 5:30,-2
1/23/2026 5:45,-1
1/23/2026 6:00,-1
1/23/2026 6:15,-1
1/23/2026 6:30,-1
1/23/2026 6:45,-1
1/23/2026 7:00,-1
1/23/2026 7:15,-1
1/23/2026 7:30,0
1/23/2026 7:45,-29
1/23/2026 8:00,-43
1/23/2026 8:15,-80
1/23/2026 8:30,-218
1/23/2026 8:45,-222
1/23/2026 9:00,-209
1/23/2026 9:15,-184
1/23/2026 9:30,-260
1/23/2026 9:45,-306
1/23/2026 10:00,-266
1/23/2026 10:15,-240
1/23/2026 10:30,-382
1/23/2026 10:45,-451
1/23/2026 11:00,-450
1/23/2026 11:15,-601
1/23/2026 11:30,-619
1/23/2026 11:45,-498
1/23/2026 12:00,-471
1/23/2026 12:15,-472
1/23/2026 12:30,-503
1/23/2026 12:45,-576
1/23/2026 13:00,-511
1/23/2026 13:15,-490
1/23/2026 13:30,-417
1/23/2026 13:45,-262
1/23/2026 14:00,-292
1/23/2026 14:15,-349
1/23/2026 14:30,-331
1/23/2026 14:45,-581
1/23/2026 15:00,-177
1/23/2026 15:15,-213
1/23/2026 15:30,-211
1/23/2026 15:45,-334
1/23/2026 16:00,-213
1/23/2026 16:15,-172
1/23/2026 16:30,-84
1/23/2026 16:45,-104
1/23/2026 17:00,-29
1/23/2026 17:15,-16
1/23/2026 17:30,-2
1/23/2026 17:45,-2
1/23/2026 18:00,-2
1/23/2026 18:15,-2
1/23/2026 18:30,-2
1/23/2026 18:45,-2
1/23/2026 19:00,-2
1/23/2026 19:15,-2
1/23/2026 19:30,-2
1/23/2026 19:45,-2
1/23/2026 20:00,-2
1/23/2026 20:15,-2
1/23/2026 20:30,-2
1/23/2026 20:45,-2
1/23/2026 21:00,-2
1/23/2026 21:15,-2
1/23/2026 21:30,-1
1/23/2026 21:45,-2
1/23/2026 22:00,-1
1/23/2026 22:15,-2
1/23/2026 22:30,-2
1/23/2026 22:45,-2
1/23/2026 23:00,-2
1/23/2026 23:15,-2
1/23/2026 23:30,-2
1/23/2026 23:45,-2
1/24/2026 0:00,-2
1/24/2026 0:15,-2
1/24/2026 0:30,-2
1/24/2026 0:45,-2
1/24/2026 1:00,-2
1/24/2026 1:15,-2
1/24/2026 1:30,-2
1/24/2026 1:45,-2
1/24/2026 2:00,-2
1/24/2026 2:15,-2
1/24/2026 2:30,-2
1/24/2026 2:45,-2
1/24/2026 3:00,-2
1/24/2026 3:15,-2
1/24/2026 3:30,-2
1/24/2026 3:45,-2
1/24/2026 4:00,-2
1/24/2026 4:15,-2
1/24/2026 4:30,-2
1/24/2026 4:45,-2
1/24/2026 5:00,-2
1/24/2026 5:15,-2
1/24/2026 5:30,-2
1/24/2026 5:45,-2
1/24/2026 6:00,-2
1/24/2026 6:15,-2
1/24/2026 6:30,-2
1/24/2026 6:45,-2
1/24/2026 7:00,-2
1/24/2026 7:15,-2
1/24/2026 7:30,0
1/24/2026 7:45,-3
1/24/2026 8:00,-21
1/24/2026 8:15,-42
1/24/2026 8:30,-70
1/24/2026 8:45,-171
1/24/2026 9:00,-235
1/24/2026 9:15,-311
1/24/2026 9:30,-366
1/24/2026 9:45,-757
1/24/2026 10:00,-649
1/24/2026 10:15,-1511
1/24/2026 10:30,-1186
1/24/2026 10:45,-469
1/24/2026 11:00,-1580
1/24/2026 11:15,-1507
1/24/2026 11:30,-823
1/24/2026 11:45,-1598
1/24/2026 12:00,-1238
1/24/2026 12:15,-1545
1/24/2026 12:30,-1134
1/24/2026 12:45,-1484
1/24/2026 13:00,-561
1/24/2026 13:15,-1636
1/24/2026 13:30,-230
1/24/2026 13:45,-629
1/24/2026 14:00,-1432
1/24/2026 14:15,-1540
1/24/2026 14:30,-441
1/24/2026 14:45,-1558
1/24/2026 15:00,-962
1/24/2026 15:15,-1358
1/24/2026 15:30,-1558
1/24/2026 15:45,-1403
1/24/2026 16:00,-1268
1/24/2026 16:15,-801
1/24/2026 16:30,-341
1/24/2026 16:45,-99
1/24/2026 17:00,-75
1/24/2026 17:15,-25
1/24/2026 17:30,-2
1/24/2026 17:45,-2
1/24/2026 18:00,-2
1/24/2026 18:15,-1
1/24/2026 18:30,-1
1/24/2026 18:45,-2
1/24/2026 19:00,-1
1/24/2026 19:15,-1
1/24/2026 19:30,-1
1/24/2026 19:45,-1
1/24/2026 20:00,-1
1/24/2026 20:15,-1
1/24/2026 20:30,-1
1/24/2026 20:45,-1
1/24/2026 21:00,-1
1/24/2026 21:15,-1
1/24/2026 21:30,-1
1/24/2026 21:45,-1
1/24/2026 22:00,-1
1/24/2026 22:15,-1
1/24/2026 22:30,-1
1/24/2026 22:45,-1
1/24/2026 23:00,-1
1/24/2026 23:15,-1
1/24/2026 23:30,-1
1/24/2026 23:45,-1
1/25/2026 0:00,-1
1/25/2026 0:15,-2
1/25/2026 0:30,-2
1/25/2026 0:45,-2
1/25/2026 1:00,-1
1/25/2026 1:15,-2
1/25/2026 1:30,-2
1/25/2026 1:45,-1
1/25/2026 2:00,-2
1/25/2026 2:15,-1
1/25/2026 2:30,-1
1/25/2026 2:45,-1
1/25/2026 3:00,-1
1/25/2026 3:15,-1
1/25/2026 3:30,-1
1/25/2026 3:45,-1
1/25/2026 4:00,-1
1/25/2026 4:15,-1
1/25/2026 4:30,-1
1/25/2026 4:45,-1
1/25/2026 5:00,-1
1/25/2026 5:15,-1
1/25/2026 5:30,-1
1/25/2026 5:45,-1
1/25/2026 6:00,-1
1/25/2026 6:15,-1
1/25/2026 6:30,-1
1/25/2026 6:45,-1
1/25/2026 7:00,-1
1/25/2026 7:15,-1
1/25/2026 7:30,-24
1/25/2026 7:45,-186
1/25/2026 8:00,-449
1/25/2026 8:15,-716
1/25/2026 8:30,-1027
1/25/2026 8:45,-1285
1/25/2026 9:00,-954
1/25/2026 9:15,-1540
1/25/2026 9:30,-1545
1/25/2026 9:45,-1549
1/25/2026 10:00,-1554
1/25/2026 10:15,-1520
1/25/2026 10:30,-1523
1/25/2026 10:45,-1497
1/25/2026 11:00,-1460
1/25/2026 11:15,-1437
1/25/2026 11:30,-1424
1/25/2026 11:45,-1442
1/25/2026 12:00,-1424
1/25/2026 12:15,-1406
1/25/2026 12:30,-1393
1/25/2026 12:45,-1393
1/25/2026 13:00,-1404
1/25/2026 13:15,-1422
1/25/2026 13:30,-1452
1/25/2026 13:45,-1481
1/25/2026 14:00,-1511
1/25/2026 14:15,-1536
1/25/2026 14:30,-1554
1/25/2026 14:45,-1620
1/25/2026 15:00,-1532
1/25/2026 15:15,-1581
1/25/2026 15:30,-1539
1/25/2026 15:45,-1451
1/25/2026 16:00,-1153
1/25/2026 16:15,-831
1/25/2026 16:30,-271
1/25/2026 16:45,-291
1/25/2026 17:00,-132
1/25/2026 17:15,-24
1/25/2026 17:30,-2
1/25/2026 17:45,-1
1/25/2026 18:00,-1
1/25/2026 18:15,-1
1/25/2026 18:30,-1
1/25/2026 18:45,-1
1/25/2026 19:00,-1
1/25/2026 19:15,-1
1/25/2026 19:30,-1
1/25/2026 19:45,-1
1/25/2026 20:00,-1
1/25/2026 20:15,-1
1/25/2026 20:30,-1
1/25/2026 20:45,-1
1/25/2026 21:00,-1
1/25/2026 21:15,-1
1/25/2026 21:30,-1
1/25/2026 21:45,-1
1/25/2026 22:00,-1
1/25/2026 22:15,-1
1/25/2026 22:30,-1
1/25/2026 22:45,-1
1/25/2026 23:00,-1
1/25/2026 23:15,-1
1/25/2026 23:30,-1
1/25/2026 23:45,-1
1/26/2026 0:00,-1
1/26/2026 0:15,-1
1/26/2026 0:30,-1
1/26/2026 0:45,-1
1/26/2026 1:00,-1
1/26/2026 1:15,-1
1/26/2026 1:30,-1
1/26/2026 1:45,-1
1/26/2026 2:00,-1
1/26/2026 2:15,-1
1/26/2026 2:30,-1
1/26/2026 2:45,-1
1/26/2026 3:00,-1
1/26/2026 3:15,-1
1/26/2026 3:30,-1
1/26/2026 3:45,-1
1/26/2026 4:00,-1
1/26/2026 4:15,-1
1/26/2026 4:30,-1
1/26/2026 4:45,-1
1/26/2026 5:00,-1
1/26/2026 5:15,-1
1/26/2026 5:30,-1
1/26/2026 5:45,-1
1/26/2026 6:00,-1
1/26/2026 6:15,-1
1/26/2026 6:30,-1
1/26/2026 6:45,-1
1/26/2026 7:00,-1
1/26/2026 7:15,-1
1/26/2026 7:30,-25
1/26/2026 7:45,-212
1/26/2026 8:00,-481
1/26/2026 8:15,-770
1/26/2026 8:30,-1080
1/26/2026 8:45,-1346
1/26/2026 9:00,-1550
1/26/2026 9:15,-1579
1/26/2026 9:30,-1590
1/26/2026 9:45,-1580
1/26/2026 10:00,-1568
1/26/2026 10:15,-1546
1/26/2026 10:30,-1524
1/26/2026 10:45,-1500
1/26/2026 11:00,-1477
1/26/2026 11:15,-1453
1/26/2026 11:30,-1429
1/26/2026 11:45,-1416
1/26/2026 12:00,-1402
1/26/2026 12:15,-1383
1/26/2026 12:30,-1377
1/26/2026 12:45,-1383
1/26/2026 13:00,-1400
1/26/2026 13:15,-1416
1/26/2026 13:30,-1448
1/26/2026 13:45,-1472
1/26/2026 14:00,-1494
1/26/2026 14:15,-1519
1/26/2026 14:30,-1537
1/26/2026 14:45,-1559
1/26/2026 15:00,-1566
1/26/2026 15:15,-1566
1/26/2026 15:30,-1544
1/26/2026 15:45,-1496
1/26/2026 16:00,-1238
1/26/2026 16:15,-834
1/26/2026 16:30,-551
1/26/2026 16:45,-308
1/26/2026 17:00,-142
1/26/2026 17:15,-38
1/26/2026 17:30,-3
1/26/2026 17:45,-2
1/26/2026 18:00,-2
1/26/2026 18:15,-1
1/26/2026 18:30,-1
1/26/2026 18:45,-1
1/26/2026 19:00,-1
1/26/2026 19:15,-1
1/26/2026 19:30,-1
1/26/2026 19:45,-1
1/26/2026 20:00,-1
1/26/2026 20:15,-1
1/26/2026 20:30,-1
1/26/2026 20:45,-1
1/26/2026 21:00,-1
1/26/2026 21:15,-1
1/26/2026 21:30,-1
1/26/2026 21:45,-1
1/26/2026 22:00,-1
1/26/2026 22:15,-1
1/26/2026 22:30,-1
1/26/2026 22:45,-1
1/26/2026 23:00,-1
1/26/2026 23:15,-1
1/26/2026 23:30,-1
1/26/2026 23:45,-1
1/27/2026 0:00,-1
1/27/2026 0:15,-1
1/27/2026 0:30,-1
1/27/2026 0:45,-1
1/27/2026 1:00,-1
1/27/2026 1:15,-1
1/27/2026 1:30,-1
1/27/2026 1:45,-1
1/27/2026 2:00,-1
1/27/2026 2:15,-1
1/27/2026 2:30,-1
1/27/2026 2:45,-1
1/27/2026 3:00,-1
1/27/2026 3:15,-1
1/27/2026 3:30,-1
1/27/2026 3:45,-1
1/27/2026 4:00,-1
1/27/2026 4:15,-1
1/27/2026 4:30,-1
1/27/2026 4:45,-1
1/27/2026 5:00,-2
1/27/2026 5:15,-2
1/27/2026 5:30,-1
1/27/2026 5:45,-1
1/27/2026 6:00,-1
1/27/2026 6:15,-1
1/27/2026 6:30,-1
1/27/2026 6:45,-1
1/27/2026 7:00,-1
1/27/2026 7:15,-1
1/27/2026 7:30,-22
1/27/2026 7:45,-126
1/27/2026 8:00,-478
1/27/2026 8:15,-781
1/27/2026 8:30,-1065
1/27/2026 8:45,-1322
1/27/2026 9:00,-1530
1/27/2026 9:15,-1553
1/27/2026 9:30,-1575
1/27/2026 9:45,-1577
1/27/2026 10:00,-1551
1/27/2026 10:15,-1554
1/27/2026 10:30,-1527
1/27/2026 10:45,-1485
1/27/2026 11:00,-1446
1/27/2026 11:15,-1422
1/27/2026 11:30,-1404
1/27/2026 11:45,-1391
1/27/2026 12:00,-1382
1/27/2026 12:15,-1358
1/27/2026 12:30,-1357
1/27/2026 12:45,-1365
1/27/2026 13:00,-1387
1/27/2026 13:15,-1405
1/27/2026 13:30,-1429
1/27/2026 13:45,-1457
1/27/2026 14:00,-1471
1/27/2026 14:15,-1511
1/27/2026 14:30,-1511
1/27/2026 14:45,-1533
1/27/2026 15:00,-1555
1/27/2026 15:15,-1555
1/27/2026 15:30,-1524
1/27/2026 15:45,-1500
1/27/2026 16:00,-1267
1/27/2026 16:15,-852
1/27/2026 16:30,-540
1/27/2026 16:45,-314
1/27/2026 17:00,-156
1/27/2026 17:15,-28
1/27/2026 17:30,-2
1/27/2026 17:45,-2
1/27/2026 18:00,-2
1/27/2026 18:15,-1
1/27/2026 18:30,-1
1/27/2026 18:45,-1
1/27/2026 19:00,-1
1/27/2026 19:15,-1
1/27/2026 19:30,-1
1/27/2026 19:45,-1
1/27/2026 20:00,-1
1/27/2026 20:15,-1
1/27/2026 20:30,-1
1/27/2026 20:45,-1
1/27/2026 21:00,-1
1/27/2026 21:15,-1
1/27/2026 21:30,-1
1/27/2026 21:45,-1
1/27/2026 22:00,-1
1/27/2026 22:15,-1
1/27/2026 22:30,-1
1/27/2026 22:45,-1
1/27/2026 23:00,-1
1/27/2026 23:15,-1
1/27/2026 23:30,-1
1/27/2026 23:45,-1
1/28/2026 0:00,-1
1/28/2026 0:15,-1
1/28/2026 0:30,-1
1/28/2026 0:45,-1
1/28/2026 1:00,-1
1/28/2026 1:15,-1
1/28/2026 1:30,-1
1/28/2026 1:45,-1
1/28/2026 2:00,-1
1/28/2026 2:15,-1
1/28/2026 2:30,-1
1/28/2026 2:45,-1
1/28/2026 3:00,-1
1/28/2026 3:15,-1
1/28/2026 3:30,-1
1/28/2026 3:45,-1
1/28/2026 4:00,-1
1/28/2026 4:15,-1
1/28/2026 4:30,-1
1/28/2026 4:45,-1
1/28/2026 5:00,-1
1/28/2026 5:15,-1
1/28/2026 5:30,-1
1/28/2026 5:45,-1
1/28/2026 6:00,-1
1/28/2026 6:15,-1
1/28/2026 6:30,-1
1/28/2026 6:45,-1
1/28/2026 7:00,-1
1/28/2026 7:15,-2
1/28/2026 7:30,-40
1/28/2026 7:45,-140
1/28/2026 8:00,-281
1/28/2026 8:15,-799
1/28/2026 8:30,-940
1/28/2026 8:45,-591
1/28/2026 9:00,-950
1/28/2026 9:15,-1538
1/28/2026 9:30,-744
1/28/2026 9:45,-1588
1/28/2026 10:00,-1325
1/28/2026 10:15,-1440
1/28/2026 10:30,-1233
1/28/2026 10:45,-1208
1/28/2026 11:00,-1256
1/28/2026 11:15,-1015
1/28/2026 11:30,-1119
1/28/2026 11:45,-1144
1/28/2026 12:00,-1375
1/28/2026 12:15,-1233
1/28/2026 12:30,-661
1/28/2026 12:45,-908
1/28/2026 13:00,-886
1/28/2026 13:15,-850
1/28/2026 13:30,-653
1/28/2026 13:45,-736
1/28/2026 14:00,-497
1/28/2026 14:15,-583
1/28/2026 14:30,-423
1/28/2026 14:45,-1083
1/28/2026 15:00,-662
1/28/2026 15:15,-779
1/28/2026 15:30,-449
1/28/2026 15:45,-422
1/28/2026 16:00,-846
1/28/2026 16:15,-366
1/28/2026 16:30,-367
1/28/2026 16:45,-315
1/28/2026 17:00,-144
1/28/2026 17:15,-56
1/28/2026 17:30,-2
1/28/2026 17:45,-2
1/28/2026 18:00,-2
1/28/2026 18:15,-2
1/28/2026 18:30,-1
1/28/2026 18:45,-1
1/28/2026 19:00,-1
1/28/2026 19:15,-1
1/28/2026 19:30,-2
1/28/2026 19:45,-1
1/28/2026 20:00,-1
1/28/2026 20:15,-1
1/28/2026 20:30,-1
1/28/2026 20:45,-1
1/28/2026 21:00,-1
1/28/2026 21:15,-1
1/28/2026 21:30,-1
1/28/2026 21:45,-1
1/28/2026 22:00,-1
1/28/2026 22:15,-1
1/28/2026 22:30,-1
1/28/2026 22:45,-1
1/28/2026 23:00,-1
1/28/2026 23:15,-1
1/28/2026 23:30,-1
1/28/2026 23:45,-1
1/29/2026 0:00,-1
1/29/2026 0:15,-1
1/29/2026 0:30,-1
1/29/2026 0:45,-1
1/29/2026 1:00,-1
1/29/2026 1:15,-1
1/29/2026 1:30,-1
1/29/2026 1:45,-1
1/29/2026 2:00,-1
1/29/2026 2:15,-1
1/29/2026 2:30,-1
1/29/2026 2:45,-1
1/29/2026 3:00,-1
1/29/2026 3:15,-1
1/29/2026 3:30,-1
1/29/2026 3:45,-1
1/29/2026 4:00,-1
1/29/2026 4:15,-1
1/29/2026 4:30,-1
1/29/2026 4:45,-1
1/29/2026 5:00,-1
1/29/2026 5:15,-1
1/29/2026 5:30,-1
1/29/2026 5:45,-1
1/29/2026 6:00,-1
1/29/2026 6:15,-1
1/29/2026 6:30,-1
1/29/2026 6:45,-1
1/29/2026 7:00,-1
1/29/2026 7:15,-1
1/29/2026 7:30,-48
1/29/2026 7:45,-189
1/29/2026 8:00,-448
1/29/2026 8:15,-735
1/29/2026 8:30,-1015
1/29/2026 8:45,-1282
1/29/2026 9:00,-1433
1/29/2026 9:15,-1538
1/29/2026 9:30,-1557
1/29/2026 9:45,-1558
1/29/2026 10:00,-1543
1/29/2026 10:15,-1522
1/29/2026 10:30,-1500
1/29/2026 10:45,-1476
1/29/2026 11:00,-1453
1/29/2026 11:15,-1427
1/29/2026 11:30,-1404
1/29/2026 11:45,-1384
1/29/2026 12:00,-1371
1/29/2026 12:15,-1364
1/29/2026 12:30,-1367
1/29/2026 12:45,-1373
1/29/2026 13:00,-1387
1/29/2026 13:15,-1409
1/29/2026 13:30,-1432
1/29/2026 13:45,-1451
1/29/2026 14:00,-1469
1/29/2026 14:15,-1477
1/29/2026 14:30,-1495
1/29/2026 14:45,-1512
1/29/2026 15:00,-1515
1/29/2026 15:15,-1516
1/29/2026 15:30,-1506
1/29/2026 15:45,-1461
1/29/2026 16:00,-1249
1/29/2026 16:15,-897
1/29/2026 16:30,-564
1/29/2026 16:45,-316
1/29/2026 17:00,-157
1/29/2026 17:15,-51
1/29/2026 17:30,-13
1/29/2026 17:45,-2
1/29/2026 18:00,-2
1/29/2026 18:15,-2
1/29/2026 18:30,-2
1/29/2026 18:45,-2
1/29/2026 19:00,-2
1/29/2026 19:15,-1
1/29/2026 19:30,-2
1/29/2026 19:45,-1
1/29/2026 20:00,-1
1/29/2026 20:15,-1
1/29/2026 20:30,-1
1/29/2026 20:45,-1
1/29/2026 21:00,-1
1/29/2026 21:15,-1
1/29/2026 21:30,-1
1/29/2026 21:45,-1
1/29/2026 22:00,-1
1/29/2026 22:30,-1
1/29/2026 22:45,-1
1/29/2026 23:00,-1
1/29/2026 23:15,-1
1/29/2026 23:30,-1
1/29/2026 23:45,-1
1/30/2026 0:00,-1
1/30/2026 0:15,-1
1/30/2026 0:30,-1
1/30/2026 0:45,-1
1/30/2026 1:00,-1
1/30/2026 1:15,-1
1/30/2026 1:30,-1
1/30/2026 1:45,-1
1/30/2026 2:00,-1
1/30/2026 2:15,-1
1/30/2026 2:30,-1
1/30/2026 2:45,-1
1/30/2026 3:00,-1
1/30/2026 3:15,-1
1/30/2026 3:30,-1
1/30/2026 3:45,-1
1/30/2026 4:00,-1
1/30/2026 4:15,-1
1/30/2026 4:30,-1
1/30/2026 4:45,-1
1/30/2026 5:00,-1
1/30/2026 5:15,-1
1/30/2026 5:30,-1
1/30/2026 5:45,-1
1/30/2026 6:00,-1
1/30/2026 6:15,-1
1/30/2026 6:30,-1
1/30/2026 6:45,-1
1/30/2026 7:00,-1
1/30/2026 7:15,-1
1/30/2026 7:30,-69
1/30/2026 7:45,-215
1/30/2026 8:00,-508
1/30/2026 8:15,-777
1/30/2026 8:30,-1089
1/30/2026 8:45,-1346
1/30/2026 9:00,-1499
1/30/2026 9:15,-1526
1/30/2026 9:30,-1534
1/30/2026 9:45,-1542
1/30/2026 10:00,-1534
1/30/2026 10:15,-1514
1/30/2026 10:30,-1480
1/30/2026 10:45,-1456
1/30/2026 11:00,-1437
1/30/2026 11:15,-1413
1/30/2026 11:30,-1403
1/30/2026 11:45,-1384
1/30/2026 12:15,-1371
1/30/2026 12:30,-1368
1/30/2026 12:45,-1376
1/30/2026 13:00,-1390
1/30/2026 13:15,-1412
1/30/2026 13:30,-1431
1/30/2026 13:45,-1457
1/30/2026 14:00,-1486
1/30/2026 14:15,-1508
1/30/2026 14:30,-1526
1/30/2026 14:45,-1540
1/30/2026 15:00,-1550
1/30/2026 15:15,-1547
1/30/2026 15:30,-1529
1/30/2026 15:45,-1487
1/30/2026 16:00,-1289
1/30/2026 16:15,-889
1/30/2026 16:30,-544
1/30/2026 16:45,-342
1/30/2026 17:00,-165
1/30/2026 17:15,-54
1/30/2026 17:30,-12
1/30/2026 17:45,-2
1/30/2026 18:00,-2
1/30/2026 18:15,-2
1/30/2026 18:30,-2
1/30/2026 18:45,-2
1/30/2026 19:00,-2
1/30/2026 19:15,-1
1/30/2026 19:30,-2
1/30/2026 19:45,-2
1/30/2026 20:00,-1
1/30/2026 20:15,-1
1/30/2026 20:30,-1
1/30/2026 20:45,-1
1/30/2026 21:00,-1
1/30/2026 21:15,-2
1/30/2026 21:30,-1
1/30/2026 21:45,-1
1/30/2026 22:00,-1
1/30/2026 22:15,-1
1/30/2026 22:30,-1
1/30/2026 22:45,-1
1/30/2026 23:00,-1
1/30/2026 23:15,-1
1/30/2026 23:30,-1
1/30/2026 23:45,-1
1/31/2026 0:00,-1
1/31/2026 0:15,-1
1/31/2026 0:30,-1
1/31/2026 0:45,-1
1/31/2026 1:00,-1
1/31/2026 1:15,-1
1/31/2026 1:30,-1
1/31/2026 1:45,-1
1/31/2026 2:00,-1
1/31/2026 2:15,-1
1/31/2026 2:30,-1
1/31/2026 2:45,-1
1/31/2026 3:00,-1
1/31/2026 3:15,-1
1/31/2026 3:30,-1
1/31/2026 3:45,-1
1/31/2026 4:00,-1
1/31/2026 4:15,-1
1/31/2026 4:30,-1
1/31/2026 4:45,-1
1/31/2026 5:00,-1
1/31/2026 5:15,-1
1/31/2026 5:30,-1
1/31/2026 5:45,-1
1/31/2026 6:00,-1
1/31/2026 6:15,-1
1/31/2026 6:30,-1
1/31/2026 6:45,-1
1/31/2026 7:00,-1
1/31/2026 7:15,-1
1/31/2026 7:30,-81
1/31/2026 7:45,-267
1/31/2026 8:00,-513
1/31/2026 8:15,-789
1/31/2026 8:30,-845
1/31/2026 8:45,-1190
1/31/2026 9:00,-1319
1/31/2026 9:15,-1351
1/31/2026 9:30,-1480
1/31/2026 9:45,-1481
1/31/2026 10:00,-1485
1/31/2026 10:15,-1252
1/31/2026 10:30,-1298
1/31/2026 10:45,-1192
1/31/2026 11:00,-1227
1/31/2026 11:15,-1287
1/31/2026 11:30,-1213
1/31/2026 11:45,-1376
1/31/2026 12:00,-1359
1/31/2026 12:15,-1367
1/31/2026 12:30,-1353
1/31/2026 12:45,-1367
1/31/2026 13:00,-1356
1/31/2026 13:15,-1389
1/31/2026 13:30,-1412
1/31/2026 13:45,-1445
1/31/2026 14:00,-1479
1/31/2026 14:15,-1496
1/31/2026 14:30,-1507
1/31/2026 14:45,-1542
1/31/2026 15:00,-1528
1/31/2026 15:15,-1222
1/31/2026 15:30,-1241
1/31/2026 15:45,-986
1/31/2026 16:00,-1313
1/31/2026 16:15,-863
1/31/2026 16:30,-554
1/31/2026 16:45,-368
1/31/2026 17:00,-182
1/31/2026 17:15,-67
1/31/2026 17:30,-18
1/31/2026 17:45,-3
1/31/2026 18:00,-2
1/31/2026 18:15,-2
1/31/2026 18:30,-2
1/31/2026 18:45,-2
1/31/2026 19:00,-1
1/31/2026 19:15,-1
1/31/2026 19:30,-1
1/31/2026 19:45,-1
1/31/2026 20:00,-1
1/31/2026 20:15,-1
1/31/2026 20:30,-1
1/31/2026 20:45,-1
1/31/2026 21:00,-1
1/31/2026 21:15,-1
1/31/2026 21:30,-1
1/31/2026 21:45,-1
1/31/2026 22:00,-1
1/31/2026 22:15,-1
1/31/2026 22:30,-1
1/31/2026 22:45,-1
1/31/2026 23:00,-1
1/31/2026 23:15,-1
1/31/2026 23:30,-1
1/31/2026 23:45,-1
2/1/2026 0:00,-1
2/1/2026 0:15,-1
2/1/2026 0:30,-1
2/1/2026 0:45,-1
2/1/2026 1:00,-1
2/1/2026 1:15,-1
2/1/2026 1:30,-1
2/1/2026 1:45,-1
2/1/2026 2:00,-1
2/1/2026 2:15,-1
2/1/2026 2:30,-1
2/1/2026 2:45,-1
2/1/2026 3:00,-1
2/1/2026 3:15,-1
2/1/2026 3:30,-2
2/1/2026 3:45,-1
2/1/2026 4:00,-1
2/1/2026 4:15,-1
2/1/2026 4:30,-1
2/1/2026 4:45,-1
2/1/2026 5:00,-1
2/1/2026 5:15,-1
2/1/2026 5:30,-1
2/1/2026 5:45,-1
2/1/2026 6:00,-1
2/1/2026 6:15,-1
2/1/2026 6:30,-1
2/1/2026 6:45,-1
2/1/2026 7:00,-1
2/1/2026 7:15,-9
2/1/2026 7:30,-104
2/1/2026 7:45,-298
2/1/2026 8:00,-576
2/1/2026 8:15,-890
2/1/2026 8:30,-1211
2/1/2026 8:45,-1445
2/1/2026 9:00,-1340
2/1/2026 9:15,-1352
2/1/2026 9:30,-1317
2/1/2026 9:45,-1551
2/1/2026 10:00,-1517
2/1/2026 10:15,-1588
2/1/2026 10:30,-1259
2/1/2026 10:45,-1487
2/1/2026 11:00,-1447
2/1/2026 11:15,-1411
2/1/2026 11:30,-1378
2/1/2026 11:45,-1381
2/1/2026 12:00,-1366
2/1/2026 12:15,-1354
2/1/2026 12:30,-1351
2/1/2026 12:45,-1372
2/1/2026 13:00,-1385
2/1/2026 13:15,-1397
2/1/2026 13:30,-1414
2/1/2026 13:45,-1434
2/1/2026 14:00,-1465
2/1/2026 14:15,-1483
2/1/2026 14:30,-1508
2/1/2026 14:45,-1522
2/1/2026 15:00,-1533
2/1/2026 15:15,-1535
2/1/2026 15:30,-1516
2/1/2026 15:45,-1476
2/1/2026 16:00,-1309
2/1/2026 16:15,-948
2/1/2026 16:30,-573
2/1/2026 16:45,-362
2/1/2026 17:00,-188
2/1/2026 17:15,-69
2/1/2026 17:30,-16
2/1/2026 17:45,-2
2/1/2026 18:00,-2
2/1/2026 18:15,-2
2/1/2026 18:30,-2
2/1/2026 18:45,-1
2/1/2026 19:00,-2
2/1/2026 19:15,-2
2/1/2026 19:30,-1
2/1/2026 19:45,-1
2/1/2026 20:00,-1
2/1/2026 20:15,-1
2/1/2026 20:30,-1
2/1/2026 20:45,-1
2/1/2026 21:00,-2
2/1/2026 21:15,-1
2/1/2026 21:30,-1
2/1/2026 21:45,-1
2/1/2026 22:00,-1
2/1/2026 22:15,-1
2/1/2026 22:30,-1
2/1/2026 22:45,-1
2/1/2026 23:00,-1
2/1/2026 23:15,-1
2/1/2026 23:30,-1
2/1/2026 23:45,-1
2/2/2026 0:00,-1
2/2/2026 0:15,-1
2/2/2026 0:30,-1
2/2/2026 0:45,-1
2/2/2026 1:00,-1
2/2/2026 1:15,-2
2/2/2026 1:30,-2
2/2/2026 1:45,-1
2/2/2026 2:00,-1
2/2/2026 2:15,-2
2/2/2026 2:30,-1
2/2/2026 2:45,-2
2/2/2026 3:00,-1
2/2/2026 3:15,-1
2/2/2026 3:30,-1
2/2/2026 3:45,-2
2/2/2026 4:00,-1
2/2/2026 4:15,-1
2/2/2026 4:30,-1
2/2/2026 4:45,-1
2/2/2026 5:00,-1
2/2/2026 5:15,-1
2/2/2026 5:30,-1
2/2/2026 5:45,-1
2/2/2026 6:00,-1
2/2/2026 6:15,-1
2/2/2026 6:30,-1
2/2/2026 6:45,-1
2/2/2026 7:00,-1
2/2/2026 7:15,-10
2/2/2026 7:30,-36
2/2/2026 7:45,-107
2/2/2026 8:00,-160
2/2/2026 8:15,-191
2/2/2026 8:30,-305
2/2/2026 8:45,-510
2/2/2026 9:00,-741
2/2/2026 9:15,-767
2/2/2026 9:30,-1477
2/2/2026 9:45,-1457
2/2/2026 10:00,-1460
2/2/2026 10:15,-1214
2/2/2026 10:30,-917
2/2/2026 10:45,-960
2/2/2026 11:00,-1260
2/2/2026 11:15,-987
2/2/2026 11:30,-1556
2/2/2026 11:45,-507
2/2/2026 12:00,-608
2/2/2026 12:15,-606
2/2/2026 12:30,-1520
2/2/2026 12:45,-755
2/2/2026 13:00,-1558
2/2/2026 13:15,-1359
2/2/2026 13:30,-1399
2/2/2026 13:45,-1588
2/2/2026 14:00,-1169
2/2/2026 14:15,-454
2/2/2026 14:30,-1481
2/2/2026 14:45,-1436
2/2/2026 15:00,-1451
2/2/2026 15:15,-1491
2/2/2026 15:30,-1659
2/2/2026 15:45,-1164
2/2/2026 16:00,-275
2/2/2026 16:15,-209
2/2/2026 16:30,-666
2/2/2026 16:45,-181
2/2/2026 17:00,-103
2/2/2026 17:15,-77
2/2/2026 17:30,-37
2/2/2026 17:45,-2
2/2/2026 18:00,-2
2/2/2026 18:15,-2
2/2/2026 18:30,-2
2/2/2026 18:45,-2
2/2/2026 19:00,-2
2/2/2026 19:15,-1
2/2/2026 19:30,-2
2/2/2026 19:45,-2
2/2/2026 20:00,-1
2/2/2026 20:15,-1
2/2/2026 20:30,-1
2/2/2026 20:45,-1
2/2/2026 21:00,-1
2/2/2026 21:15,-1
2/2/2026 21:30,-1
2/2/2026 21:45,-1
2/2/2026 22:00,-1
2/2/2026 22:15,-1
2/2/2026 22:30,-2
2/2/2026 22:45,-1
2/2/2026 23:00,-1
2/2/2026 23:15,-1
2/2/2026 23:30,-1
2/2/2026 23:45,-1
2/3/2026 0:00,-1
2/3/2026 0:15,-1
2/3/2026 0:30,-1
2/3/2026 0:45,-1
2/3/2026 1:00,-1
2/3/2026 1:15,-1
2/3/2026 1:30,-1
2/3/2026 1:45,-1
2/3/2026 2:00,-1
2/3/2026 2:15,-1
2/3/2026 2:30,-1
2/3/2026 2:45,-1
2/3/2026 3:00,-1
2/3/2026 3:15,-1
2/3/2026 3:30,-1
2/3/2026 3:45,-1
2/3/2026 4:00,-1
2/3/2026 4:15,-1
2/3/2026 4:30,-1
2/3/2026 4:45,-1
2/3/2026 5:00,-1
2/3/2026 5:15,-1
2/3/2026 5:30,-1
2/3/2026 5:45,-1
2/3/2026 6:00,-1
2/3/2026 6:15,-1
2/3/2026 6:30,-1
2/3/2026 6:45,-1
2/3/2026 7:00,-1
2/3/2026 7:15,-1
2/3/2026 7:30,-96
2/3/2026 7:45,-290
2/3/2026 8:00,-592
2/3/2026 8:15,-871
2/3/2026 8:30,-1175
2/3/2026 8:45,-1423
2/3/2026 9:00,-1539
2/3/2026 9:15,-1561
2/3/2026 9:30,-1567
2/3/2026 9:45,-1569
2/3/2026 10:00,-1552
2/3/2026 10:15,-1528
2/3/2026 10:30,-1501
2/3/2026 10:45,-1473
2/3/2026 11:00,-1457
2/3/2026 11:15,-1437
2/3/2026 11:30,-1414
2/3/2026 11:45,-1395
2/3/2026 12:00,-1382
2/3/2026 12:15,-1373
2/3/2026 12:30,-1369
2/3/2026 12:45,-1388
2/3/2026 13:00,-1376
2/3/2026 13:15,-1429
2/3/2026 13:30,-1325
2/3/2026 13:45,-1515
2/3/2026 14:00,-1313
2/3/2026 14:15,-1509
2/3/2026 14:30,-854
2/3/2026 14:45,-1321
2/3/2026 15:00,-1408
2/3/2026 15:15,-1622
2/3/2026 15:30,-1559
2/3/2026 15:45,-1493
2/3/2026 16:00,-1311
2/3/2026 16:15,-943
2/3/2026 16:30,-656
2/3/2026 16:45,-376
2/3/2026 17:00,-217
2/3/2026 17:15,-108
2/3/2026 17:30,-21
2/3/2026 17:45,-3
2/3/2026 18:00,-2
2/3/2026 18:15,-2
2/3/2026 18:30,-2
2/3/2026 18:45,-2
2/3/2026 19:00,-2
2/3/2026 19:15,-2
2/3/2026 19:30,-2
2/3/2026 19:45,-2
2/3/2026 20:00,-2
2/3/2026 20:15,-2
2/3/2026 20:30,-1
2/3/2026 20:45,-2
2/3/2026 21:00,-1
2/3/2026 21:15,-1
2/3/2026 21:30,-1
2/3/2026 21:45,-1
2/3/2026 22:00,-2
2/3/2026 22:15,-1
2/3/2026 22:30,-1
2/3/2026 22:45,-1
2/3/2026 23:00,-1
2/3/2026 23:15,-1
2/3/2026 23:30,-2
2/3/2026 23:45,-1
2/4/2026 0:00,-1
2/4/2026 0:15,-1
2/4/2026 0:30,-1
2/4/2026 0:45,-1
2/4/2026 1:00,-1
2/4/2026 1:15,-1
2/4/2026 1:30,-1
2/4/2026 1:45,-1
2/4/2026 2:00,-1
2/4/2026 2:15,-1
2/4/2026 2:30,-1
2/4/2026 2:45,-1
2/4/2026 3:00,-1
2/4/2026 3:15,-1
2/4/2026 3:30,-1
2/4/2026 3:45,-1
2/4/2026 4:00,-1
2/4/2026 4:15,-1
2/4/2026 4:30,-1
2/4/2026 4:45,-1
2/4/2026 5:00,-1
2/4/2026 5:15,-1
2/4/2026 5:30,-1
2/4/2026 5:45,-1
2/4/2026 6:00,-1
2/4/2026 6:15,-1
2/4/2026 6:30,-1
2/4/2026 6:45,-1
2/4/2026 7:00,-1
2/4/2026 7:15,-1
2/4/2026 7:30,-42
2/4/2026 7:45,-139
2/4/2026 8:00,-323
2/4/2026 8:15,-591
2/4/2026 8:30,-780
2/4/2026 8:45,-986
2/4/2026 9:00,-1564
2/4/2026 9:15,-1584
2/4/2026 9:30,-1582
2/4/2026 9:45,-1575
2/4/2026 10:00,-1558
2/4/2026 10:15,-1541
2/4/2026 10:30,-1521
2/4/2026 10:45,-1485
2/4/2026 11:00,-1456
2/4/2026 11:15,-1427
2/4/2026 11:30,-1416
2/4/2026 11:45,-1399
2/4/2026 12:00,-1396
2/4/2026 12:15,-1379
2/4/2026 12:30,-1369
2/4/2026 12:45,-1395
2/4/2026 13:00,-1403
2/4/2026 13:15,-1395
2/4/2026 13:30,-1398
2/4/2026 13:45,-1445
2/4/2026 14:00,-1460
2/4/2026 14:15,-1438
2/4/2026 14:30,-1523
2/4/2026 14:45,-1525
2/4/2026 15:00,-1505
2/4/2026 15:15,-1490
2/4/2026 15:30,-1553
2/4/2026 15:45,-1172
2/4/2026 16:00,-1412
2/4/2026 16:15,-1080
2/4/2026 16:30,-688
2/4/2026 16:45,-498
2/4/2026 17:00,-272
2/4/2026 17:15,-100
2/4/2026 17:30,-21
2/4/2026 17:45,-3
2/4/2026 18:00,-2
2/4/2026 18:15,-2
2/4/2026 18:30,-2
2/4/2026 18:45,-1
2/4/2026 19:00,-2
2/4/2026 19:15,-1
2/4/2026 19:30,-1
2/4/2026 19:45,-1
2/4/2026 20:00,-1
2/4/2026 20:15,-1
2/4/2026 20:30,-1
2/4/2026 20:45,-2
2/4/2026 21:00,-1
2/4/2026 21:15,-1
2/4/2026 21:30,-1
2/4/2026 21:45,-1
2/4/2026 22:00,-1
2/4/2026 22:15,-1
2/4/2026 22:30,-1
2/4/2026 22:45,-1
2/4/2026 23:00,-1
2/4/2026 23:15,-1
2/4/2026 23:30,-1
2/4/2026 23:45,-1
2/5/2026 0:00,-1
2/5/2026 0:15,-1
2/5/2026 0:30,-1
2/5/2026 0:45,-1
2/5/2026 1:00,-1
2/5/2026 1:15,-1
2/5/2026 1:30,-1
2/5/2026 1:45,-1
2/5/2026 2:00,-1
2/5/2026 2:15,-1
2/5/2026 2:30,-1
2/5/2026 2:45,-1
2/5/2026 3:00,-1
2/5/2026 3:15,-1
2/5/2026 3:30,-2
2/5/2026 3:45,-1
2/5/2026 4:00,-1
2/5/2026 4:15,-1
2/5/2026 4:30,-1
2/5/2026 4:45,-1
2/5/2026 5:00,-1
2/5/2026 5:15,-1
2/5/2026 5:30,-1
2/5/2026 5:45,-1
2/5/2026 6:00,-1
2/5/2026 6:15,-1
2/5/2026 6:30,-1
2/5/2026 6:45,-1
2/5/2026 7:00,-1
2/5/2026 7:15,-5
2/5/2026 7:30,-99
2/5/2026 7:45,-327
2/5/2026 8:00,-610
2/5/2026 8:15,-934
2/5/2026 8:30,-1217
2/5/2026 8:45,-1471
2/5/2026 9:00,-1516
2/5/2026 9:15,-1540
2/5/2026 9:30,-1543
2/5/2026 9:45,-1534
2/5/2026 10:00,-1550
2/5/2026 10:15,-1532
2/5/2026 10:30,-1509
2/5/2026 10:45,-1483
2/5/2026 11:00,-1468
2/5/2026 11:15,-1446
2/5/2026 11:30,-1417
2/5/2026 11:45,-1261
2/5/2026 12:00,-1400
2/5/2026 12:15,-1383
2/5/2026 12:30,-1354
2/5/2026 12:45,-1366
2/5/2026 13:00,-1405
2/5/2026 13:15,-1418
2/5/2026 13:30,-1440
2/5/2026 13:45,-1463
2/5/2026 14:00,-1372
2/5/2026 14:15,-1441
2/5/2026 14:30,-1507
2/5/2026 14:45,-1518
2/5/2026 15:00,-1532
2/5/2026 15:15,-1539
2/5/2026 15:30,-1529
2/5/2026 15:45,-1502
2/5/2026 16:00,-1391
2/5/2026 16:15,-1050
2/5/2026 16:30,-707
2/5/2026 16:45,-439
2/5/2026 17:00,-238
2/5/2026 17:15,-100
2/5/2026 17:30,-23
2/5/2026 17:45,-3
2/5/2026 18:00,-2
2/5/2026 18:15,-2
2/5/2026 18:30,-2
2/5/2026 18:45,-3
2/5/2026 19:00,-2
2/5/2026 19:15,-2
2/5/2026 19:30,-1
2/5/2026 19:45,-2
2/5/2026 20:15,-2
2/5/2026 20:30,-1
2/5/2026 20:45,-1
2/5/2026 21:00,-1
2/5/2026 21:15,-1
2/5/2026 21:30,-1
2/5/2026 21:45,-1
2/5/2026 22:00,-1
2/5/2026 22:15,-1
2/5/2026 22:30,-2
2/5/2026 22:45,-1
2/5/2026 23:00,-2
2/5/2026 23:15,-2
2/5/2026 23:30,-1
2/5/2026 23:45,-1
2/6/2026 0:00,-1
2/6/2026 0:15,-2
2/6/2026 0:30,-1
2/6/2026 0:45,-1
2/6/2026 1:00,-1
2/6/2026 1:15,-1
2/6/2026 1:30,-1
2/6/2026 1:45,-1
2/6/2026 2:00,-1
2/6/2026 2:15,-1
2/6/2026 2:30,-1
2/6/2026 2:45,-1
2/6/2026 3:00,-1
2/6/2026 3:15,-1
2/6/2026 3:30,-1
2/6/2026 3:45,-1
2/6/2026 4:00,-1
2/6/2026 4:15,-1
2/6/2026 4:30,-2
2/6/2026 4:45,-1
2/6/2026 5:00,-1
2/6/2026 5:15,-1
2/6/2026 5:30,-1
2/6/2026 5:45,-1
2/6/2026 6:00,-1
2/6/2026 6:15,-1
2/6/2026 6:30,-2
2/6/2026 6:45,-1
2/6/2026 7:00,-1
2/6/2026 7:15,-16
2/6/2026 7:30,-103
2/6/2026 7:45,-328
2/6/2026 8:00,-628
2/6/2026 8:15,-935
2/6/2026 8:30,-1200
2/6/2026 8:45,-1456
2/6/2026 9:00,-1546
2/6/2026 9:15,-1565
2/6/2026 9:30,-1572
2/6/2026 9:45,-1540
2/6/2026 10:00,-1501
2/6/2026 10:15,-1489
2/6/2026 10:30,-1367
2/6/2026 10:45,-1513
2/6/2026 11:00,-1423
2/6/2026 11:15,-1349
2/6/2026 11:30,-1421
2/6/2026 11:45,-1317
2/6/2026 12:00,-1406
2/6/2026 12:15,-1219
2/6/2026 12:30,-1464
2/6/2026 12:45,-1234
2/6/2026 13:00,-1236
2/6/2026 13:15,-1343
2/6/2026 13:30,-1187
2/6/2026 13:45,-1356
2/6/2026 14:00,-1471
2/6/2026 14:15,-1129
2/6/2026 14:30,-1586
2/6/2026 14:45,-1219
2/6/2026 15:00,-1187
2/6/2026 15:15,-1435
2/6/2026 15:30,-1034
2/6/2026 15:45,-1167
2/6/2026 16:00,-1155
2/6/2026 16:15,-437
2/6/2026 16:30,-578
2/6/2026 16:45,-218
2/6/2026 17:00,-336
2/6/2026 17:15,-133
2/6/2026 17:30,-29
2/6/2026 17:45,-3
2/6/2026 18:00,-3
2/6/2026 18:15,-2
2/6/2026 18:30,-2
2/6/2026 18:45,-2
2/6/2026 19:00,-2
2/6/2026 19:15,-2
2/6/2026 19:30,-2
2/6/2026 19:45,-1
2/6/2026 20:00,-2
2/6/2026 20:15,-1
2/6/2026 20:30,-1
2/6/2026 20:45,-2
2/6/2026 21:00,-1
2/6/2026 21:15,-1
2/6/2026 21:30,-1
2/6/2026 21:45,-2
2/6/2026 22:00,-2
2/6/2026 22:15,-1
2/6/2026 22:30,-1
2/6/2026 22:45,-1
2/6/2026 23:00,-1
2/6/2026 23:15,-1
2/6/2026 23:30,-2
2/6/2026 23:45,-1
2/7/2026 0:00,-2
2/7/2026 0:15,-2
2/7/2026 0:30,-2
2/7/2026 0:45,-2
2/7/2026 1:00,-2
2/7/2026 1:15,-2
2/7/2026 1:30,-2
2/7/2026 1:45,-2
2/7/2026 2:00,-2
2/7/2026 2:15,-2
2/7/2026 2:30,-2
2/7/2026 2:45,-2
2/7/2026 3:00,-2
2/7/2026 3:15,-2
2/7/2026 3:30,-2
2/7/2026 3:45,-2
2/7/2026 4:00,-2
2/7/2026 4:15,-2
2/7/2026 4:30,-2
2/7/2026 4:45,-2
2/7/2026 5:00,-1
2/7/2026 5:15,-1
2/7/2026 5:30,-1
2/7/2026 5:45,-1
2/7/2026 6:00,-1
2/7/2026 6:15,-1
2/7/2026 6:30,-1
2/7/2026 6:45,-1
2/7/2026 7:00,-2
2/7/2026 7:15,-20
2/7/2026 7:30,-101
2/7/2026 7:45,-322
2/7/2026 8:00,-560
2/7/2026 8:15,-603
2/7/2026 8:30,-506
2/7/2026 8:45,-1444
2/7/2026 9:00,-1078
2/7/2026 9:15,-1590
2/7/2026 9:30,-1549
2/7/2026 9:45,-1555
2/7/2026 10:00,-1499
2/7/2026 10:15,-1405
2/7/2026 10:30,-1157
2/7/2026 10:45,-1400
2/7/2026 11:00,-1429
2/7/2026 11:15,-1486
2/7/2026 11:30,-1414
2/7/2026 11:45,-1472
2/7/2026 12:00,-1411
2/7/2026 12:15,-879
2/7/2026 12:30,-828
2/7/2026 12:45,-996
2/7/2026 13:00,-837
2/7/2026 13:15,-731
2/7/2026 13:30,-1218
2/7/2026 13:45,-1429
2/7/2026 14:00,-1414
2/7/2026 14:15,-1112
2/7/2026 14:30,-1666
2/7/2026 14:45,-1286
2/7/2026 15:00,-872
2/7/2026 15:15,-815
2/7/2026 15:30,-1586
2/7/2026 15:45,-1534
2/7/2026 16:00,-1453
2/7/2026 16:15,-1157
2/7/2026 16:30,-704
2/7/2026 16:45,-456
2/7/2026 17:00,-264
2/7/2026 17:15,-117
2/7/2026 17:30,-28
2/7/2026 17:45,-4
2/7/2026 18:00,-2
2/7/2026 18:15,-2
2/7/2026 18:30,-2
2/7/2026 18:45,-2
2/7/2026 19:00,-2
2/7/2026 19:15,-2
2/7/2026 19:30,-2
2/7/2026 19:45,-1
2/7/2026 20:00,-2
2/7/2026 20:15,-1
2/7/2026 20:30,-2
2/7/2026 20:45,-2
2/7/2026 21:00,-1
2/7/2026 21:15,-2
2/7/2026 21:30,-1
2/7/2026 21:45,-2
2/7/2026 22:00,-1
2/7/2026 22:15,-1
2/7/2026 22:30,-1
2/7/2026 22:45,-1
2/7/2026 23:00,-1
2/7/2026 23:15,-1
2/7/2026 23:30,-1
2/7/2026 23:45,-1
2/8/2026 0:00,-1
2/8/2026 0:15,-1
2/8/2026 0:30,-1
2/8/2026 0:45,-1
2/8/2026 1:00,-2
2/8/2026 1:15,-1
2/8/2026 1:30,-1
2/8/2026 1:45,-2
2/8/2026 2:00,-1
2/8/2026 2:15,-1
2/8/2026 2:30,-2
2/8/2026 2:45,-1
2/8/2026 3:00,-1
2/8/2026 3:15,-2
2/8/2026 3:30,-1
2/8/2026 3:45,-1
2/8/2026 4:00,-1
2/8/2026 4:15,-1
2/8/2026 4:30,-1
2/8/2026 4:45,-1
2/8/2026 5:00,-1
2/8/2026 5:15,-1
2/8/2026 5:30,-1
2/8/2026 5:45,-1
2/8/2026 6:00,-1
2/8/2026 6:15,-1
2/8/2026 6:30,-1
2/8/2026 6:45,-1
2/8/2026 7:00,-2
2/8/2026 7:15,-10
2/8/2026 7:30,-94
2/8/2026 7:45,-322
2/8/2026 8:00,-636
2/8/2026 8:15,-955
2/8/2026 8:30,-1246
2/8/2026 8:45,-1490
2/8/2026 9:00,-1563
2/8/2026 9:15,-1583
2/8/2026 9:30,-1587
2/8/2026 9:45,-1576
2/8/2026 10:00,-1558
2/8/2026 10:15,-1541
2/8/2026 10:30,-1527
2/8/2026 10:45,-1493
2/8/2026 11:00,-1463
2/8/2026 11:15,-1445
2/8/2026 11:30,-1429
2/8/2026 11:45,-1420
2/8/2026 12:00,-1405
2/8/2026 12:15,-1415
2/8/2026 12:30,-1415
2/8/2026 12:45,-1430
2/8/2026 13:00,-1443
2/8/2026 13:15,-1458
2/8/2026 13:30,-1479
2/8/2026 13:45,-1497
2/8/2026 14:00,-1539
2/8/2026 14:15,-1144
2/8/2026 14:30,-1553
2/8/2026 14:45,-1577
2/8/2026 15:00,-1407
2/8/2026 15:15,-1608
2/8/2026 15:30,-1585
2/8/2026 15:45,-1392
2/8/2026 16:00,-787
2/8/2026 16:15,-800
2/8/2026 16:30,-754
2/8/2026 16:45,-385
2/8/2026 17:00,-269
2/8/2026 17:15,-124
2/8/2026 17:30,-32
2/8/2026 17:45,-5
2/8/2026 18:00,-3
2/8/2026 18:15,-2
2/8/2026 18:30,-2
2/8/2026 18:45,-2
2/8/2026 19:00,-2
2/8/2026 19:15,-2
2/8/2026 19:30,-2
2/8/2026 19:45,-2
2/8/2026 20:00,-2
2/8/2026 20:15,-1
2/8/2026 20:30,-1
2/8/2026 20:45,-1
2/8/2026 21:00,-2
2/8/2026 21:15,-1
2/8/2026 21:30,-1
2/8/2026 21:45,-1
2/8/2026 22:00,-1
2/8/2026 22:15,-1
2/8/2026 22:30,-1
2/8/2026 22:45,-1
2/8/2026 23:00,-1
2/8/2026 23:15,-1
2/8/2026 23:30,-1
2/8/2026 23:45,-1
2/9/2026 0:00,-1
2/9/2026 0:15,-1
2/9/2026 0:30,-1
2/9/2026 0:45,-1
2/9/2026 1:00,-1
2/9/2026 1:15,-1
2/9/2026 1:30,-1
2/9/2026 1:45,-1
2/9/2026 2:00,-1
2/9/2026 2:15,-1
2/9/2026 2:30,-1
2/9/2026 2:45,-1
2/9/2026 3:00,-1
2/9/2026 3:15,-1
2/9/2026 3:30,-1
2/9/2026 3:45,-1
2/9/2026 4:00,-1
2/9/2026 4:15,-1
2/9/2026 4:30,-1
2/9/2026 4:45,-1
2/9/2026 5:00,-1
2/9/2026 5:15,-1
2/9/2026 5:30,-1
2/9/2026 5:45,-1
2/9/2026 6:00,-1
2/9/2026 6:15,-1
2/9/2026 6:30,-1
2/9/2026 6:45,-1
2/9/2026 7:00,-1
2/9/2026 7:15,-8
2/9/2026 7:30,-128
2/9/2026 7:45,-329
2/9/2026 8:00,-585
2/9/2026 8:15,-837
2/9/2026 8:30,-1073
2/9/2026 8:45,-1264
2/9/2026 9:00,-1302
2/9/2026 9:15,-1298
2/9/2026 9:30,-1288
2/9/2026 9:45,-1299
2/9/2026 10:00,-1258
2/9/2026 10:15,-1275
2/9/2026 10:30,-1265
2/9/2026 10:45,-1249
2/9/2026 11:00,-1231
2/9/2026 11:15,-1216
2/9/2026 11:30,-1200
2/9/2026 11:45,-1195
2/9/2026 12:00,-1187
2/9/2026 12:15,-1304
2/9/2026 12:30,-1430
2/9/2026 12:45,-1445
2/9/2026 13:00,-1450
2/9/2026 13:15,-1466
2/9/2026 13:30,-1484
2/9/2026 13:45,-1501
2/9/2026 14:00,-1526
2/9/2026 14:15,-1546
2/9/2026 14:30,-1571
2/9/2026 14:45,-1586
2/9/2026 15:00,-1595
2/9/2026 15:15,-1601
2/9/2026 15:30,-1590
2/9/2026 15:45,-1566
2/9/2026 16:00,-1514
2/9/2026 16:15,-1249
2/9/2026 16:30,-809
2/9/2026 16:45,-489
2/9/2026 17:00,-295
2/9/2026 17:15,-138
2/9/2026 17:30,-36
2/9/2026 17:45,-3
2/9/2026 18:00,-2
2/9/2026 18:15,-2
2/9/2026 18:30,-3
2/9/2026 18:45,-2
2/9/2026 19:00,-3
2/9/2026 19:15,-2
2/9/2026 19:30,-2
2/9/2026 19:45,-1
2/9/2026 20:00,-1
2/9/2026 20:15,-2
2/9/2026 20:30,-1
2/9/2026 20:45,-1
2/9/2026 21:00,-1
2/9/2026 21:15,-1
2/9/2026 21:30,-1
2/9/2026 21:45,-1
2/9/2026 22:00,-1
2/9/2026 22:15,-1
2/9/2026 22:30,-1
2/9/2026 22:45,-1
2/9/2026 23:00,-2
2/9/2026 23:15,-1
2/9/2026 23:30,-1
2/9/2026 23:45,-1
2/10/2026 0:00,-1
2/10/2026 0:15,-2
2/10/2026 0:30,-1
2/10/2026 0:45,-1
2/10/2026 1:00,-1
2/10/2026 1:15,-1
2/10/2026 1:30,-1
2/10/2026 1:45,-2
2/10/2026 2:00,-2
2/10/2026 2:15,-2
2/10/2026 2:30,-1
2/10/2026 2:45,-1
2/10/2026 3:00,-1
2/10/2026 3:15,-2
2/10/2026 3:30,-2
2/10/2026 3:45,-1
2/10/2026 4:00,-1
2/10/2026 4:15,-1
2/10/2026 4:30,-1
2/10/2026 4:45,-1
2/10/2026 5:00,-1
2/10/2026 5:15,-1
2/10/2026 5:30,-1
2/10/2026 5:45,-1
2/10/2026 6:00,-2
2/10/2026 6:15,-2
2/10/2026 6:30,-2
2/10/2026 6:45,-1
2/10/2026 7:00,-1
2/10/2026 7:15,-12
2/10/2026 7:30,-59
2/10/2026 7:45,-393
2/10/2026 8:00,-723
2/10/2026 8:15,-1039
2/10/2026 8:30,-1310
2/10/2026 8:45,-1532
2/10/2026 9:00,-1547
2/10/2026 9:15,-1578
2/10/2026 9:30,-1577
2/10/2026 9:45,-1356
2/10/2026 10:00,-1401
2/10/2026 10:15,-1570
2/10/2026 10:30,-1529
2/10/2026 10:45,-635
2/10/2026 11:00,-1460
2/10/2026 11:15,-1442
2/10/2026 11:30,-1323
2/10/2026 11:45,-1324
2/10/2026 12:00,-942
2/10/2026 12:15,-1542
2/10/2026 12:30,-1538
2/10/2026 12:45,-1288
2/10/2026 13:00,-1546
2/10/2026 13:15,-932
2/10/2026 13:30,-1336
2/10/2026 13:45,-1425
2/10/2026 14:00,-602
2/10/2026 14:15,-512
2/10/2026 14:30,-416
2/10/2026 14:45,-307
2/10/2026 15:00,-200
2/10/2026 15:15,-222
2/10/2026 15:30,-246
2/10/2026 15:45,-524
2/10/2026 16:00,-463
2/10/2026 16:15,-456
2/10/2026 16:30,-261
2/10/2026 16:45,-144
2/10/2026 17:00,-125
2/10/2026 17:15,-76
2/10/2026 17:30,-23
2/10/2026 17:45,-2
2/10/2026 18:00,-2
2/10/2026 18:15,-2
2/10/2026 18:30,-2
2/10/2026 18:45,-2
2/10/2026 19:00,-2
2/10/2026 19:15,-2
2/10/2026 19:30,-2
2/10/2026 19:45,-2
2/10/2026 20:00,-2
2/10/2026 20:15,-2
2/10/2026 20:30,-2
2/10/2026 20:45,-1
2/10/2026 21:00,-1
2/10/2026 21:15,-2
2/10/2026 21:30,-1
2/10/2026 21:45,-1
2/10/2026 22:00,-2
2/10/2026 22:15,-2
2/10/2026 22:30,-2
2/10/2026 22:45,-2
2/10/2026 23:00,-2
2/10/2026 23:15,-2
2/10/2026 23:30,-2
2/10/2026 23:45,-2
2/11/2026 0:00,-1
2/11/2026 0:15,-2
2/11/2026 0:30,-2
2/11/2026 0:45,-2
2/11/2026 1:00,-2
2/11/2026 1:15,-2
2/11/2026 1:30,-2
2/11/2026 1:45,-2
2/11/2026 2:00,-2
2/11/2026 2:15,-2
2/11/2026 2:30,-2
2/11/2026 2:45,-2
2/11/2026 3:00,-2
2/11/2026 3:15,-2
2/11/2026 3:30,-2
2/11/2026 3:45,-2
2/11/2026 4:00,-2
2/11/2026 4:15,-2
2/11/2026 4:30,-2
2/11/2026 4:45,-2
2/11/2026 5:00,-2
2/11/2026 5:15,-2
2/11/2026 5:30,-2
2/11/2026 5:45,-2
2/11/2026 6:00,-2
2/11/2026 6:15,-2
2/11/2026 6:30,-2
2/11/2026 6:45,-2
2/11/2026 7:00,-2
2/11/2026 7:15,-2
2/11/2026 7:30,-4
2/11/2026 7:45,-56
2/11/2026 8:00,-128
2/11/2026 8:15,-162
2/11/2026 8:30,-144
2/11/2026 8:45,-148
2/11/2026 9:00,-167
2/11/2026 9:15,-203
2/11/2026 9:30,-272
2/11/2026 9:45,-289
2/11/2026 10:00,-316
2/11/2026 10:15,-264
2/11/2026 10:30,-391
2/11/2026 10:45,-352
2/11/2026 11:00,-430
2/11/2026 11:15,-515
2/11/2026 11:30,-608
2/11/2026 11:45,-652
2/11/2026 12:00,-778
2/11/2026 12:15,-861
2/11/2026 12:30,-733
2/11/2026 12:45,-597
2/11/2026 13:00,-573
2/11/2026 13:15,-526
2/11/2026 13:30,-558
2/11/2026 13:45,-496
2/11/2026 14:00,-504
2/11/2026 14:15,-479
2/11/2026 14:30,-519
2/11/2026 14:45,-381
2/11/2026 15:00,-329
2/11/2026 15:15,-362
2/11/2026 15:30,-264
2/11/2026 15:45,-228
2/11/2026 16:00,-177
2/11/2026 16:15,-174
2/11/2026 16:30,-223
2/11/2026 16:45,-147
2/11/2026 17:00,-71
2/11/2026 17:15,-47
2/11/2026 17:30,-16
2/11/2026 17:45,-2
2/11/2026 18:00,-2
